ID_Ticket,Fecha_Apertura,Fecha_Cierre,Pais,Plataforma,Canal_Atencion,Categoria_Problema,Prioridad,Tiempo_Resolucion_Horas,CSAT_Satisfaccion
TCK-2024-00001,2026-09-01 18:05:02,2026-09-01 20:21:02,Chile,Android,ChatBot Web,Error de Autenticación / Login,Media,2.27,5
TCK-2024-00002,2026-08-29 06:16:18,2026-08-29 17:02:41,Argentina,Android,ChatBot Web,Error de Autenticación / Login,Media,10.77,3
TCK-2024-00003,2026-08-28 06:54:07,2026-09-01 07:09:27,México,Android,Redes Sociales,Falla en Reproducción / Error System,Baja,96.26,1
TCK-2024-00004,2026-08-27 11:09:57,2026-08-31 21:45:31,Chile,iOS,Formulario App,Falla en Reproducción / Error System,Baja,106.59,1
TCK-2024-00005,2026-08-27 10:52:04,2026-08-27 21:46:43,Argentina,Android,Email Soporte,Falla en Reproducción / Error System,Alta,10.91,3
TCK-2024-00006,2026-08-27 00:19:15,2026-08-29 00:02:05,México,iOS,ChatBot Web,Interfaz No Responsiva / UX,Baja,47.71,1
TCK-2024-00007,2026-08-22 20:22:44,2026-08-23 01:50:47,Chile,Smart TV,Formulario App,Error de Autenticación / Login,Baja,5.47,4
TCK-2024-00008,2026-09-01 18:05:02,2026-09-01 20:21:02,México,Smart TV,Email Soporte,Error de Autenticación / Login,Baja,2.27,4
TCK-2024-00009,2026-08-29 06:16:18,2026-08-29 17:02:41,Colombia,Smart TV,Redes Sociales,Error de Autenticación / Login,Alta,10.77,3
TCK-2024-00010,2026-08-28 06:54:07,2026-09-01 07:09:27,Perú,Web Browser,Redes Sociales,Falla en Reproducción / Error System,Media,96.26,3
TCK-2024-00011,2026-08-27 11:09:57,2026-08-31 21:45:31,Chile,Android,Formulario App,Falla en Reproducción / Error System,Media,106.59,1
TCK-2024-00012,2026-08-27 10:52:04,2026-08-27 21:46:43,Argentina,Web Browser,ChatBot Web,Falla en Reproducción / Error System,Crítica,10.91,3
TCK-2024-00013,2026-08-27 00:19:15,2026-08-29 00:02:05,Chile,iOS,Email Soporte,Interfaz No Responsiva / UX,Crítica,47.71,1
TCK-2024-00014,2026-08-22 20:22:44,2026-08-23 01:50:47,México,Smart TV,Redes Sociales,Error de Autenticación / Login,Alta,5.47,3
TCK-2024-00015,2026-09-01 18:05:02,2026-09-01 20:21:02,Chile,Web Browser,ChatBot Web,Error de Autenticación / Login,Media,2.27,5
TCK-2024-00016,2026-08-29 06:16:18,2026-08-29 17:02:41,Argentina,Android,ChatBot Web,Error de Autenticación / Login,Crítica,10.77,4
TCK-2024-00017,2026-08-28 06:54:07,2026-09-01 07:09:27,Colombia,Smart TV,Email Soporte,Falla en Reproducción / Error System,Media,96.26,2
TCK-2024-00018,2026-08-27 11:09:57,2026-08-31 21:45:31,Argentina,Android,Formulario App,Falla en Reproducción / Error System,Alta,106.59,1
TCK-2024-00019,2026-08-27 10:52:04,2026-08-27 21:46:43,Colombia,Android,ChatBot Web,Falla en Reproducción / Error System,Baja,10.91,3
TCK-2024-00020,2026-08-27 00:19:15,2026-08-29 00:02:05,México,Web Browser,Formulario App,Interfaz No Responsiva / UX,Baja,47.71,1
TCK-2024-00021,2026-08-22 20:22:44,2026-08-23 01:50:47,Chile,Web Browser,ChatBot Web,Error de Autenticación / Login,Alta,5.47,4
TCK-2024-00022,2026-09-01 18:05:02,2026-09-01 20:21:02,Chile,Smart TV,Email Soporte,Error de Autenticación / Login,Media,2.27,5
TCK-2024-00023,2026-08-29 06:16:18,2026-08-29 17:02:41,Chile,Web Browser,Formulario App,Error de Autenticación / Login,Baja,10.77,4
TCK-2024-00024,2026-08-28 06:54:07,2026-09-01 07:09:27,Colombia,iOS,Formulario App,Falla en Reproducción / Error System,Media,96.26,1
TCK-2024-00025,2026-08-27 11:09:57,2026-08-31 21:45:31,Chile,Web Browser,ChatBot Web,Falla en Reproducción / Error System,Baja,106.59,1
TCK-2024-00026,2026-08-27 10:52:04,2026-08-27 21:46:43,México,Android,Redes Sociales,Falla en Reproducción / Error System,Media,10.91,3
TCK-2024-00027,2026-08-27 00:19:15,2026-08-29 00:02:05,Chile,Web Browser,ChatBot Web,Interfaz No Responsiva / UX,Media,47.71,1
TCK-2024-00028,2026-08-22 20:22:44,2026-08-23 01:50:47,Chile,Smart TV,Email Soporte,Error de Autenticación / Login,Media,5.47,3
TCK-2024-00029,2026-09-01 18:05:02,2026-09-01 20:21:02,Argentina,iOS,Redes Sociales,Error de Autenticación / Login,Alta,2.27,5
TCK-2024-00030,2026-08-29 06:16:18,2026-08-29 17:02:41,Colombia,iOS,Formulario App,Error de Autenticación / Login,Media,10.77,2
TCK-2024-00031,2026-08-28 06:54:07,2026-09-01 07:09:27,México,iOS,Redes Sociales,Falla en Reproducción / Error System,Media,96.26,2
TCK-2024-00032,2026-08-27 11:09:57,2026-08-31 21:45:31,Colombia,Web Browser,Formulario App,Falla en Reproducción / Error System,Media,106.59,3
TCK-2024-00033,2026-08-27 10:52:04,2026-08-27 21:46:43,Argentina,iOS,Email Soporte,Falla en Reproducción / Error System,Alta,10.91,2
TCK-2024-00034,2026-08-27 00:19:15,2026-08-29 00:02:05,Argentina,Web Browser,Redes Sociales,Interfaz No Responsiva / UX,Baja,47.71,1
TCK-2024-00035,2026-08-22 20:22:44,2026-08-23 01:50:47,Chile,iOS,ChatBot Web,Error de Autenticación / Login,Media,5.47,2
TCK-2024-00036,2026-09-01 18:05:02,2026-09-01 20:21:02,Argentina,Smart TV,Email Soporte,Error de Autenticación / Login,Media,2.27,5
TCK-2024-00037,2026-08-29 06:16:18,2026-08-29 17:02:41,Colombia,Smart TV,ChatBot Web,Error de Autenticación / Login,Media,10.77,3
TCK-2024-00038,2026-08-28 06:54:07,2026-09-01 07:09:27,Argentina,Smart TV,Email Soporte,Falla en Reproducción / Error System,Baja,96.26,2
TCK-2024-00039,2026-08-27 11:09:57,2026-08-31 21:45:31,Chile,Web Browser,ChatBot Web,Falla en Reproducción / Error System,Media,106.59,1
TCK-2024-00040,2026-08-27 10:52:04,2026-08-27 21:46:43,Argentina,iOS,Formulario App,Falla en Reproducción / Error System,Baja,10.91,3
TCK-2024-00041,2026-08-27 00:19:15,2026-08-29 00:02:05,México,Android,ChatBot Web,Interfaz No Responsiva / UX,Alta,47.71,1
TCK-2024-00042,2026-08-22 20:22:44,2026-08-23 01:50:47,Chile,Smart TV,Redes Sociales,Error de Autenticación / Login,Baja,5.47,3
TCK-2024-00043,2026-09-01 18:05:02,2026-09-01 20:21:02,Chile,Web Browser,Email Soporte,Error de Autenticación / Login,Baja,2.27,4
TCK-2024-00044,2026-08-29 06:16:18,2026-08-29 17:02:41,Chile,Smart TV,Email Soporte,Error de Autenticación / Login,Alta,10.77,3
TCK-2024-00045,2026-08-28 06:54:07,2026-09-01 07:09:27,Chile,Android,ChatBot Web,Falla en Reproducción / Error System,Media,96.26,2
TCK-2024-00046,2026-08-27 11:09:57,2026-08-31 21:45:31,Chile,Smart TV,ChatBot Web,Falla en Reproducción / Error System,Baja,106.59,1
TCK-2024-00047,2026-08-27 10:52:04,2026-08-27 21:46:43,Colombia,Smart TV,Email Soporte,Falla en Reproducción / Error System,Baja,10.91,4
TCK-2024-00048,2026-08-27 00:19:15,2026-08-29 00:02:05,Perú,iOS,Formulario App,Interfaz No Responsiva / UX,Alta,47.71,2
TCK-2024-00049,2026-08-22 20:22:44,2026-08-23 01:50:47,México,iOS,Formulario App,Error de Autenticación / Login,Baja,5.47,3
TCK-2024-00050,2026-09-01 18:05:02,2026-09-01 20:21:02,Chile,Web Browser,Formulario App,Error de Autenticación / Login,Media,2.27,5
TCK-2024-00051,2026-08-29 06:16:18,2026-08-29 17:02:41,Chile,Smart TV,Redes Sociales,Error de Autenticación / Login,Baja,10.77,2
TCK-2024-00052,2026-08-28 06:54:07,2026-09-01 07:09:27,México,Web Browser,ChatBot Web,Falla en Reproducción / Error System,Media,96.26,2
TCK-2024-00053,2026-08-27 11:09:57,2026-08-31 21:45:31,Chile,Web Browser,Redes Sociales,Falla en Reproducción / Error System,Baja,106.59,1
TCK-2024-00054,2026-08-27 10:52:04,2026-08-27 21:46:43,Argentina,Android,Redes Sociales,Falla en Reproducción / Error System,Baja,10.91,4
TCK-2024-00055,2026-08-27 00:19:15,2026-08-29 00:02:05,Chile,Android,Redes Sociales,Interfaz No Responsiva / UX,Baja,47.71,3
TCK-2024-00056,2026-08-22 20:22:44,2026-08-23 01:50:47,Colombia,iOS,Redes Sociales,Error de Autenticación / Login,Baja,5.47,3
TCK-2024-00057,2026-09-01 18:05:02,2026-09-01 20:21:02,México,Android,ChatBot Web,Error de Autenticación / Login,Baja,2.27,5
TCK-2024-00058,2026-08-29 06:16:18,2026-08-29 17:02:41,Argentina,Smart TV,Redes Sociales,Error de Autenticación / Login,Media,10.77,2
TCK-2024-00059,2026-08-28 06:54:07,2026-09-01 07:09:27,Argentina,Smart TV,Redes Sociales,Falla en Reproducción / Error System,Baja,96.26,2
TCK-2024-00060,2026-08-27 11:09:57,2026-08-31 21:45:31,Colombia,iOS,Redes Sociales,Falla en Reproducción / Error System,Alta,106.59,3
TCK-2024-00061,2026-08-27 10:52:04,2026-08-27 21:46:43,Colombia,Smart TV,ChatBot Web,Falla en Reproducción / Error System,Media,10.91,3
TCK-2024-00062,2026-08-27 00:19:15,2026-08-29 00:02:05,Colombia,Smart TV,ChatBot Web,Interfaz No Responsiva / UX,Baja,47.71,1
TCK-2024-00063,2026-08-22 20:22:44,2026-08-23 01:50:47,Colombia,Android,Formulario App,Error de Autenticación / Login,Media,5.47,2
TCK-2024-00064,2026-09-01 18:05:02,2026-09-01 20:21:02,Chile,Web Browser,Redes Sociales,Error de Autenticación / Login,Baja,2.27,5
TCK-2024-00065,2026-08-29 06:16:18,2026-08-29 17:02:41,México,Web Browser,ChatBot Web,Error de Autenticación / Login,Media,10.77,3
TCK-2024-00066,2026-08-28 06:54:07,2026-09-01 07:09:27,Colombia,iOS,Email Soporte,Falla en Reproducción / Error System,Media,96.26,1
TCK-2024-00067,2026-08-27 11:09:57,2026-08-31 21:45:31,Chile,Web Browser,Formulario App,Falla en Reproducción / Error System,Alta,106.59,3
TCK-2024-00068,2026-08-27 10:52:04,2026-08-27 21:46:43,México,iOS,Formulario App,Falla en Reproducción / Error System,Media,10.91,3
TCK-2024-00069,2026-08-27 00:19:15,2026-08-29 00:02:05,Chile,Web Browser,Email Soporte,Interfaz No Responsiva / UX,Crítica,47.71,2
TCK-2024-00070,2026-08-22 20:22:44,2026-08-23 01:50:47,Chile,Web Browser,Formulario App,Error de Autenticación / Login,Crítica,5.47,4
TCK-2024-00071,2026-09-01 18:05:02,2026-09-01 20:21:02,Argentina,Android,Email Soporte,Error de Autenticación / Login,Alta,2.27,4
TCK-2024-00072,2026-08-29 06:16:18,2026-08-29 17:02:41,Argentina,Smart TV,Redes Sociales,Error de Autenticación / Login,Media,10.77,4
TCK-2024-00073,2026-08-28 06:54:07,2026-09-01 07:09:27,Argentina,Smart TV,Formulario App,Falla en Reproducción / Error System,Baja,96.26,1
TCK-2024-00074,2026-08-27 11:09:57,2026-08-31 21:45:31,Argentina,Web Browser,Email Soporte,Falla en Reproducción / Error System,Baja,106.59,2
TCK-2024-00075,2026-08-27 10:52:04,2026-08-27 21:46:43,Chile,Web Browser,Formulario App,Falla en Reproducción / Error System,Media,10.91,4
TCK-2024-00076,2026-08-27 00:19:15,2026-08-29 00:02:05,Perú,Android,Formulario App,Interfaz No Responsiva / UX,Baja,47.71,2
TCK-2024-00077,2026-08-22 20:22:44,2026-08-23 01:50:47,Chile,Android,ChatBot Web,Error de Autenticación / Login,Alta,5.47,3
TCK-2024-00078,2026-09-01 18:05:02,2026-09-01 20:21:02,Chile,Smart TV,Formulario App,Error de Autenticación / Login,Media,2.27,4
TCK-2024-00079,2026-08-29 06:16:18,2026-08-29 17:02:41,Perú,Android,Formulario App,Error de Autenticación / Login,Alta,10.77,3
TCK-2024-00080,2026-08-28 06:54:07,2026-09-01 07:09:27,Perú,iOS,Formulario App,Falla en Reproducción / Error System,Baja,96.26,1
TCK-2024-00081,2026-08-27 11:09:57,2026-08-31 21:45:31,Chile,Smart TV,Formulario App,Falla en Reproducción / Error System,Baja,106.59,1
TCK-2024-00082,2026-08-27 10:52:04,2026-08-27 21:46:43,México,Android,Formulario App,Falla en Reproducción / Error System,Baja,10.91,4
TCK-2024-00083,2026-08-27 00:19:15,2026-08-29 00:02:05,Perú,Web Browser,Email Soporte,Interfaz No Responsiva / UX,Crítica,47.71,1
TCK-2024-00084,2026-08-22 20:22:44,2026-08-23 01:50:47,México,iOS,Redes Sociales,Error de Autenticación / Login,Crítica,5.47,4
TCK-2024-00085,2026-09-01 18:05:02,2026-09-01 20:21:02,Chile,Smart TV,Formulario App,Error de Autenticación / Login,Media,2.27,4
TCK-2024-00086,2026-08-29 06:16:18,2026-08-29 17:02:41,Chile,iOS,Email Soporte,Error de Autenticación / Login,Media,10.77,4
TCK-2024-00087,2026-08-28 06:54:07,2026-09-01 07:09:27,Chile,Web Browser,Formulario App,Falla en Reproducción / Error System,Baja,96.26,1
TCK-2024-00088,2026-08-27 11:09:57,2026-08-31 21:45:31,Perú,iOS,Redes Sociales,Falla en Reproducción / Error System,Baja,106.59,2
TCK-2024-00089,2026-08-27 10:52:04,2026-08-27 21:46:43,México,iOS,ChatBot Web,Falla en Reproducción / Error System,Baja,10.91,4
TCK-2024-00090,2026-08-27 00:19:15,2026-08-29 00:02:05,Chile,Web Browser,Formulario App,Interfaz No Responsiva / UX,Baja,47.71,1
TCK-2024-00091,2026-08-22 20:22:44,2026-08-23 01:50:47,Colombia,Web Browser,Formulario App,Error de Autenticación / Login,Baja,5.47,3
TCK-2024-00092,2026-09-01 18:05:02,2026-09-01 20:21:02,México,iOS,Redes Sociales,Error de Autenticación / Login,Media,2.27,5
TCK-2024-00093,2026-08-29 06:16:18,2026-08-29 17:02:41,Perú,Web Browser,ChatBot Web,Error de Autenticación / Login,Media,10.77,3
TCK-2024-00094,2026-08-28 06:54:07,2026-09-01 07:09:27,Chile,Android,ChatBot Web,Falla en Reproducción / Error System,Media,96.26,1
TCK-2024-00095,2026-08-27 11:09:57,2026-08-31 21:45:31,Colombia,Web Browser,Email Soporte,Falla en Reproducción / Error System,Baja,106.59,2
TCK-2024-00096,2026-08-27 10:52:04,2026-08-27 21:46:43,México,Smart TV,ChatBot Web,Falla en Reproducción / Error System,Media,10.91,4
TCK-2024-00097,2026-08-27 00:19:15,2026-08-29 00:02:05,México,Android,Email Soporte,Interfaz No Responsiva / UX,Alta,47.71,2
TCK-2024-00098,2026-08-22 20:22:44,2026-08-23 01:50:47,Colombia,iOS,ChatBot Web,Error de Autenticación / Login,Baja,5.47,3
TCK-2024-00099,2026-09-01 18:05:02,2026-09-01 20:21:02,México,iOS,Formulario App,Error de Autenticación / Login,Media,2.27,4
TCK-2024-00100,2026-08-29 06:16:18,2026-08-29 17:02:41,Chile,iOS,ChatBot Web,Error de Autenticación / Login,Media,10.77,3
TCK-2024-00101,2026-08-28 06:54:07,2026-09-01 07:09:27,México,iOS,Redes Sociales,Falla en Reproducción / Error System,Crítica,96.26,1
TCK-2024-00102,2026-08-27 11:09:57,2026-08-31 21:45:31,Chile,Android,Redes Sociales,Falla en Reproducción / Error System,Media,106.59,3
TCK-2024-00103,2026-08-27 10:52:04,2026-08-27 21:46:43,México,iOS,Email Soporte,Falla en Reproducción / Error System,Alta,10.91,3
TCK-2024-00104,2026-08-27 00:19:15,2026-08-29 00:02:05,Argentina,Smart TV,ChatBot Web,Interfaz No Responsiva / UX,Alta,47.71,2
TCK-2024-00105,2026-08-22 20:22:44,2026-08-23 01:50:47,Chile,Smart TV,Formulario App,Error de Autenticación / Login,Alta,5.47,3
TCK-2024-00106,2026-09-01 18:05:02,2026-09-01 20:21:02,Colombia,Android,Redes Sociales,Error de Autenticación / Login,Alta,2.27,5
TCK-2024-00107,2026-08-29 06:16:18,2026-08-29 17:02:41,Colombia,Smart TV,Formulario App,Error de Autenticación / Login,Baja,10.77,2
TCK-2024-00108,2026-08-28 06:54:07,2026-09-01 07:09:27,Colombia,Android,ChatBot Web,Falla en Reproducción / Error System,Media,96.26,1
TCK-2024-00109,2026-08-27 11:09:57,2026-08-31 21:45:31,Colombia,Web Browser,Formulario App,Falla en Reproducción / Error System,Alta,106.59,2
TCK-2024-00110,2026-08-27 10:52:04,2026-08-27 21:46:43,Argentina,Smart TV,Email Soporte,Falla en Reproducción / Error System,Baja,10.91,4
TCK-2024-00111,2026-08-27 00:19:15,2026-08-29 00:02:05,México,Web Browser,Formulario App,Interfaz No Responsiva / UX,Crítica,47.71,1
TCK-2024-00112,2026-08-22 20:22:44,2026-08-23 01:50:47,Colombia,iOS,Redes Sociales,Error de Autenticación / Login,Media,5.47,4
TCK-2024-00113,2026-09-01 18:05:02,2026-09-01 20:21:02,Argentina,Android,Redes Sociales,Error de Autenticación / Login,Media,2.27,5
TCK-2024-00114,2026-08-29 06:16:18,2026-08-29 17:02:41,Perú,Android,Email Soporte,Error de Autenticación / Login,Baja,10.77,4
TCK-2024-00115,2026-08-28 06:54:07,2026-09-01 07:09:27,México,Web Browser,Email Soporte,Falla en Reproducción / Error System,Media,96.26,2
TCK-2024-00116,2026-08-27 11:09:57,2026-08-31 21:45:31,Chile,Web Browser,ChatBot Web,Falla en Reproducción / Error System,Media,106.59,1
TCK-2024-00117,2026-08-27 10:52:04,2026-08-27 21:46:43,Argentina,Web Browser,Email Soporte,Falla en Reproducción / Error System,Media,10.91,4
TCK-2024-00118,2026-08-27 00:19:15,2026-08-29 00:02:05,Chile,Android,Formulario App,Interfaz No Responsiva / UX,Media,47.71,1
TCK-2024-00119,2026-08-22 20:22:44,2026-08-23 01:50:47,México,iOS,Formulario App,Error de Autenticación / Login,Baja,5.47,3
TCK-2024-00120,2026-09-01 18:05:02,2026-09-01 20:21:02,Colombia,Smart TV,Email Soporte,Error de Autenticación / Login,Media,2.27,5
TCK-2024-00121,2026-08-29 06:16:18,2026-08-29 17:02:41,Colombia,Android,ChatBot Web,Error de Autenticación / Login,Media,10.77,3
TCK-2024-00122,2026-08-28 06:54:07,2026-09-01 07:09:27,Colombia,Android,Formulario App,Falla en Reproducción / Error System,Baja,96.26,1
TCK-2024-00123,2026-08-27 11:09:57,2026-08-31 21:45:31,Chile,Smart TV,Email Soporte,Falla en Reproducción / Error System,Media,106.59,2
TCK-2024-00124,2026-08-27 10:52:04,2026-08-27 21:46:43,México,Web Browser,ChatBot Web,Falla en Reproducción / Error System,Alta,10.91,3
TCK-2024-00125,2026-08-27 00:19:15,2026-08-29 00:02:05,México,Web Browser,Redes Sociales,Interfaz No Responsiva / UX,Alta,47.71,1
TCK-2024-00126,2026-08-22 20:22:44,2026-08-23 01:50:47,México,Smart TV,Email Soporte,Error de Autenticación / Login,Media,5.47,3
TCK-2024-00127,2026-09-01 18:05:02,2026-09-01 20:21:02,Chile,Android,ChatBot Web,Error de Autenticación / Login,Media,2.27,5
TCK-2024-00128,2026-08-29 06:16:18,2026-08-29 17:02:41,Chile,iOS,ChatBot Web,Error de Autenticación / Login,Baja,10.77,4
TCK-2024-00129,2026-08-28 06:54:07,2026-09-01 07:09:27,Argentina,iOS,Formulario App,Falla en Reproducción / Error System,Baja,96.26,1
TCK-2024-00130,2026-08-27 11:09:57,2026-08-31 21:45:31,México,Smart TV,Email Soporte,Falla en Reproducción / Error System,Alta,106.59,3
TCK-2024-00131,2026-08-27 10:52:04,2026-08-27 21:46:43,Chile,iOS,ChatBot Web,Falla en Reproducción / Error System,Media,10.91,3
TCK-2024-00132,2026-08-27 00:19:15,2026-08-29 00:02:05,Argentina,Smart TV,Formulario App,Interfaz No Responsiva / UX,Alta,47.71,1
TCK-2024-00133,2026-08-22 20:22:44,2026-08-23 01:50:47,Perú,Smart TV,Email Soporte,Error de Autenticación / Login,Alta,5.47,3
TCK-2024-00134,2026-09-01 18:05:02,2026-09-01 20:21:02,Perú,Web Browser,Formulario App,Error de Autenticación / Login,Crítica,2.27,5
TCK-2024-00135,2026-08-29 06:16:18,2026-08-29 17:02:41,Colombia,iOS,Redes Sociales,Error de Autenticación / Login,Alta,10.77,4
TCK-2024-00136,2026-08-28 06:54:07,2026-09-01 07:09:27,Argentina,Web Browser,Formulario App,Falla en Reproducción / Error System,Alta,96.26,1
TCK-2024-00137,2026-08-27 11:09:57,2026-08-31 21:45:31,Colombia,Smart TV,Redes Sociales,Falla en Reproducción / Error System,Media,106.59,1
TCK-2024-00138,2026-08-27 10:52:04,2026-08-27 21:46:43,Chile,Smart TV,Formulario App,Falla en Reproducción / Error System,Baja,10.91,4
TCK-2024-00139,2026-08-27 00:19:15,2026-08-29 00:02:05,Chile,Smart TV,Formulario App,Interfaz No Responsiva / UX,Alta,47.71,1
TCK-2024-00140,2026-08-22 20:22:44,2026-08-23 01:50:47,Chile,Android,ChatBot Web,Error de Autenticación / Login,Baja,5.47,3
TCK-2024-00141,2026-09-01 18:05:02,2026-09-01 20:21:02,Colombia,Android,ChatBot Web,Error de Autenticación / Login,Baja,2.27,5
TCK-2024-00142,2026-08-29 06:16:18,2026-08-29 17:02:41,Chile,Web Browser,Formulario App,Error de Autenticación / Login,Alta,10.77,3
TCK-2024-00143,2026-08-28 06:54:07,2026-09-01 07:09:27,Chile,iOS,Email Soporte,Falla en Reproducción / Error System,Crítica,96.26,3
TCK-2024-00144,2026-08-27 11:09:57,2026-08-31 21:45:31,Chile,iOS,Email Soporte,Falla en Reproducción / Error System,Baja,106.59,1
TCK-2024-00145,2026-08-27 10:52:04,2026-08-27 21:46:43,Perú,iOS,Redes Sociales,Falla en Reproducción / Error System,Baja,10.91,3
TCK-2024-00146,2026-08-27 00:19:15,2026-08-29 00:02:05,Chile,iOS,Formulario App,Interfaz No Responsiva / UX,Media,47.71,1
TCK-2024-00147,2026-08-22 20:22:44,2026-08-23 01:50:47,Colombia,iOS,Formulario App,Error de Autenticación / Login,Media,5.47,3
TCK-2024-00148,2026-09-01 18:05:02,2026-09-01 20:21:02,Perú,Web Browser,Formulario App,Error de Autenticación / Login,Alta,2.27,5
TCK-2024-00149,2026-08-29 06:16:18,2026-08-29 17:02:41,Colombia,Web Browser,Formulario App,Error de Autenticación / Login,Baja,10.77,3
TCK-2024-00150,2026-08-28 06:54:07,2026-09-01 07:09:27,Colombia,Android,Formulario App,Falla en Reproducción / Error System,Baja,96.26,3
TCK-2024-00151,2026-08-27 11:09:57,2026-08-31 21:45:31,Perú,Smart TV,Redes Sociales,Falla en Reproducción / Error System,Alta,106.59,2
TCK-2024-00152,2026-08-27 10:52:04,2026-08-27 21:46:43,Chile,Android,ChatBot Web,Falla en Reproducción / Error System,Baja,10.91,3
TCK-2024-00153,2026-08-27 00:19:15,2026-08-29 00:02:05,México,Smart TV,Email Soporte,Interfaz No Responsiva / UX,Crítica,47.71,1
TCK-2024-00154,2026-08-22 20:22:44,2026-08-23 01:50:47,Chile,Web Browser,Email Soporte,Error de Autenticación / Login,Alta,5.47,4
TCK-2024-00155,2026-09-01 18:05:02,2026-09-01 20:21:02,Perú,Android,ChatBot Web,Error de Autenticación / Login,Media,2.27,4
TCK-2024-00156,2026-08-29 06:16:18,2026-08-29 17:02:41,Perú,Android,Redes Sociales,Error de Autenticación / Login,Alta,10.77,3
TCK-2024-00157,2026-08-28 06:54:07,2026-09-01 07:09:27,Perú,Smart TV,Redes Sociales,Falla en Reproducción / Error System,Alta,96.26,1
TCK-2024-00158,2026-08-27 11:09:57,2026-08-31 21:45:31,Argentina,iOS,Redes Sociales,Falla en Reproducción / Error System,Alta,106.59,2
TCK-2024-00159,2026-08-27 10:52:04,2026-08-27 21:46:43,México,Android,ChatBot Web,Falla en Reproducción / Error System,Alta,10.91,4
TCK-2024-00160,2026-08-27 00:19:15,2026-08-29 00:02:05,Chile,Smart TV,Formulario App,Interfaz No Responsiva / UX,Baja,47.71,3
TCK-2024-00161,2026-08-22 20:22:44,2026-08-23 01:50:47,Chile,iOS,ChatBot Web,Error de Autenticación / Login,Alta,5.47,2
TCK-2024-00162,2026-09-01 18:05:02,2026-09-01 20:21:02,Chile,Smart TV,Email Soporte,Error de Autenticación / Login,Crítica,2.27,5
TCK-2024-00163,2026-08-29 06:16:18,2026-08-29 17:02:41,Argentina,iOS,Formulario App,Error de Autenticación / Login,Media,10.77,3
TCK-2024-00164,2026-08-28 06:54:07,2026-09-01 07:09:27,México,Smart TV,ChatBot Web,Falla en Reproducción / Error System,Media,96.26,2
TCK-2024-00165,2026-08-27 11:09:57,2026-08-31 21:45:31,Perú,iOS,Email Soporte,Falla en Reproducción / Error System,Alta,106.59,1
TCK-2024-00166,2026-08-27 10:52:04,2026-08-27 21:46:43,Chile,Smart TV,Email Soporte,Falla en Reproducción / Error System,Alta,10.91,2
TCK-2024-00167,2026-08-27 00:19:15,2026-08-29 00:02:05,México,Android,Formulario App,Interfaz No Responsiva / UX,Baja,47.71,1
TCK-2024-00168,2026-08-22 20:22:44,2026-08-23 01:50:47,Chile,Android,Formulario App,Error de Autenticación / Login,Crítica,5.47,3
TCK-2024-00169,2026-09-01 18:05:02,2026-09-01 20:21:02,México,Web Browser,ChatBot Web,Error de Autenticación / Login,Alta,2.27,5
TCK-2024-00170,2026-08-29 06:16:18,2026-08-29 17:02:41,Argentina,iOS,Formulario App,Error de Autenticación / Login,Media,10.77,2
TCK-2024-00171,2026-08-28 06:54:07,2026-09-01 07:09:27,Chile,iOS,ChatBot Web,Falla en Reproducción / Error System,Alta,96.26,3
TCK-2024-00172,2026-08-27 11:09:57,2026-08-31 21:45:31,Colombia,Smart TV,Redes Sociales,Falla en Reproducción / Error System,Baja,106.59,3
TCK-2024-00173,2026-08-27 10:52:04,2026-08-27 21:46:43,México,Smart TV,Email Soporte,Falla en Reproducción / Error System,Baja,10.91,2
TCK-2024-00174,2026-08-27 00:19:15,2026-08-29 00:02:05,Chile,Web Browser,Formulario App,Interfaz No Responsiva / UX,Media,47.71,2
TCK-2024-00175,2026-08-22 20:22:44,2026-08-23 01:50:47,Chile,iOS,ChatBot Web,Error de Autenticación / Login,Media,5.47,4
TCK-2024-00176,2026-09-01 18:05:02,2026-09-01 20:21:02,México,Android,Email Soporte,Error de Autenticación / Login,Alta,2.27,5
TCK-2024-00177,2026-08-29 06:16:18,2026-08-29 17:02:41,México,Android,Formulario App,Error de Autenticación / Login,Baja,10.77,4
TCK-2024-00178,2026-08-28 06:54:07,2026-09-01 07:09:27,Colombia,Android,Redes Sociales,Falla en Reproducción / Error System,Media,96.26,2
TCK-2024-00179,2026-08-27 11:09:57,2026-08-31 21:45:31,México,iOS,Formulario App,Falla en Reproducción / Error System,Media,106.59,3
TCK-2024-00180,2026-08-27 10:52:04,2026-08-27 21:46:43,Chile,iOS,Email Soporte,Falla en Reproducción / Error System,Baja,10.91,2
TCK-2024-00181,2026-08-27 00:19:15,2026-08-29 00:02:05,Chile,Android,ChatBot Web,Interfaz No Responsiva / UX,Crítica,47.71,2
TCK-2024-00182,2026-08-22 20:22:44,2026-08-23 01:50:47,Chile,Web Browser,Redes Sociales,Error de Autenticación / Login,Crítica,5.47,3
TCK-2024-00183,2026-09-01 18:05:02,2026-09-01 20:21:02,Chile,Web Browser,ChatBot Web,Error de Autenticación / Login,Baja,2.27,5
TCK-2024-00184,2026-08-29 06:16:18,2026-08-29 17:02:41,Perú,iOS,Email Soporte,Error de Autenticación / Login,Baja,10.77,2
TCK-2024-00185,2026-08-28 06:54:07,2026-09-01 07:09:27,México,iOS,Redes Sociales,Falla en Reproducción / Error System,Media,96.26,1
TCK-2024-00186,2026-08-27 11:09:57,2026-08-31 21:45:31,Chile,Web Browser,ChatBot Web,Falla en Reproducción / Error System,Media,106.59,1
TCK-2024-00187,2026-08-27 10:52:04,2026-08-27 21:46:43,Chile,Web Browser,Formulario App,Falla en Reproducción / Error System,Crítica,10.91,4
TCK-2024-00188,2026-08-27 00:19:15,2026-08-29 00:02:05,Chile,Android,ChatBot Web,Interfaz No Responsiva / UX,Alta,47.71,1
TCK-2024-00189,2026-08-22 20:22:44,2026-08-23 01:50:47,México,Android,Formulario App,Error de Autenticación / Login,Baja,5.47,4
TCK-2024-00190,2026-09-01 18:05:02,2026-09-01 20:21:02,Colombia,iOS,Formulario App,Error de Autenticación / Login,Alta,2.27,5
TCK-2024-00191,2026-08-29 06:16:18,2026-08-29 17:02:41,México,Android,Redes Sociales,Error de Autenticación / Login,Baja,10.77,2
TCK-2024-00192,2026-08-28 06:54:07,2026-09-01 07:09:27,Chile,Smart TV,ChatBot Web,Falla en Reproducción / Error System,Alta,96.26,3
TCK-2024-00193,2026-08-27 11:09:57,2026-08-31 21:45:31,Chile,Web Browser,ChatBot Web,Falla en Reproducción / Error System,Alta,106.59,1
TCK-2024-00194,2026-08-27 10:52:04,2026-08-27 21:46:43,Chile,iOS,Redes Sociales,Falla en Reproducción / Error System,Baja,10.91,3
TCK-2024-00195,2026-08-27 00:19:15,2026-08-29 00:02:05,México,Web Browser,Email Soporte,Interfaz No Responsiva / UX,Baja,47.71,2
TCK-2024-00196,2026-08-22 20:22:44,2026-08-23 01:50:47,Argentina,iOS,Redes Sociales,Error de Autenticación / Login,Baja,5.47,3
TCK-2024-00197,2026-09-01 18:05:02,2026-09-01 20:21:02,Chile,Smart TV,Formulario App,Error de Autenticación / Login,Media,2.27,5
TCK-2024-00198,2026-08-29 06:16:18,2026-08-29 17:02:41,Chile,Smart TV,Formulario App,Error de Autenticación / Login,Crítica,10.77,3
TCK-2024-00199,2026-08-28 06:54:07,2026-09-01 07:09:27,Chile,Smart TV,ChatBot Web,Falla en Reproducción / Error System,Media,96.26,1
TCK-2024-00200,2026-08-27 11:09:57,2026-08-31 21:45:31,Chile,Web Browser,ChatBot Web,Falla en Reproducción / Error System,Media,106.59,1
TCK-2024-00201,2026-08-27 10:52:04,2026-08-27 21:46:43,Chile,Android,Formulario App,Falla en Reproducción / Error System,Alta,10.91,4
TCK-2024-00202,2026-08-27 00:19:15,2026-08-29 00:02:05,Perú,iOS,Redes Sociales,Interfaz No Responsiva / UX,Media,47.71,2
TCK-2024-00203,2026-08-22 20:22:44,2026-08-23 01:50:47,Chile,iOS,ChatBot Web,Error de Autenticación / Login,Baja,5.47,4
TCK-2024-00204,2026-09-01 18:05:02,2026-09-01 20:21:02,Chile,Android,Email Soporte,Error de Autenticación / Login,Media,2.27,4
TCK-2024-00205,2026-08-29 06:16:18,2026-08-29 17:02:41,Chile,Web Browser,ChatBot Web,Error de Autenticación / Login,Alta,10.77,2
TCK-2024-00206,2026-08-28 06:54:07,2026-09-01 07:09:27,México,iOS,ChatBot Web,Falla en Reproducción / Error System,Alta,96.26,1
TCK-2024-00207,2026-08-27 11:09:57,2026-08-31 21:45:31,Perú,Smart TV,Email Soporte,Falla en Reproducción / Error System,Media,106.59,1
TCK-2024-00208,2026-08-27 10:52:04,2026-08-27 21:46:43,Chile,Smart TV,Formulario App,Falla en Reproducción / Error System,Alta,10.91,3
TCK-2024-00209,2026-08-27 00:19:15,2026-08-29 00:02:05,Perú,iOS,Redes Sociales,Interfaz No Responsiva / UX,Baja,47.71,1
TCK-2024-00210,2026-08-22 20:22:44,2026-08-23 01:50:47,México,Smart TV,Formulario App,Error de Autenticación / Login,Crítica,5.47,3
TCK-2024-00211,2026-09-01 18:05:02,2026-09-01 20:21:02,Colombia,Web Browser,Formulario App,Error de Autenticación / Login,Baja,2.27,5
TCK-2024-00212,2026-08-29 06:16:18,2026-08-29 17:02:41,Colombia,Smart TV,ChatBot Web,Error de Autenticación / Login,Media,10.77,2
TCK-2024-00213,2026-08-28 06:54:07,2026-09-01 07:09:27,Argentina,Smart TV,ChatBot Web,Falla en Reproducción / Error System,Baja,96.26,1
TCK-2024-00214,2026-08-27 11:09:57,2026-08-31 21:45:31,Chile,iOS,Redes Sociales,Falla en Reproducción / Error System,Crítica,106.59,1
TCK-2024-00215,2026-08-27 10:52:04,2026-08-27 21:46:43,Chile,Web Browser,Formulario App,Falla en Reproducción / Error System,Alta,10.91,3
TCK-2024-00216,2026-08-27 00:19:15,2026-08-29 00:02:05,Argentina,Android,ChatBot Web,Interfaz No Responsiva / UX,Crítica,47.71,2
TCK-2024-00217,2026-08-22 20:22:44,2026-08-23 01:50:47,Argentina,iOS,Email Soporte,Error de Autenticación / Login,Alta,5.47,2
TCK-2024-00218,2026-09-01 18:05:02,2026-09-01 20:21:02,Argentina,iOS,Email Soporte,Error de Autenticación / Login,Media,2.27,5
TCK-2024-00219,2026-08-29 06:16:18,2026-08-29 17:02:41,Chile,Smart TV,Formulario App,Error de Autenticación / Login,Media,10.77,2
TCK-2024-00220,2026-08-28 06:54:07,2026-09-01 07:09:27,Chile,Smart TV,Email Soporte,Falla en Reproducción / Error System,Media,96.26,3
TCK-2024-00221,2026-08-27 11:09:57,2026-08-31 21:45:31,Chile,Web Browser,Email Soporte,Falla en Reproducción / Error System,Baja,106.59,1
TCK-2024-00222,2026-08-27 10:52:04,2026-08-27 21:46:43,México,Web Browser,Formulario App,Falla en Reproducción / Error System,Media,10.91,2
TCK-2024-00223,2026-08-27 00:19:15,2026-08-29 00:02:05,Perú,Web Browser,Formulario App,Interfaz No Responsiva / UX,Media,47.71,1
TCK-2024-00224,2026-08-22 20:22:44,2026-08-23 01:50:47,Colombia,Android,Redes Sociales,Error de Autenticación / Login,Baja,5.47,4
TCK-2024-00225,2026-09-01 18:05:02,2026-09-01 20:21:02,Chile,Smart TV,Formulario App,Error de Autenticación / Login,Baja,2.27,4
TCK-2024-00226,2026-08-29 06:16:18,2026-08-29 17:02:41,Chile,Smart TV,ChatBot Web,Error de Autenticación / Login,Alta,10.77,3
TCK-2024-00227,2026-08-28 06:54:07,2026-09-01 07:09:27,Argentina,iOS,Formulario App,Falla en Reproducción / Error System,Alta,96.26,2
TCK-2024-00228,2026-08-27 11:09:57,2026-08-31 21:45:31,Perú,Web Browser,Formulario App,Falla en Reproducción / Error System,Media,106.59,1
TCK-2024-00229,2026-08-27 10:52:04,2026-08-27 21:46:43,Colombia,iOS,ChatBot Web,Falla en Reproducción / Error System,Baja,10.91,3
TCK-2024-00230,2026-08-27 00:19:15,2026-08-29 00:02:05,Colombia,iOS,Formulario App,Interfaz No Responsiva / UX,Baja,47.71,1
TCK-2024-00231,2026-08-22 20:22:44,2026-08-23 01:50:47,Perú,Smart TV,ChatBot Web,Error de Autenticación / Login,Baja,5.47,4
TCK-2024-00232,2026-09-01 18:05:02,2026-09-01 20:21:02,Chile,iOS,Redes Sociales,Error de Autenticación / Login,Media,2.27,5
TCK-2024-00233,2026-08-29 06:16:18,2026-08-29 17:02:41,Chile,Android,ChatBot Web,Error de Autenticación / Login,Media,10.77,3
TCK-2024-00234,2026-08-28 06:54:07,2026-09-01 07:09:27,Colombia,iOS,Email Soporte,Falla en Reproducción / Error System,Baja,96.26,2
TCK-2024-00235,2026-08-27 11:09:57,2026-08-31 21:45:31,Argentina,iOS,Email Soporte,Falla en Reproducción / Error System,Media,106.59,1
TCK-2024-00236,2026-08-27 10:52:04,2026-08-27 21:46:43,Argentina,Android,Formulario App,Falla en Reproducción / Error System,Media,10.91,4
TCK-2024-00237,2026-08-27 00:19:15,2026-08-29 00:02:05,Chile,Web Browser,ChatBot Web,Interfaz No Responsiva / UX,Baja,47.71,3
TCK-2024-00238,2026-08-22 20:22:44,2026-08-23 01:50:47,Argentina,Web Browser,Formulario App,Error de Autenticación / Login,Media,5.47,3
TCK-2024-00239,2026-09-01 18:05:02,2026-09-01 20:21:02,Argentina,Web Browser,ChatBot Web,Error de Autenticación / Login,Baja,2.27,5
TCK-2024-00240,2026-08-29 06:16:18,2026-08-29 17:02:41,Colombia,Smart TV,Formulario App,Error de Autenticación / Login,Baja,10.77,2
TCK-2024-00241,2026-08-28 06:54:07,2026-09-01 07:09:27,Colombia,Web Browser,Formulario App,Falla en Reproducción / Error System,Alta,96.26,1
TCK-2024-00242,2026-08-27 11:09:57,2026-08-31 21:45:31,Chile,Android,Email Soporte,Falla en Reproducción / Error System,Baja,106.59,1
TCK-2024-00243,2026-08-27 10:52:04,2026-08-27 21:46:43,Perú,Android,Redes Sociales,Falla en Reproducción / Error System,Alta,10.91,2
TCK-2024-00244,2026-08-27 00:19:15,2026-08-29 00:02:05,Colombia,Smart TV,ChatBot Web,Interfaz No Responsiva / UX,Baja,47.71,2
TCK-2024-00245,2026-08-22 20:22:44,2026-08-23 01:50:47,Colombia,iOS,Redes Sociales,Error de Autenticación / Login,Media,5.47,3
TCK-2024-00246,2026-09-01 18:05:02,2026-09-01 20:21:02,Chile,iOS,Formulario App,Error de Autenticación / Login,Crítica,2.27,5
TCK-2024-00247,2026-08-29 06:16:18,2026-08-29 17:02:41,Chile,Smart TV,ChatBot Web,Error de Autenticación / Login,Baja,10.77,3
TCK-2024-00248,2026-08-28 06:54:07,2026-09-01 07:09:27,Perú,Android,Formulario App,Falla en Reproducción / Error System,Crítica,96.26,1
TCK-2024-00249,2026-08-27 11:09:57,2026-08-31 21:45:31,Chile,Android,ChatBot Web,Falla en Reproducción / Error System,Media,106.59,1
TCK-2024-00250,2026-08-27 10:52:04,2026-08-27 21:46:43,México,Web Browser,ChatBot Web,Falla en Reproducción / Error System,Media,10.91,2
TCK-2024-00251,2026-08-27 00:19:15,2026-08-29 00:02:05,Chile,Smart TV,Redes Sociales,Interfaz No Responsiva / UX,Baja,47.71,2
TCK-2024-00252,2026-08-22 20:22:44,2026-08-23 01:50:47,Chile,Web Browser,Formulario App,Error de Autenticación / Login,Alta,5.47,3
TCK-2024-00253,2026-09-01 18:05:02,2026-09-01 20:21:02,Colombia,Web Browser,Redes Sociales,Error de Autenticación / Login,Crítica,2.27,5
TCK-2024-00254,2026-08-29 06:16:18,2026-08-29 17:02:41,Perú,Smart TV,Formulario App,Error de Autenticación / Login,Media,10.77,3
TCK-2024-00255,2026-08-28 06:54:07,2026-09-01 07:09:27,Perú,Android,Email Soporte,Falla en Reproducción / Error System,Media,96.26,2
TCK-2024-00256,2026-08-27 11:09:57,2026-08-31 21:45:31,Chile,Android,ChatBot Web,Falla en Reproducción / Error System,Baja,106.59,2
TCK-2024-00257,2026-08-27 10:52:04,2026-08-27 21:46:43,Argentina,Web Browser,Redes Sociales,Falla en Reproducción / Error System,Alta,10.91,4
TCK-2024-00258,2026-08-27 00:19:15,2026-08-29 00:02:05,Perú,Smart TV,Redes Sociales,Interfaz No Responsiva / UX,Media,47.71,1
TCK-2024-00259,2026-08-22 20:22:44,2026-08-23 01:50:47,Argentina,Web Browser,ChatBot Web,Error de Autenticación / Login,Alta,5.47,3
TCK-2024-00260,2026-09-01 18:05:02,2026-09-01 20:21:02,Perú,Smart TV,Email Soporte,Error de Autenticación / Login,Media,2.27,5
TCK-2024-00261,2026-08-29 06:16:18,2026-08-29 17:02:41,Colombia,Android,Email Soporte,Error de Autenticación / Login,Media,10.77,3
TCK-2024-00262,2026-08-28 06:54:07,2026-09-01 07:09:27,México,Smart TV,Email Soporte,Falla en Reproducción / Error System,Media,96.26,1
TCK-2024-00263,2026-08-27 11:09:57,2026-08-31 21:45:31,Chile,Smart TV,ChatBot Web,Falla en Reproducción / Error System,Media,106.59,2
TCK-2024-00264,2026-08-27 10:52:04,2026-08-27 21:46:43,México,Web Browser,Redes Sociales,Falla en Reproducción / Error System,Media,10.91,2
TCK-2024-00265,2026-08-27 00:19:15,2026-08-29 00:02:05,Chile,Web Browser,Formulario App,Interfaz No Responsiva / UX,Baja,47.71,1
TCK-2024-00266,2026-08-22 20:22:44,2026-08-23 01:50:47,Chile,Web Browser,ChatBot Web,Error de Autenticación / Login,Media,5.47,4
TCK-2024-00267,2026-09-01 18:05:02,2026-09-01 20:21:02,Chile,Web Browser,Email Soporte,Error de Autenticación / Login,Alta,2.27,5
TCK-2024-00268,2026-08-29 06:16:18,2026-08-29 17:02:41,Argentina,Smart TV,Redes Sociales,Error de Autenticación / Login,Crítica,10.77,3
TCK-2024-00269,2026-08-28 06:54:07,2026-09-01 07:09:27,Argentina,Android,ChatBot Web,Falla en Reproducción / Error System,Baja,96.26,2
TCK-2024-00270,2026-08-27 11:09:57,2026-08-31 21:45:31,Argentina,Smart TV,Email Soporte,Falla en Reproducción / Error System,Baja,106.59,2
TCK-2024-00271,2026-08-27 10:52:04,2026-08-27 21:46:43,Perú,Web Browser,Redes Sociales,Falla en Reproducción / Error System,Media,10.91,3
TCK-2024-00272,2026-08-27 00:19:15,2026-08-29 00:02:05,Colombia,iOS,ChatBot Web,Interfaz No Responsiva / UX,Media,47.71,2
TCK-2024-00273,2026-08-22 20:22:44,2026-08-23 01:50:47,Argentina,Android,Email Soporte,Error de Autenticación / Login,Media,5.47,2
TCK-2024-00274,2026-09-01 18:05:02,2026-09-01 20:21:02,Colombia,Smart TV,Redes Sociales,Error de Autenticación / Login,Baja,2.27,4
TCK-2024-00275,2026-08-29 06:16:18,2026-08-29 17:02:41,Chile,iOS,Email Soporte,Error de Autenticación / Login,Media,10.77,3
TCK-2024-00276,2026-08-28 06:54:07,2026-09-01 07:09:27,Argentina,Android,Formulario App,Falla en Reproducción / Error System,Baja,96.26,1
TCK-2024-00277,2026-08-27 11:09:57,2026-08-31 21:45:31,Chile,Android,Redes Sociales,Falla en Reproducción / Error System,Alta,106.59,1
TCK-2024-00278,2026-08-27 10:52:04,2026-08-27 21:46:43,México,Web Browser,Formulario App,Falla en Reproducción / Error System,Alta,10.91,4
TCK-2024-00279,2026-08-27 00:19:15,2026-08-29 00:02:05,Chile,iOS,Redes Sociales,Interfaz No Responsiva / UX,Alta,47.71,2
TCK-2024-00280,2026-08-22 20:22:44,2026-08-23 01:50:47,México,Smart TV,Formulario App,Error de Autenticación / Login,Baja,5.47,3
TCK-2024-00281,2026-09-01 18:05:02,2026-09-01 20:21:02,Argentina,iOS,Formulario App,Error de Autenticación / Login,Media,2.27,5
TCK-2024-00282,2026-08-29 06:16:18,2026-08-29 17:02:41,Chile,iOS,Email Soporte,Error de Autenticación / Login,Baja,10.77,3
TCK-2024-00283,2026-08-28 06:54:07,2026-09-01 07:09:27,Colombia,Smart TV,Email Soporte,Falla en Reproducción / Error System,Alta,96.26,1
TCK-2024-00284,2026-08-27 11:09:57,2026-08-31 21:45:31,Argentina,iOS,Formulario App,Falla en Reproducción / Error System,Baja,106.59,1
TCK-2024-00285,2026-08-27 10:52:04,2026-08-27 21:46:43,México,Web Browser,Formulario App,Falla en Reproducción / Error System,Media,10.91,3
TCK-2024-00286,2026-08-27 00:19:15,2026-08-29 00:02:05,Chile,iOS,ChatBot Web,Interfaz No Responsiva / UX,Baja,47.71,3
TCK-2024-00287,2026-08-22 20:22:44,2026-08-23 01:50:47,Argentina,Android,Email Soporte,Error de Autenticación / Login,Media,5.47,3
TCK-2024-00288,2026-09-01 18:05:02,2026-09-01 20:21:02,Chile,iOS,Redes Sociales,Error de Autenticación / Login,Crítica,2.27,4
TCK-2024-00289,2026-08-29 06:16:18,2026-08-29 17:02:41,Colombia,Android,ChatBot Web,Error de Autenticación / Login,Crítica,10.77,3
TCK-2024-00290,2026-08-28 06:54:07,2026-09-01 07:09:27,Chile,Web Browser,Formulario App,Falla en Reproducción / Error System,Media,96.26,3
TCK-2024-00291,2026-08-27 11:09:57,2026-08-31 21:45:31,Chile,Smart TV,Redes Sociales,Falla en Reproducción / Error System,Baja,106.59,1
TCK-2024-00292,2026-08-27 10:52:04,2026-08-27 21:46:43,Argentina,Smart TV,Formulario App,Falla en Reproducción / Error System,Alta,10.91,3
TCK-2024-00293,2026-08-27 00:19:15,2026-08-29 00:02:05,México,Web Browser,Redes Sociales,Interfaz No Responsiva / UX,Baja,47.71,1
TCK-2024-00294,2026-08-22 20:22:44,2026-08-23 01:50:47,Perú,Web Browser,Formulario App,Error de Autenticación / Login,Baja,5.47,3
TCK-2024-00295,2026-09-01 18:05:02,2026-09-01 20:21:02,Argentina,iOS,Formulario App,Error de Autenticación / Login,Media,2.27,5
TCK-2024-00296,2026-08-29 06:16:18,2026-08-29 17:02:41,México,Web Browser,Redes Sociales,Error de Autenticación / Login,Alta,10.77,3
TCK-2024-00297,2026-08-28 06:54:07,2026-09-01 07:09:27,Chile,Web Browser,Formulario App,Falla en Reproducción / Error System,Media,96.26,1
TCK-2024-00298,2026-08-27 11:09:57,2026-08-31 21:45:31,Colombia,Web Browser,Formulario App,Falla en Reproducción / Error System,Alta,106.59,2
TCK-2024-00299,2026-08-27 10:52:04,2026-08-27 21:46:43,Perú,iOS,ChatBot Web,Falla en Reproducción / Error System,Media,10.91,3
TCK-2024-00300,2026-08-27 00:19:15,2026-08-29 00:02:05,Chile,Smart TV,Email Soporte,Interfaz No Responsiva / UX,Media,47.71,2
TCK-2024-00301,2026-08-22 20:22:44,2026-08-23 01:50:47,Colombia,Web Browser,Email Soporte,Error de Autenticación / Login,Baja,5.47,3
TCK-2024-00302,2026-09-01 18:05:02,2026-09-01 20:21:02,Perú,Smart TV,ChatBot Web,Error de Autenticación / Login,Baja,2.27,5
TCK-2024-00303,2026-08-29 06:16:18,2026-08-29 17:02:41,México,Smart TV,ChatBot Web,Error de Autenticación / Login,Alta,10.77,4
TCK-2024-00304,2026-08-28 06:54:07,2026-09-01 07:09:27,Perú,Web Browser,Formulario App,Falla en Reproducción / Error System,Media,96.26,1
TCK-2024-00305,2026-08-27 11:09:57,2026-08-31 21:45:31,Chile,iOS,Email Soporte,Falla en Reproducción / Error System,Media,106.59,1
TCK-2024-00306,2026-08-27 10:52:04,2026-08-27 21:46:43,México,Web Browser,ChatBot Web,Falla en Reproducción / Error System,Media,10.91,2
TCK-2024-00307,2026-08-27 00:19:15,2026-08-29 00:02:05,Perú,Web Browser,Email Soporte,Interfaz No Responsiva / UX,Media,47.71,1
TCK-2024-00308,2026-08-22 20:22:44,2026-08-23 01:50:47,Perú,Web Browser,Formulario App,Error de Autenticación / Login,Media,5.47,4
TCK-2024-00309,2026-09-01 18:05:02,2026-09-01 20:21:02,Perú,Smart TV,Email Soporte,Error de Autenticación / Login,Media,2.27,4
TCK-2024-00310,2026-08-29 06:16:18,2026-08-29 17:02:41,Chile,Smart TV,Formulario App,Error de Autenticación / Login,Media,10.77,3
TCK-2024-00311,2026-08-28 06:54:07,2026-09-01 07:09:27,Perú,Android,Formulario App,Falla en Reproducción / Error System,Media,96.26,2
TCK-2024-00312,2026-08-27 11:09:57,2026-08-31 21:45:31,Colombia,Smart TV,Redes Sociales,Falla en Reproducción / Error System,Crítica,106.59,2
TCK-2024-00313,2026-08-27 10:52:04,2026-08-27 21:46:43,Chile,Android,Email Soporte,Falla en Reproducción / Error System,Alta,10.91,2
TCK-2024-00314,2026-08-27 00:19:15,2026-08-29 00:02:05,Colombia,iOS,Redes Sociales,Interfaz No Responsiva / UX,Baja,47.71,1
TCK-2024-00315,2026-08-22 20:22:44,2026-08-23 01:50:47,Chile,Android,Redes Sociales,Error de Autenticación / Login,Baja,5.47,4
TCK-2024-00316,2026-09-01 18:05:02,2026-09-01 20:21:02,Chile,iOS,Redes Sociales,Error de Autenticación / Login,Alta,2.27,4
TCK-2024-00317,2026-08-29 06:16:18,2026-08-29 17:02:41,Colombia,Android,Redes Sociales,Error de Autenticación / Login,Media,10.77,4
TCK-2024-00318,2026-08-28 06:54:07,2026-09-01 07:09:27,Chile,iOS,Redes Sociales,Falla en Reproducción / Error System,Media,96.26,3
TCK-2024-00319,2026-08-27 11:09:57,2026-08-31 21:45:31,Chile,Android,Formulario App,Falla en Reproducción / Error System,Media,106.59,1
TCK-2024-00320,2026-08-27 10:52:04,2026-08-27 21:46:43,Colombia,Web Browser,Email Soporte,Falla en Reproducción / Error System,Media,10.91,4
TCK-2024-00321,2026-08-27 00:19:15,2026-08-29 00:02:05,Perú,Smart TV,Formulario App,Interfaz No Responsiva / UX,Crítica,47.71,1
TCK-2024-00322,2026-08-22 20:22:44,2026-08-23 01:50:47,Argentina,iOS,Formulario App,Error de Autenticación / Login,Baja,5.47,2
TCK-2024-00323,2026-09-01 18:05:02,2026-09-01 20:21:02,Chile,Web Browser,ChatBot Web,Error de Autenticación / Login,Media,2.27,4
TCK-2024-00324,2026-08-29 06:16:18,2026-08-29 17:02:41,Chile,Smart TV,Redes Sociales,Error de Autenticación / Login,Alta,10.77,2
TCK-2024-00325,2026-08-28 06:54:07,2026-09-01 07:09:27,Perú,iOS,Email Soporte,Falla en Reproducción / Error System,Media,96.26,1
TCK-2024-00326,2026-08-27 11:09:57,2026-08-31 21:45:31,Argentina,iOS,Redes Sociales,Falla en Reproducción / Error System,Media,106.59,1
TCK-2024-00327,2026-08-27 10:52:04,2026-08-27 21:46:43,Perú,Android,Redes Sociales,Falla en Reproducción / Error System,Crítica,10.91,3
TCK-2024-00328,2026-08-27 00:19:15,2026-08-29 00:02:05,Colombia,Android,Email Soporte,Interfaz No Responsiva / UX,Crítica,47.71,2
TCK-2024-00329,2026-08-22 20:22:44,2026-08-23 01:50:47,Colombia,Web Browser,Redes Sociales,Error de Autenticación / Login,Media,5.47,3
TCK-2024-00330,2026-09-01 18:05:02,2026-09-01 20:21:02,Argentina,Android,ChatBot Web,Error de Autenticación / Login,Alta,2.27,5
TCK-2024-00331,2026-08-29 06:16:18,2026-08-29 17:02:41,Colombia,Smart TV,Email Soporte,Error de Autenticación / Login,Baja,10.77,3
TCK-2024-00332,2026-08-28 06:54:07,2026-09-01 07:09:27,México,Web Browser,Redes Sociales,Falla en Reproducción / Error System,Alta,96.26,1
TCK-2024-00333,2026-08-27 11:09:57,2026-08-31 21:45:31,Colombia,Smart TV,Formulario App,Falla en Reproducción / Error System,Baja,106.59,2
TCK-2024-00334,2026-08-27 10:52:04,2026-08-27 21:46:43,México,iOS,ChatBot Web,Falla en Reproducción / Error System,Baja,10.91,2
TCK-2024-00335,2026-08-27 00:19:15,2026-08-29 00:02:05,Argentina,Android,Formulario App,Interfaz No Responsiva / UX,Baja,47.71,1
TCK-2024-00336,2026-08-22 20:22:44,2026-08-23 01:50:47,Perú,Smart TV,ChatBot Web,Error de Autenticación / Login,Media,5.47,4
TCK-2024-00337,2026-09-01 18:05:02,2026-09-01 20:21:02,Chile,iOS,ChatBot Web,Error de Autenticación / Login,Media,2.27,4
TCK-2024-00338,2026-08-29 06:16:18,2026-08-29 17:02:41,México,Web Browser,Email Soporte,Error de Autenticación / Login,Baja,10.77,3
TCK-2024-00339,2026-08-28 06:54:07,2026-09-01 07:09:27,Chile,Smart TV,ChatBot Web,Falla en Reproducción / Error System,Media,96.26,1
TCK-2024-00340,2026-08-27 11:09:57,2026-08-31 21:45:31,Chile,iOS,Redes Sociales,Falla en Reproducción / Error System,Media,106.59,2
TCK-2024-00341,2026-08-27 10:52:04,2026-08-27 21:46:43,Chile,iOS,Formulario App,Falla en Reproducción / Error System,Baja,10.91,4
TCK-2024-00342,2026-08-27 00:19:15,2026-08-29 00:02:05,Colombia,Web Browser,Email Soporte,Interfaz No Responsiva / UX,Media,47.71,1
TCK-2024-00343,2026-08-22 20:22:44,2026-08-23 01:50:47,Perú,Smart TV,Email Soporte,Error de Autenticación / Login,Media,5.47,4
TCK-2024-00344,2026-09-01 18:05:02,2026-09-01 20:21:02,México,iOS,Email Soporte,Error de Autenticación / Login,Baja,2.27,5
TCK-2024-00345,2026-08-29 06:16:18,2026-08-29 17:02:41,Colombia,Smart TV,ChatBot Web,Error de Autenticación / Login,Media,10.77,3
TCK-2024-00346,2026-08-28 06:54:07,2026-09-01 07:09:27,Argentina,Web Browser,Formulario App,Falla en Reproducción / Error System,Media,96.26,2
TCK-2024-00347,2026-08-27 11:09:57,2026-08-31 21:45:31,Chile,iOS,ChatBot Web,Falla en Reproducción / Error System,Alta,106.59,2
TCK-2024-00348,2026-08-27 10:52:04,2026-08-27 21:46:43,Chile,Web Browser,Formulario App,Falla en Reproducción / Error System,Media,10.91,2
TCK-2024-00349,2026-08-27 00:19:15,2026-08-29 00:02:05,México,Web Browser,Redes Sociales,Interfaz No Responsiva / UX,Alta,47.71,2
TCK-2024-00350,2026-08-22 20:22:44,2026-08-23 01:50:47,Argentina,iOS,Redes Sociales,Error de Autenticación / Login,Media,5.47,4
TCK-2024-00351,2026-09-01 18:05:02,2026-09-01 20:21:02,Chile,Web Browser,Formulario App,Error de Autenticación / Login,Media,2.27,5
TCK-2024-00352,2026-08-29 06:16:18,2026-08-29 17:02:41,Chile,iOS,Formulario App,Error de Autenticación / Login,Alta,10.77,2
TCK-2024-00353,2026-08-28 06:54:07,2026-09-01 07:09:27,Argentina,Web Browser,ChatBot Web,Falla en Reproducción / Error System,Media,96.26,2
TCK-2024-00354,2026-08-27 11:09:57,2026-08-31 21:45:31,Argentina,Smart TV,ChatBot Web,Falla en Reproducción / Error System,Baja,106.59,2
TCK-2024-00355,2026-08-27 10:52:04,2026-08-27 21:46:43,Argentina,Android,Redes Sociales,Falla en Reproducción / Error System,Crítica,10.91,3
TCK-2024-00356,2026-08-27 00:19:15,2026-08-29 00:02:05,Colombia,Android,Redes Sociales,Interfaz No Responsiva / UX,Media,47.71,1
TCK-2024-00357,2026-08-22 20:22:44,2026-08-23 01:50:47,Argentina,Smart TV,Redes Sociales,Error de Autenticación / Login,Media,5.47,3
TCK-2024-00358,2026-09-01 18:05:02,2026-09-01 20:21:02,Perú,Smart TV,Formulario App,Error de Autenticación / Login,Media,2.27,5
TCK-2024-00359,2026-08-29 06:16:18,2026-08-29 17:02:41,Argentina,Android,Email Soporte,Error de Autenticación / Login,Baja,10.77,2
TCK-2024-00360,2026-08-28 06:54:07,2026-09-01 07:09:27,Perú,iOS,ChatBot Web,Falla en Reproducción / Error System,Crítica,96.26,2
TCK-2024-00361,2026-08-27 11:09:57,2026-08-31 21:45:31,Chile,Web Browser,Email Soporte,Falla en Reproducción / Error System,Media,106.59,2
TCK-2024-00362,2026-08-27 10:52:04,2026-08-27 21:46:43,Argentina,Web Browser,ChatBot Web,Falla en Reproducción / Error System,Media,10.91,2
TCK-2024-00363,2026-08-27 00:19:15,2026-08-29 00:02:05,Chile,Android,Email Soporte,Interfaz No Responsiva / UX,Media,47.71,2
TCK-2024-00364,2026-08-22 20:22:44,2026-08-23 01:50:47,Argentina,Android,ChatBot Web,Error de Autenticación / Login,Baja,5.47,3
TCK-2024-00365,2026-09-01 18:05:02,2026-09-01 20:21:02,Argentina,Web Browser,Formulario App,Error de Autenticación / Login,Media,2.27,5
TCK-2024-00366,2026-08-29 06:16:18,2026-08-29 17:02:41,Argentina,Android,Formulario App,Error de Autenticación / Login,Alta,10.77,3
TCK-2024-00367,2026-08-28 06:54:07,2026-09-01 07:09:27,Chile,Web Browser,Redes Sociales,Falla en Reproducción / Error System,Media,96.26,2
TCK-2024-00368,2026-08-27 11:09:57,2026-08-31 21:45:31,Argentina,Android,Redes Sociales,Falla en Reproducción / Error System,Media,106.59,1
TCK-2024-00369,2026-08-27 10:52:04,2026-08-27 21:46:43,Argentina,Smart TV,Email Soporte,Falla en Reproducción / Error System,Baja,10.91,2
TCK-2024-00370,2026-08-27 00:19:15,2026-08-29 00:02:05,México,Smart TV,Redes Sociales,Interfaz No Responsiva / UX,Alta,47.71,3
TCK-2024-00371,2026-08-22 20:22:44,2026-08-23 01:50:47,Perú,Web Browser,ChatBot Web,Error de Autenticación / Login,Alta,5.47,4
TCK-2024-00372,2026-09-01 18:05:02,2026-09-01 20:21:02,Colombia,iOS,Redes Sociales,Error de Autenticación / Login,Media,2.27,4
TCK-2024-00373,2026-08-29 06:16:18,2026-08-29 17:02:41,Chile,Web Browser,Formulario App,Error de Autenticación / Login,Baja,10.77,3
TCK-2024-00374,2026-08-28 06:54:07,2026-09-01 07:09:27,Colombia,Web Browser,Email Soporte,Falla en Reproducción / Error System,Baja,96.26,1
TCK-2024-00375,2026-08-27 11:09:57,2026-08-31 21:45:31,Chile,Smart TV,ChatBot Web,Falla en Reproducción / Error System,Media,106.59,2
TCK-2024-00376,2026-08-27 10:52:04,2026-08-27 21:46:43,México,iOS,ChatBot Web,Falla en Reproducción / Error System,Crítica,10.91,4
TCK-2024-00377,2026-08-27 00:19:15,2026-08-29 00:02:05,Chile,Smart TV,Email Soporte,Interfaz No Responsiva / UX,Media,47.71,3
TCK-2024-00378,2026-08-22 20:22:44,2026-08-23 01:50:47,Perú,Android,ChatBot Web,Error de Autenticación / Login,Media,5.47,3
TCK-2024-00379,2026-09-01 18:05:02,2026-09-01 20:21:02,Argentina,iOS,Redes Sociales,Error de Autenticación / Login,Media,2.27,5
TCK-2024-00380,2026-08-29 06:16:18,2026-08-29 17:02:41,Chile,iOS,Email Soporte,Error de Autenticación / Login,Media,10.77,3
TCK-2024-00381,2026-08-28 06:54:07,2026-09-01 07:09:27,Argentina,Smart TV,Redes Sociales,Falla en Reproducción / Error System,Media,96.26,2
TCK-2024-00382,2026-08-27 11:09:57,2026-08-31 21:45:31,México,Android,Formulario App,Falla en Reproducción / Error System,Media,106.59,2
TCK-2024-00383,2026-08-27 10:52:04,2026-08-27 21:46:43,Perú,Android,ChatBot Web,Falla en Reproducción / Error System,Alta,10.91,4
TCK-2024-00384,2026-08-27 00:19:15,2026-08-29 00:02:05,Perú,iOS,Email Soporte,Interfaz No Responsiva / UX,Crítica,47.71,2
TCK-2024-00385,2026-08-22 20:22:44,2026-08-23 01:50:47,Argentina,Smart TV,Email Soporte,Error de Autenticación / Login,Media,5.47,2
TCK-2024-00386,2026-09-01 18:05:02,2026-09-01 20:21:02,Chile,Smart TV,ChatBot Web,Error de Autenticación / Login,Baja,2.27,5
TCK-2024-00387,2026-08-29 06:16:18,2026-08-29 17:02:41,Chile,Web Browser,ChatBot Web,Error de Autenticación / Login,Alta,10.77,3
TCK-2024-00388,2026-08-28 06:54:07,2026-09-01 07:09:27,Perú,iOS,Redes Sociales,Falla en Reproducción / Error System,Media,96.26,3
TCK-2024-00389,2026-08-27 11:09:57,2026-08-31 21:45:31,México,iOS,ChatBot Web,Falla en Reproducción / Error System,Media,106.59,1
TCK-2024-00390,2026-08-27 10:52:04,2026-08-27 21:46:43,Colombia,iOS,Redes Sociales,Falla en Reproducción / Error System,Crítica,10.91,2
TCK-2024-00391,2026-08-27 00:19:15,2026-08-29 00:02:05,Perú,Smart TV,Email Soporte,Interfaz No Responsiva / UX,Alta,47.71,1
TCK-2024-00392,2026-08-22 20:22:44,2026-08-23 01:50:47,Colombia,Smart TV,Redes Sociales,Error de Autenticación / Login,Media,5.47,4
TCK-2024-00393,2026-09-01 18:05:02,2026-09-01 20:21:02,Chile,iOS,Redes Sociales,Error de Autenticación / Login,Baja,2.27,5
TCK-2024-00394,2026-08-29 06:16:18,2026-08-29 17:02:41,Argentina,iOS,Formulario App,Error de Autenticación / Login,Baja,10.77,3
TCK-2024-00395,2026-08-28 06:54:07,2026-09-01 07:09:27,Colombia,Android,ChatBot Web,Falla en Reproducción / Error System,Alta,96.26,1
TCK-2024-00396,2026-08-27 11:09:57,2026-08-31 21:45:31,Chile,iOS,Redes Sociales,Falla en Reproducción / Error System,Crítica,106.59,1
TCK-2024-00397,2026-08-27 10:52:04,2026-08-27 21:46:43,Argentina,iOS,Email Soporte,Falla en Reproducción / Error System,Baja,10.91,4
TCK-2024-00398,2026-08-27 00:19:15,2026-08-29 00:02:05,Chile,Smart TV,Email Soporte,Interfaz No Responsiva / UX,Baja,47.71,2
TCK-2024-00399,2026-08-22 20:22:44,2026-08-23 01:50:47,México,iOS,Redes Sociales,Error de Autenticación / Login,Baja,5.47,3
TCK-2024-00400,2026-09-01 18:05:02,2026-09-01 20:21:02,México,Web Browser,Email Soporte,Error de Autenticación / Login,Media,2.27,4
TCK-2024-00401,2026-08-29 06:16:18,2026-08-29 17:02:41,México,Web Browser,ChatBot Web,Error de Autenticación / Login,Alta,10.77,3
TCK-2024-00402,2026-08-28 06:54:07,2026-09-01 07:09:27,Colombia,Web Browser,Email Soporte,Falla en Reproducción / Error System,Crítica,96.26,1
TCK-2024-00403,2026-08-27 11:09:57,2026-08-31 21:45:31,Perú,iOS,Email Soporte,Falla en Reproducción / Error System,Alta,106.59,2
TCK-2024-00404,2026-08-27 10:52:04,2026-08-27 21:46:43,México,Web Browser,Formulario App,Falla en Reproducción / Error System,Media,10.91,2
TCK-2024-00405,2026-08-27 00:19:15,2026-08-29 00:02:05,Colombia,Android,Email Soporte,Interfaz No Responsiva / UX,Media,47.71,3
TCK-2024-00406,2026-08-22 20:22:44,2026-08-23 01:50:47,Chile,iOS,Email Soporte,Error de Autenticación / Login,Media,5.47,4
TCK-2024-00407,2026-09-01 18:05:02,2026-09-01 20:21:02,Chile,iOS,ChatBot Web,Error de Autenticación / Login,Alta,2.27,5
TCK-2024-00408,2026-08-29 06:16:18,2026-08-29 17:02:41,Chile,Android,Redes Sociales,Error de Autenticación / Login,Alta,10.77,3
TCK-2024-00409,2026-08-28 06:54:07,2026-09-01 07:09:27,Chile,Smart TV,ChatBot Web,Falla en Reproducción / Error System,Baja,96.26,3
TCK-2024-00410,2026-08-27 11:09:57,2026-08-31 21:45:31,Perú,Web Browser,ChatBot Web,Falla en Reproducción / Error System,Alta,106.59,2
TCK-2024-00411,2026-08-27 10:52:04,2026-08-27 21:46:43,Perú,Smart TV,ChatBot Web,Falla en Reproducción / Error System,Media,10.91,3
TCK-2024-00412,2026-08-27 00:19:15,2026-08-29 00:02:05,Colombia,Web Browser,Email Soporte,Interfaz No Responsiva / UX,Baja,47.71,2
TCK-2024-00413,2026-08-22 20:22:44,2026-08-23 01:50:47,Chile,Smart TV,ChatBot Web,Error de Autenticación / Login,Media,5.47,3
TCK-2024-00414,2026-09-01 18:05:02,2026-09-01 20:21:02,Perú,Smart TV,Email Soporte,Error de Autenticación / Login,Crítica,2.27,5
TCK-2024-00415,2026-08-29 06:16:18,2026-08-29 17:02:41,Colombia,Smart TV,Email Soporte,Error de Autenticación / Login,Crítica,10.77,3
TCK-2024-00416,2026-08-28 06:54:07,2026-09-01 07:09:27,Colombia,Android,Redes Sociales,Falla en Reproducción / Error System,Alta,96.26,2
TCK-2024-00417,2026-08-27 11:09:57,2026-08-31 21:45:31,Chile,iOS,Redes Sociales,Falla en Reproducción / Error System,Crítica,106.59,3
TCK-2024-00418,2026-08-27 10:52:04,2026-08-27 21:46:43,México,Web Browser,Redes Sociales,Falla en Reproducción / Error System,Media,10.91,4
TCK-2024-00419,2026-08-27 00:19:15,2026-08-29 00:02:05,México,Smart TV,Redes Sociales,Interfaz No Responsiva / UX,Media,47.71,1
TCK-2024-00420,2026-08-22 20:22:44,2026-08-23 01:50:47,Chile,Web Browser,Redes Sociales,Error de Autenticación / Login,Baja,5.47,4
TCK-2024-00421,2026-09-01 18:05:02,2026-09-01 20:21:02,Chile,iOS,Formulario App,Error de Autenticación / Login,Media,2.27,5
TCK-2024-00422,2026-08-29 06:16:18,2026-08-29 17:02:41,Argentina,Android,Redes Sociales,Error de Autenticación / Login,Media,10.77,3
TCK-2024-00423,2026-08-28 06:54:07,2026-09-01 07:09:27,Perú,iOS,ChatBot Web,Falla en Reproducción / Error System,Alta,96.26,2
TCK-2024-00424,2026-08-27 11:09:57,2026-08-31 21:45:31,México,Smart TV,ChatBot Web,Falla en Reproducción / Error System,Alta,106.59,1
TCK-2024-00425,2026-08-27 10:52:04,2026-08-27 21:46:43,Chile,Smart TV,Email Soporte,Falla en Reproducción / Error System,Alta,10.91,4
TCK-2024-00426,2026-08-27 00:19:15,2026-08-29 00:02:05,Chile,Web Browser,Formulario App,Interfaz No Responsiva / UX,Baja,47.71,1
TCK-2024-00427,2026-08-22 20:22:44,2026-08-23 01:50:47,Chile,Smart TV,ChatBot Web,Error de Autenticación / Login,Media,5.47,3
TCK-2024-00428,2026-09-01 18:05:02,2026-09-01 20:21:02,Argentina,Smart TV,Email Soporte,Error de Autenticación / Login,Baja,2.27,5
TCK-2024-00429,2026-08-29 06:16:18,2026-08-29 17:02:41,Chile,iOS,Redes Sociales,Error de Autenticación / Login,Alta,10.77,3
TCK-2024-00430,2026-08-28 06:54:07,2026-09-01 07:09:27,Argentina,iOS,Redes Sociales,Falla en Reproducción / Error System,Baja,96.26,3
TCK-2024-00431,2026-08-27 11:09:57,2026-08-31 21:45:31,Colombia,iOS,ChatBot Web,Falla en Reproducción / Error System,Baja,106.59,1
TCK-2024-00432,2026-08-27 10:52:04,2026-08-27 21:46:43,Argentina,iOS,Email Soporte,Falla en Reproducción / Error System,Baja,10.91,4
TCK-2024-00433,2026-08-27 00:19:15,2026-08-29 00:02:05,Chile,Android,Email Soporte,Interfaz No Responsiva / UX,Media,47.71,1
TCK-2024-00434,2026-08-22 20:22:44,2026-08-23 01:50:47,Chile,iOS,Email Soporte,Error de Autenticación / Login,Media,5.47,3
TCK-2024-00435,2026-09-01 18:05:02,2026-09-01 20:21:02,Colombia,Smart TV,Email Soporte,Error de Autenticación / Login,Media,2.27,5
TCK-2024-00436,2026-08-29 06:16:18,2026-08-29 17:02:41,Colombia,Android,Redes Sociales,Error de Autenticación / Login,Media,10.77,4
TCK-2024-00437,2026-08-28 06:54:07,2026-09-01 07:09:27,Chile,Android,Email Soporte,Falla en Reproducción / Error System,Media,96.26,2
TCK-2024-00438,2026-08-27 11:09:57,2026-08-31 21:45:31,Perú,Smart TV,Email Soporte,Falla en Reproducción / Error System,Media,106.59,1
TCK-2024-00439,2026-08-27 10:52:04,2026-08-27 21:46:43,Colombia,iOS,Formulario App,Falla en Reproducción / Error System,Media,10.91,2
TCK-2024-00440,2026-08-27 00:19:15,2026-08-29 00:02:05,Argentina,Android,Formulario App,Interfaz No Responsiva / UX,Media,47.71,1
TCK-2024-00441,2026-08-22 20:22:44,2026-08-23 01:50:47,Perú,Android,Email Soporte,Error de Autenticación / Login,Baja,5.47,3
TCK-2024-00442,2026-09-01 18:05:02,2026-09-01 20:21:02,Colombia,Smart TV,Redes Sociales,Error de Autenticación / Login,Alta,2.27,5
TCK-2024-00443,2026-08-29 06:16:18,2026-08-29 17:02:41,México,iOS,Email Soporte,Error de Autenticación / Login,Media,10.77,2
TCK-2024-00444,2026-08-28 06:54:07,2026-09-01 07:09:27,Colombia,Smart TV,Email Soporte,Falla en Reproducción / Error System,Baja,96.26,1
TCK-2024-00445,2026-08-27 11:09:57,2026-08-31 21:45:31,Chile,Android,Formulario App,Falla en Reproducción / Error System,Baja,106.59,1
TCK-2024-00446,2026-08-27 10:52:04,2026-08-27 21:46:43,Chile,Android,Email Soporte,Falla en Reproducción / Error System,Baja,10.91,3
TCK-2024-00447,2026-08-27 00:19:15,2026-08-29 00:02:05,Chile,Web Browser,Formulario App,Interfaz No Responsiva / UX,Media,47.71,1
TCK-2024-00448,2026-08-22 20:22:44,2026-08-23 01:50:47,México,Android,Formulario App,Error de Autenticación / Login,Alta,5.47,4
TCK-2024-00449,2026-09-01 18:05:02,2026-09-01 20:21:02,México,iOS,Email Soporte,Error de Autenticación / Login,Baja,2.27,5
TCK-2024-00450,2026-08-29 06:16:18,2026-08-29 17:02:41,México,Smart TV,Email Soporte,Error de Autenticación / Login,Media,10.77,4
TCK-2024-00451,2026-08-28 06:54:07,2026-09-01 07:09:27,Chile,iOS,ChatBot Web,Falla en Reproducción / Error System,Baja,96.26,3
TCK-2024-00452,2026-08-27 11:09:57,2026-08-31 21:45:31,Colombia,Android,Redes Sociales,Falla en Reproducción / Error System,Media,106.59,1
TCK-2024-00453,2026-08-27 10:52:04,2026-08-27 21:46:43,Perú,Smart TV,ChatBot Web,Falla en Reproducción / Error System,Media,10.91,4
TCK-2024-00454,2026-08-27 00:19:15,2026-08-29 00:02:05,Perú,Smart TV,Email Soporte,Interfaz No Responsiva / UX,Media,47.71,1
TCK-2024-00455,2026-08-22 20:22:44,2026-08-23 01:50:47,Argentina,Smart TV,Formulario App,Error de Autenticación / Login,Media,5.47,4
TCK-2024-00456,2026-09-01 18:05:02,2026-09-01 20:21:02,Chile,Web Browser,Email Soporte,Error de Autenticación / Login,Media,2.27,5
TCK-2024-00457,2026-08-29 06:16:18,2026-08-29 17:02:41,Argentina,Smart TV,Redes Sociales,Error de Autenticación / Login,Media,10.77,4
TCK-2024-00458,2026-08-28 06:54:07,2026-09-01 07:09:27,Colombia,Web Browser,Redes Sociales,Falla en Reproducción / Error System,Alta,96.26,3
TCK-2024-00459,2026-08-27 11:09:57,2026-08-31 21:45:31,México,Web Browser,ChatBot Web,Falla en Reproducción / Error System,Baja,106.59,3
TCK-2024-00460,2026-08-27 10:52:04,2026-08-27 21:46:43,Perú,iOS,Email Soporte,Falla en Reproducción / Error System,Media,10.91,2
TCK-2024-00461,2026-08-27 00:19:15,2026-08-29 00:02:05,Argentina,Android,Redes Sociales,Interfaz No Responsiva / UX,Crítica,47.71,1
TCK-2024-00462,2026-08-22 20:22:44,2026-08-23 01:50:47,Perú,Web Browser,ChatBot Web,Error de Autenticación / Login,Media,5.47,3
TCK-2024-00463,2026-09-01 18:05:02,2026-09-01 20:21:02,Colombia,iOS,ChatBot Web,Error de Autenticación / Login,Alta,2.27,5
TCK-2024-00464,2026-08-29 06:16:18,2026-08-29 17:02:41,Chile,Web Browser,Email Soporte,Error de Autenticación / Login,Media,10.77,3
TCK-2024-00465,2026-08-28 06:54:07,2026-09-01 07:09:27,Chile,Web Browser,Email Soporte,Falla en Reproducción / Error System,Media,96.26,1
TCK-2024-00466,2026-08-27 11:09:57,2026-08-31 21:45:31,Chile,Android,Redes Sociales,Falla en Reproducción / Error System,Media,106.59,2
TCK-2024-00467,2026-08-27 10:52:04,2026-08-27 21:46:43,Argentina,iOS,ChatBot Web,Falla en Reproducción / Error System,Alta,10.91,3
TCK-2024-00468,2026-08-27 00:19:15,2026-08-29 00:02:05,Argentina,Smart TV,Email Soporte,Interfaz No Responsiva / UX,Media,47.71,1
TCK-2024-00469,2026-08-22 20:22:44,2026-08-23 01:50:47,Chile,iOS,Email Soporte,Error de Autenticación / Login,Baja,5.47,3
TCK-2024-00470,2026-09-01 18:05:02,2026-09-01 20:21:02,Chile,Web Browser,Formulario App,Error de Autenticación / Login,Baja,2.27,4
TCK-2024-00471,2026-08-29 06:16:18,2026-08-29 17:02:41,Argentina,Smart TV,Email Soporte,Error de Autenticación / Login,Media,10.77,3
TCK-2024-00472,2026-08-28 06:54:07,2026-09-01 07:09:27,Chile,Smart TV,Email Soporte,Falla en Reproducción / Error System,Crítica,96.26,2
TCK-2024-00473,2026-08-27 11:09:57,2026-08-31 21:45:31,Perú,Smart TV,Email Soporte,Falla en Reproducción / Error System,Alta,106.59,1
TCK-2024-00474,2026-08-27 10:52:04,2026-08-27 21:46:43,Chile,Android,Email Soporte,Falla en Reproducción / Error System,Media,10.91,4
TCK-2024-00475,2026-08-27 00:19:15,2026-08-29 00:02:05,Colombia,Android,Redes Sociales,Interfaz No Responsiva / UX,Baja,47.71,1
TCK-2024-00476,2026-08-22 20:22:44,2026-08-23 01:50:47,México,iOS,Formulario App,Error de Autenticación / Login,Baja,5.47,2
TCK-2024-00477,2026-09-01 18:05:02,2026-09-01 20:21:02,Argentina,iOS,Formulario App,Error de Autenticación / Login,Crítica,2.27,4
TCK-2024-00478,2026-08-29 06:16:18,2026-08-29 17:02:41,México,Web Browser,Email Soporte,Error de Autenticación / Login,Crítica,10.77,2
TCK-2024-00479,2026-08-28 06:54:07,2026-09-01 07:09:27,México,Android,Redes Sociales,Falla en Reproducción / Error System,Media,96.26,2
TCK-2024-00480,2026-08-27 11:09:57,2026-08-31 21:45:31,Chile,iOS,ChatBot Web,Falla en Reproducción / Error System,Media,106.59,3
TCK-2024-00481,2026-08-27 10:52:04,2026-08-27 21:46:43,Chile,Android,ChatBot Web,Falla en Reproducción / Error System,Baja,10.91,3
TCK-2024-00482,2026-08-27 00:19:15,2026-08-29 00:02:05,Colombia,Android,Redes Sociales,Interfaz No Responsiva / UX,Media,47.71,1
TCK-2024-00483,2026-08-22 20:22:44,2026-08-23 01:50:47,Argentina,Android,Redes Sociales,Error de Autenticación / Login,Baja,5.47,4
TCK-2024-00484,2026-09-01 18:05:02,2026-09-01 20:21:02,Chile,Web Browser,Redes Sociales,Error de Autenticación / Login,Alta,2.27,5
TCK-2024-00485,2026-08-29 06:16:18,2026-08-29 17:02:41,Chile,Web Browser,Formulario App,Error de Autenticación / Login,Crítica,10.77,4
TCK-2024-00486,2026-08-28 06:54:07,2026-09-01 07:09:27,Chile,Android,Email Soporte,Falla en Reproducción / Error System,Media,96.26,1
TCK-2024-00487,2026-08-27 11:09:57,2026-08-31 21:45:31,Perú,iOS,Email Soporte,Falla en Reproducción / Error System,Media,106.59,1
TCK-2024-00488,2026-08-27 10:52:04,2026-08-27 21:46:43,Argentina,Android,Email Soporte,Falla en Reproducción / Error System,Alta,10.91,3
TCK-2024-00489,2026-08-27 00:19:15,2026-08-29 00:02:05,Perú,iOS,Redes Sociales,Interfaz No Responsiva / UX,Baja,47.71,1
TCK-2024-00490,2026-08-22 20:22:44,2026-08-23 01:50:47,Perú,Android,Redes Sociales,Error de Autenticación / Login,Media,5.47,4
TCK-2024-00491,2026-09-01 18:05:02,2026-09-01 20:21:02,México,Android,Formulario App,Error de Autenticación / Login,Alta,2.27,5
TCK-2024-00492,2026-08-29 06:16:18,2026-08-29 17:02:41,Argentina,Android,Formulario App,Error de Autenticación / Login,Media,10.77,3
TCK-2024-00493,2026-08-28 06:54:07,2026-09-01 07:09:27,Argentina,Android,Formulario App,Falla en Reproducción / Error System,Baja,96.26,1
TCK-2024-00494,2026-08-27 11:09:57,2026-08-31 21:45:31,Perú,Smart TV,Redes Sociales,Falla en Reproducción / Error System,Crítica,106.59,3
TCK-2024-00495,2026-08-27 10:52:04,2026-08-27 21:46:43,Argentina,Android,Email Soporte,Falla en Reproducción / Error System,Alta,10.91,2
TCK-2024-00496,2026-08-27 00:19:15,2026-08-29 00:02:05,Colombia,Android,Redes Sociales,Interfaz No Responsiva / UX,Media,47.71,1
TCK-2024-00497,2026-08-22 20:22:44,2026-08-23 01:50:47,México,Android,Formulario App,Error de Autenticación / Login,Media,5.47,2
TCK-2024-00498,2026-09-01 18:05:02,2026-09-01 20:21:02,Chile,iOS,Redes Sociales,Error de Autenticación / Login,Alta,2.27,4
TCK-2024-00499,2026-08-29 06:16:18,2026-08-29 17:02:41,Chile,iOS,Redes Sociales,Error de Autenticación / Login,Baja,10.77,3
TCK-2024-00500,2026-08-28 06:54:07,2026-09-01 07:09:27,México,Web Browser,Email Soporte,Falla en Reproducción / Error System,Media,96.26,2
TCK-2024-00501,2026-08-27 11:09:57,2026-08-31 21:45:31,Perú,Android,ChatBot Web,Falla en Reproducción / Error System,Alta,106.59,1
TCK-2024-00502,2026-08-27 10:52:04,2026-08-27 21:46:43,Colombia,Android,Email Soporte,Falla en Reproducción / Error System,Media,10.91,3
TCK-2024-00503,2026-08-27 00:19:15,2026-08-29 00:02:05,Perú,iOS,Formulario App,Interfaz No Responsiva / UX,Baja,47.71,2
TCK-2024-00504,2026-08-22 20:22:44,2026-08-23 01:50:47,Perú,Web Browser,Email Soporte,Error de Autenticación / Login,Baja,5.47,3
TCK-2024-00505,2026-09-01 18:05:02,2026-09-01 20:21:02,México,iOS,Redes Sociales,Error de Autenticación / Login,Media,2.27,5
TCK-2024-00506,2026-08-29 06:16:18,2026-08-29 17:02:41,Chile,Android,Email Soporte,Error de Autenticación / Login,Alta,10.77,3
TCK-2024-00507,2026-08-28 06:54:07,2026-09-01 07:09:27,Argentina,Android,Formulario App,Falla en Reproducción / Error System,Media,96.26,2
TCK-2024-00508,2026-08-27 11:09:57,2026-08-31 21:45:31,Chile,Web Browser,ChatBot Web,Falla en Reproducción / Error System,Crítica,106.59,1
TCK-2024-00509,2026-08-27 10:52:04,2026-08-27 21:46:43,Colombia,Android,ChatBot Web,Falla en Reproducción / Error System,Alta,10.91,4
TCK-2024-00510,2026-08-27 00:19:15,2026-08-29 00:02:05,Colombia,Smart TV,ChatBot Web,Interfaz No Responsiva / UX,Alta,47.71,2
TCK-2024-00511,2026-08-22 20:22:44,2026-08-23 01:50:47,México,Android,Redes Sociales,Error de Autenticación / Login,Crítica,5.47,2
TCK-2024-00512,2026-09-01 18:05:02,2026-09-01 20:21:02,Perú,Smart TV,ChatBot Web,Error de Autenticación / Login,Media,2.27,5
TCK-2024-00513,2026-08-29 06:16:18,2026-08-29 17:02:41,Chile,Android,Formulario App,Error de Autenticación / Login,Media,10.77,3
TCK-2024-00514,2026-08-28 06:54:07,2026-09-01 07:09:27,Chile,iOS,Email Soporte,Falla en Reproducción / Error System,Media,96.26,2
TCK-2024-00515,2026-08-27 11:09:57,2026-08-31 21:45:31,Argentina,Android,Email Soporte,Falla en Reproducción / Error System,Baja,106.59,1
TCK-2024-00516,2026-08-27 10:52:04,2026-08-27 21:46:43,México,Android,Redes Sociales,Falla en Reproducción / Error System,Media,10.91,3
TCK-2024-00517,2026-08-27 00:19:15,2026-08-29 00:02:05,Chile,iOS,ChatBot Web,Interfaz No Responsiva / UX,Media,47.71,1
TCK-2024-00518,2026-08-22 20:22:44,2026-08-23 01:50:47,Argentina,Android,Redes Sociales,Error de Autenticación / Login,Baja,5.47,4
TCK-2024-00519,2026-09-01 18:05:02,2026-09-01 20:21:02,México,iOS,Formulario App,Error de Autenticación / Login,Media,2.27,5
TCK-2024-00520,2026-08-29 06:16:18,2026-08-29 17:02:41,Colombia,iOS,Redes Sociales,Error de Autenticación / Login,Crítica,10.77,2
TCK-2024-00521,2026-08-28 06:54:07,2026-09-01 07:09:27,México,Web Browser,Email Soporte,Falla en Reproducción / Error System,Alta,96.26,1
TCK-2024-00522,2026-08-27 11:09:57,2026-08-31 21:45:31,Argentina,iOS,Redes Sociales,Falla en Reproducción / Error System,Media,106.59,1
TCK-2024-00523,2026-08-27 10:52:04,2026-08-27 21:46:43,México,iOS,Formulario App,Falla en Reproducción / Error System,Alta,10.91,3
TCK-2024-00524,2026-08-27 00:19:15,2026-08-29 00:02:05,Chile,Android,Redes Sociales,Interfaz No Responsiva / UX,Alta,47.71,1
TCK-2024-00525,2026-08-22 20:22:44,2026-08-23 01:50:47,Chile,Android,ChatBot Web,Error de Autenticación / Login,Media,5.47,3
TCK-2024-00526,2026-09-01 18:05:02,2026-09-01 20:21:02,Perú,Android,Redes Sociales,Error de Autenticación / Login,Alta,2.27,5
TCK-2024-00527,2026-08-29 06:16:18,2026-08-29 17:02:41,Colombia,iOS,Redes Sociales,Error de Autenticación / Login,Baja,10.77,3
TCK-2024-00528,2026-08-28 06:54:07,2026-09-01 07:09:27,Argentina,iOS,Email Soporte,Falla en Reproducción / Error System,Alta,96.26,1
TCK-2024-00529,2026-08-27 11:09:57,2026-08-31 21:45:31,Perú,Android,ChatBot Web,Falla en Reproducción / Error System,Media,106.59,1
TCK-2024-00530,2026-08-27 10:52:04,2026-08-27 21:46:43,Colombia,Web Browser,ChatBot Web,Falla en Reproducción / Error System,Crítica,10.91,4
TCK-2024-00531,2026-08-27 00:19:15,2026-08-29 00:02:05,Argentina,Android,Redes Sociales,Interfaz No Responsiva / UX,Baja,47.71,1
TCK-2024-00532,2026-08-22 20:22:44,2026-08-23 01:50:47,Chile,Smart TV,Formulario App,Error de Autenticación / Login,Alta,5.47,3
TCK-2024-00533,2026-09-01 18:05:02,2026-09-01 20:21:02,Chile,iOS,Email Soporte,Error de Autenticación / Login,Baja,2.27,4
TCK-2024-00534,2026-08-29 06:16:18,2026-08-29 17:02:41,Argentina,Web Browser,Redes Sociales,Error de Autenticación / Login,Media,10.77,4
TCK-2024-00535,2026-08-28 06:54:07,2026-09-01 07:09:27,Argentina,Smart TV,Formulario App,Falla en Reproducción / Error System,Media,96.26,2
TCK-2024-00536,2026-08-27 11:09:57,2026-08-31 21:45:31,Chile,Android,Formulario App,Falla en Reproducción / Error System,Baja,106.59,2
TCK-2024-00537,2026-08-27 10:52:04,2026-08-27 21:46:43,Colombia,Smart TV,Redes Sociales,Falla en Reproducción / Error System,Media,10.91,3
TCK-2024-00538,2026-08-27 00:19:15,2026-08-29 00:02:05,Perú,Web Browser,Redes Sociales,Interfaz No Responsiva / UX,Media,47.71,1
TCK-2024-00539,2026-08-22 20:22:44,2026-08-23 01:50:47,Perú,Android,Email Soporte,Error de Autenticación / Login,Media,5.47,3
TCK-2024-00540,2026-09-01 18:05:02,2026-09-01 20:21:02,Colombia,Web Browser,Email Soporte,Error de Autenticación / Login,Media,2.27,5
TCK-2024-00541,2026-08-29 06:16:18,2026-08-29 17:02:41,Perú,Smart TV,ChatBot Web,Error de Autenticación / Login,Media,10.77,3
TCK-2024-00542,2026-08-28 06:54:07,2026-09-01 07:09:27,Argentina,iOS,Email Soporte,Falla en Reproducción / Error System,Crítica,96.26,1
TCK-2024-00543,2026-08-27 11:09:57,2026-08-31 21:45:31,México,Android,ChatBot Web,Falla en Reproducción / Error System,Baja,106.59,1
TCK-2024-00544,2026-08-27 10:52:04,2026-08-27 21:46:43,Colombia,Web Browser,Email Soporte,Falla en Reproducción / Error System,Media,10.91,3
TCK-2024-00545,2026-08-27 00:19:15,2026-08-29 00:02:05,Chile,iOS,ChatBot Web,Interfaz No Responsiva / UX,Media,47.71,2
TCK-2024-00546,2026-08-22 20:22:44,2026-08-23 01:50:47,México,Android,Formulario App,Error de Autenticación / Login,Baja,5.47,3
TCK-2024-00547,2026-09-01 18:05:02,2026-09-01 20:21:02,Argentina,iOS,Redes Sociales,Error de Autenticación / Login,Media,2.27,5
TCK-2024-00548,2026-08-29 06:16:18,2026-08-29 17:02:41,Chile,Android,Email Soporte,Error de Autenticación / Login,Media,10.77,3
TCK-2024-00549,2026-08-28 06:54:07,2026-09-01 07:09:27,Chile,iOS,Redes Sociales,Falla en Reproducción / Error System,Media,96.26,2
TCK-2024-00550,2026-08-27 11:09:57,2026-08-31 21:45:31,Perú,Smart TV,Email Soporte,Falla en Reproducción / Error System,Media,106.59,1
TCK-2024-00551,2026-08-27 10:52:04,2026-08-27 21:46:43,Chile,iOS,Email Soporte,Falla en Reproducción / Error System,Media,10.91,3
TCK-2024-00552,2026-08-27 00:19:15,2026-08-29 00:02:05,Argentina,Android,Email Soporte,Interfaz No Responsiva / UX,Baja,47.71,1
TCK-2024-00553,2026-08-22 20:22:44,2026-08-23 01:50:47,Perú,Smart TV,ChatBot Web,Error de Autenticación / Login,Baja,5.47,2
TCK-2024-00554,2026-09-01 18:05:02,2026-09-01 20:21:02,México,Web Browser,ChatBot Web,Error de Autenticación / Login,Alta,2.27,4
TCK-2024-00555,2026-08-29 06:16:18,2026-08-29 17:02:41,Colombia,iOS,Formulario App,Error de Autenticación / Login,Media,10.77,3
TCK-2024-00556,2026-08-28 06:54:07,2026-09-01 07:09:27,Perú,Android,ChatBot Web,Falla en Reproducción / Error System,Baja,96.26,1
TCK-2024-00557,2026-08-27 11:09:57,2026-08-31 21:45:31,México,Web Browser,Email Soporte,Falla en Reproducción / Error System,Media,106.59,1
TCK-2024-00558,2026-08-27 10:52:04,2026-08-27 21:46:43,Chile,Smart TV,Formulario App,Falla en Reproducción / Error System,Alta,10.91,4
TCK-2024-00559,2026-08-27 00:19:15,2026-08-29 00:02:05,Argentina,Android,Redes Sociales,Interfaz No Responsiva / UX,Crítica,47.71,1
TCK-2024-00560,2026-08-22 20:22:44,2026-08-23 01:50:47,Colombia,Web Browser,Redes Sociales,Error de Autenticación / Login,Baja,5.47,3
TCK-2024-00561,2026-09-01 18:05:02,2026-09-01 20:21:02,Chile,Web Browser,Email Soporte,Error de Autenticación / Login,Baja,2.27,5
TCK-2024-00562,2026-08-29 06:16:18,2026-08-29 17:02:41,México,Web Browser,ChatBot Web,Error de Autenticación / Login,Baja,10.77,4
TCK-2024-00563,2026-08-28 06:54:07,2026-09-01 07:09:27,Colombia,iOS,ChatBot Web,Falla en Reproducción / Error System,Media,96.26,3
TCK-2024-00564,2026-08-27 11:09:57,2026-08-31 21:45:31,México,Android,ChatBot Web,Falla en Reproducción / Error System,Media,106.59,3
TCK-2024-00565,2026-08-27 10:52:04,2026-08-27 21:46:43,Chile,Web Browser,Formulario App,Falla en Reproducción / Error System,Media,10.91,4
TCK-2024-00566,2026-08-27 00:19:15,2026-08-29 00:02:05,Colombia,Android,Redes Sociales,Interfaz No Responsiva / UX,Crítica,47.71,1
TCK-2024-00567,2026-08-22 20:22:44,2026-08-23 01:50:47,Colombia,Web Browser,Email Soporte,Error de Autenticación / Login,Media,5.47,3
TCK-2024-00568,2026-09-01 18:05:02,2026-09-01 20:21:02,México,Android,Formulario App,Error de Autenticación / Login,Alta,2.27,5
TCK-2024-00569,2026-08-29 06:16:18,2026-08-29 17:02:41,Colombia,Web Browser,Formulario App,Error de Autenticación / Login,Crítica,10.77,4
TCK-2024-00570,2026-08-28 06:54:07,2026-09-01 07:09:27,Chile,Web Browser,Redes Sociales,Falla en Reproducción / Error System,Baja,96.26,2
TCK-2024-00571,2026-08-27 11:09:57,2026-08-31 21:45:31,Colombia,Web Browser,ChatBot Web,Falla en Reproducción / Error System,Media,106.59,1
TCK-2024-00572,2026-08-27 10:52:04,2026-08-27 21:46:43,Chile,Android,Formulario App,Falla en Reproducción / Error System,Media,10.91,3
TCK-2024-00573,2026-08-27 00:19:15,2026-08-29 00:02:05,Colombia,iOS,Formulario App,Interfaz No Responsiva / UX,Crítica,47.71,1
TCK-2024-00574,2026-08-22 20:22:44,2026-08-23 01:50:47,Perú,Web Browser,Formulario App,Error de Autenticación / Login,Media,5.47,4
TCK-2024-00575,2026-09-01 18:05:02,2026-09-01 20:21:02,Argentina,iOS,Email Soporte,Error de Autenticación / Login,Alta,2.27,4
TCK-2024-00576,2026-08-29 06:16:18,2026-08-29 17:02:41,Argentina,Smart TV,Redes Sociales,Error de Autenticación / Login,Baja,10.77,4
TCK-2024-00577,2026-08-28 06:54:07,2026-09-01 07:09:27,Argentina,Smart TV,Redes Sociales,Falla en Reproducción / Error System,Crítica,96.26,3
TCK-2024-00578,2026-08-27 11:09:57,2026-08-31 21:45:31,Argentina,Web Browser,Redes Sociales,Falla en Reproducción / Error System,Baja,106.59,1
TCK-2024-00579,2026-08-27 10:52:04,2026-08-27 21:46:43,Chile,Smart TV,ChatBot Web,Falla en Reproducción / Error System,Baja,10.91,4
TCK-2024-00580,2026-08-27 00:19:15,2026-08-29 00:02:05,Argentina,iOS,ChatBot Web,Interfaz No Responsiva / UX,Alta,47.71,3
TCK-2024-00581,2026-08-22 20:22:44,2026-08-23 01:50:47,Chile,Android,Email Soporte,Error de Autenticación / Login,Alta,5.47,4
TCK-2024-00582,2026-09-01 18:05:02,2026-09-01 20:21:02,Argentina,Android,Redes Sociales,Error de Autenticación / Login,Alta,2.27,5
TCK-2024-00583,2026-08-29 06:16:18,2026-08-29 17:02:41,Perú,Web Browser,ChatBot Web,Error de Autenticación / Login,Media,10.77,4
TCK-2024-00584,2026-08-28 06:54:07,2026-09-01 07:09:27,Chile,Web Browser,Redes Sociales,Falla en Reproducción / Error System,Media,96.26,1
TCK-2024-00585,2026-08-27 11:09:57,2026-08-31 21:45:31,Perú,Android,ChatBot Web,Falla en Reproducción / Error System,Media,106.59,1
TCK-2024-00586,2026-08-27 10:52:04,2026-08-27 21:46:43,Argentina,Android,ChatBot Web,Falla en Reproducción / Error System,Baja,10.91,4
TCK-2024-00587,2026-08-27 00:19:15,2026-08-29 00:02:05,Chile,Smart TV,ChatBot Web,Interfaz No Responsiva / UX,Crítica,47.71,1
TCK-2024-00588,2026-08-22 20:22:44,2026-08-23 01:50:47,México,Web Browser,Email Soporte,Error de Autenticación / Login,Crítica,5.47,3
TCK-2024-00589,2026-09-01 18:05:02,2026-09-01 20:21:02,Colombia,Web Browser,Redes Sociales,Error de Autenticación / Login,Baja,2.27,5
TCK-2024-00590,2026-08-29 06:16:18,2026-08-29 17:02:41,Colombia,Web Browser,ChatBot Web,Error de Autenticación / Login,Alta,10.77,3
TCK-2024-00591,2026-08-28 06:54:07,2026-09-01 07:09:27,Argentina,Web Browser,Formulario App,Falla en Reproducción / Error System,Media,96.26,1
TCK-2024-00592,2026-08-27 11:09:57,2026-08-31 21:45:31,Chile,Smart TV,ChatBot Web,Falla en Reproducción / Error System,Media,106.59,1
TCK-2024-00593,2026-08-27 10:52:04,2026-08-27 21:46:43,Argentina,Web Browser,Email Soporte,Falla en Reproducción / Error System,Media,10.91,3
TCK-2024-00594,2026-08-27 00:19:15,2026-08-29 00:02:05,Chile,iOS,Redes Sociales,Interfaz No Responsiva / UX,Baja,47.71,1
TCK-2024-00595,2026-08-22 20:22:44,2026-08-23 01:50:47,Perú,Android,Email Soporte,Error de Autenticación / Login,Baja,5.47,3
TCK-2024-00596,2026-09-01 18:05:02,2026-09-01 20:21:02,Colombia,Android,Redes Sociales,Error de Autenticación / Login,Crítica,2.27,4
TCK-2024-00597,2026-08-29 06:16:18,2026-08-29 17:02:41,Chile,Web Browser,Email Soporte,Error de Autenticación / Login,Media,10.77,3
TCK-2024-00598,2026-08-28 06:54:07,2026-09-01 07:09:27,Perú,Web Browser,ChatBot Web,Falla en Reproducción / Error System,Media,96.26,1
TCK-2024-00599,2026-08-27 11:09:57,2026-08-31 21:45:31,Argentina,Smart TV,Formulario App,Falla en Reproducción / Error System,Media,106.59,1
TCK-2024-00600,2026-08-27 10:52:04,2026-08-27 21:46:43,México,iOS,Email Soporte,Falla en Reproducción / Error System,Media,10.91,2
TCK-2024-00601,2026-08-27 00:19:15,2026-08-29 00:02:05,Argentina,Android,Formulario App,Interfaz No Responsiva / UX,Alta,47.71,2
TCK-2024-00602,2026-08-22 20:22:44,2026-08-23 01:50:47,México,iOS,Redes Sociales,Error de Autenticación / Login,Media,5.47,2
TCK-2024-00603,2026-09-01 18:05:02,2026-09-01 20:21:02,Chile,iOS,Email Soporte,Error de Autenticación / Login,Media,2.27,4
TCK-2024-00604,2026-08-29 06:16:18,2026-08-29 17:02:41,Chile,Smart TV,Formulario App,Error de Autenticación / Login,Alta,10.77,3
TCK-2024-00605,2026-08-28 06:54:07,2026-09-01 07:09:27,Argentina,Smart TV,ChatBot Web,Falla en Reproducción / Error System,Baja,96.26,1
TCK-2024-00606,2026-08-27 11:09:57,2026-08-31 21:45:31,Perú,Android,Redes Sociales,Falla en Reproducción / Error System,Baja,106.59,2
TCK-2024-00607,2026-08-27 10:52:04,2026-08-27 21:46:43,Chile,Web Browser,Redes Sociales,Falla en Reproducción / Error System,Baja,10.91,2
TCK-2024-00608,2026-08-27 00:19:15,2026-08-29 00:02:05,Argentina,iOS,Email Soporte,Interfaz No Responsiva / UX,Baja,47.71,1
TCK-2024-00609,2026-08-22 20:22:44,2026-08-23 01:50:47,Chile,Android,ChatBot Web,Error de Autenticación / Login,Alta,5.47,3
TCK-2024-00610,2026-09-01 18:05:02,2026-09-01 20:21:02,Chile,iOS,Redes Sociales,Error de Autenticación / Login,Media,2.27,5
TCK-2024-00611,2026-08-29 06:16:18,2026-08-29 17:02:41,Chile,Web Browser,Email Soporte,Error de Autenticación / Login,Media,10.77,2
TCK-2024-00612,2026-08-28 06:54:07,2026-09-01 07:09:27,Chile,iOS,Email Soporte,Falla en Reproducción / Error System,Baja,96.26,3
TCK-2024-00613,2026-08-27 11:09:57,2026-08-31 21:45:31,Chile,iOS,Email Soporte,Falla en Reproducción / Error System,Baja,106.59,2
TCK-2024-00614,2026-08-27 10:52:04,2026-08-27 21:46:43,Colombia,Smart TV,ChatBot Web,Falla en Reproducción / Error System,Alta,10.91,3
TCK-2024-00615,2026-08-27 00:19:15,2026-08-29 00:02:05,Colombia,Web Browser,Formulario App,Interfaz No Responsiva / UX,Baja,47.71,1
TCK-2024-00616,2026-08-22 20:22:44,2026-08-23 01:50:47,Perú,iOS,ChatBot Web,Error de Autenticación / Login,Media,5.47,4
TCK-2024-00617,2026-09-01 18:05:02,2026-09-01 20:21:02,Chile,Web Browser,Redes Sociales,Error de Autenticación / Login,Baja,2.27,5
TCK-2024-00618,2026-08-29 06:16:18,2026-08-29 17:02:41,Perú,iOS,ChatBot Web,Error de Autenticación / Login,Media,10.77,4
TCK-2024-00619,2026-08-28 06:54:07,2026-09-01 07:09:27,Chile,Smart TV,Email Soporte,Falla en Reproducción / Error System,Media,96.26,1
TCK-2024-00620,2026-08-27 11:09:57,2026-08-31 21:45:31,Colombia,iOS,Email Soporte,Falla en Reproducción / Error System,Crítica,106.59,1
TCK-2024-00621,2026-08-27 10:52:04,2026-08-27 21:46:43,México,iOS,Formulario App,Falla en Reproducción / Error System,Baja,10.91,3
TCK-2024-00622,2026-08-27 00:19:15,2026-08-29 00:02:05,Perú,Android,Redes Sociales,Interfaz No Responsiva / UX,Media,47.71,2
TCK-2024-00623,2026-08-22 20:22:44,2026-08-23 01:50:47,Argentina,Smart TV,ChatBot Web,Error de Autenticación / Login,Baja,5.47,3
TCK-2024-00624,2026-09-01 18:05:02,2026-09-01 20:21:02,Argentina,iOS,ChatBot Web,Error de Autenticación / Login,Media,2.27,5
TCK-2024-00625,2026-08-29 06:16:18,2026-08-29 17:02:41,Colombia,Smart TV,ChatBot Web,Error de Autenticación / Login,Baja,10.77,3
TCK-2024-00626,2026-08-28 06:54:07,2026-09-01 07:09:27,Argentina,Android,ChatBot Web,Falla en Reproducción / Error System,Crítica,96.26,2
TCK-2024-00627,2026-08-27 11:09:57,2026-08-31 21:45:31,Perú,Web Browser,Redes Sociales,Falla en Reproducción / Error System,Baja,106.59,1
TCK-2024-00628,2026-08-27 10:52:04,2026-08-27 21:46:43,México,Web Browser,Formulario App,Falla en Reproducción / Error System,Alta,10.91,2
TCK-2024-00629,2026-08-27 00:19:15,2026-08-29 00:02:05,Colombia,Web Browser,Formulario App,Interfaz No Responsiva / UX,Alta,47.71,2
TCK-2024-00630,2026-08-22 20:22:44,2026-08-23 01:50:47,México,Smart TV,ChatBot Web,Error de Autenticación / Login,Alta,5.47,4
TCK-2024-00631,2026-09-01 18:05:02,2026-09-01 20:21:02,Chile,iOS,Email Soporte,Error de Autenticación / Login,Baja,2.27,5
TCK-2024-00632,2026-08-29 06:16:18,2026-08-29 17:02:41,Chile,Android,ChatBot Web,Error de Autenticación / Login,Baja,10.77,3
TCK-2024-00633,2026-08-28 06:54:07,2026-09-01 07:09:27,Chile,iOS,Redes Sociales,Falla en Reproducción / Error System,Alta,96.26,1
TCK-2024-00634,2026-08-27 11:09:57,2026-08-31 21:45:31,Argentina,iOS,Email Soporte,Falla en Reproducción / Error System,Baja,106.59,2
TCK-2024-00635,2026-08-27 10:52:04,2026-08-27 21:46:43,Argentina,iOS,Email Soporte,Falla en Reproducción / Error System,Alta,10.91,3
TCK-2024-00636,2026-08-27 00:19:15,2026-08-29 00:02:05,Colombia,iOS,Formulario App,Interfaz No Responsiva / UX,Media,47.71,1
TCK-2024-00637,2026-08-22 20:22:44,2026-08-23 01:50:47,Argentina,Web Browser,ChatBot Web,Error de Autenticación / Login,Media,5.47,2
TCK-2024-00638,2026-09-01 18:05:02,2026-09-01 20:21:02,Perú,iOS,Redes Sociales,Error de Autenticación / Login,Media,2.27,4
TCK-2024-00639,2026-08-29 06:16:18,2026-08-29 17:02:41,Chile,iOS,Email Soporte,Error de Autenticación / Login,Crítica,10.77,3
TCK-2024-00640,2026-08-28 06:54:07,2026-09-01 07:09:27,México,iOS,ChatBot Web,Falla en Reproducción / Error System,Media,96.26,1
TCK-2024-00641,2026-08-27 11:09:57,2026-08-31 21:45:31,Argentina,Smart TV,Redes Sociales,Falla en Reproducción / Error System,Alta,106.59,1
TCK-2024-00642,2026-08-27 10:52:04,2026-08-27 21:46:43,Chile,iOS,Email Soporte,Falla en Reproducción / Error System,Alta,10.91,2
TCK-2024-00643,2026-08-27 00:19:15,2026-08-29 00:02:05,Perú,Web Browser,ChatBot Web,Interfaz No Responsiva / UX,Media,47.71,1
TCK-2024-00644,2026-08-22 20:22:44,2026-08-23 01:50:47,Argentina,Web Browser,Email Soporte,Error de Autenticación / Login,Media,5.47,3
TCK-2024-00645,2026-09-01 18:05:02,2026-09-01 20:21:02,Perú,Web Browser,ChatBot Web,Error de Autenticación / Login,Media,2.27,5
TCK-2024-00646,2026-08-29 06:16:18,2026-08-29 17:02:41,Argentina,iOS,Email Soporte,Error de Autenticación / Login,Media,10.77,4
TCK-2024-00647,2026-08-28 06:54:07,2026-09-01 07:09:27,Perú,Smart TV,Formulario App,Falla en Reproducción / Error System,Media,96.26,1
TCK-2024-00648,2026-08-27 11:09:57,2026-08-31 21:45:31,Argentina,Android,Redes Sociales,Falla en Reproducción / Error System,Media,106.59,1
TCK-2024-00649,2026-08-27 10:52:04,2026-08-27 21:46:43,Colombia,iOS,Formulario App,Falla en Reproducción / Error System,Media,10.91,2
TCK-2024-00650,2026-08-27 00:19:15,2026-08-29 00:02:05,Argentina,iOS,ChatBot Web,Interfaz No Responsiva / UX,Media,47.71,2
TCK-2024-00651,2026-08-22 20:22:44,2026-08-23 01:50:47,Argentina,iOS,ChatBot Web,Error de Autenticación / Login,Media,5.47,3
TCK-2024-00652,2026-09-01 18:05:02,2026-09-01 20:21:02,México,Android,Email Soporte,Error de Autenticación / Login,Baja,2.27,5
TCK-2024-00653,2026-08-29 06:16:18,2026-08-29 17:02:41,México,Smart TV,Email Soporte,Error de Autenticación / Login,Media,10.77,2
TCK-2024-00654,2026-08-28 06:54:07,2026-09-01 07:09:27,México,Android,Email Soporte,Falla en Reproducción / Error System,Media,96.26,3
TCK-2024-00655,2026-08-27 11:09:57,2026-08-31 21:45:31,Argentina,iOS,ChatBot Web,Falla en Reproducción / Error System,Media,106.59,1
TCK-2024-00656,2026-08-27 10:52:04,2026-08-27 21:46:43,Perú,Android,Email Soporte,Falla en Reproducción / Error System,Alta,10.91,3
TCK-2024-00657,2026-08-27 00:19:15,2026-08-29 00:02:05,Argentina,Smart TV,Formulario App,Interfaz No Responsiva / UX,Baja,47.71,1
TCK-2024-00658,2026-08-22 20:22:44,2026-08-23 01:50:47,Chile,Android,ChatBot Web,Error de Autenticación / Login,Crítica,5.47,4
TCK-2024-00659,2026-09-01 18:05:02,2026-09-01 20:21:02,Argentina,Web Browser,Email Soporte,Error de Autenticación / Login,Baja,2.27,5
TCK-2024-00660,2026-08-29 06:16:18,2026-08-29 17:02:41,Chile,iOS,Redes Sociales,Error de Autenticación / Login,Media,10.77,3
TCK-2024-00661,2026-08-28 06:54:07,2026-09-01 07:09:27,Colombia,Smart TV,ChatBot Web,Falla en Reproducción / Error System,Baja,96.26,1
TCK-2024-00662,2026-08-27 11:09:57,2026-08-31 21:45:31,México,Smart TV,Email Soporte,Falla en Reproducción / Error System,Baja,106.59,3
TCK-2024-00663,2026-08-27 10:52:04,2026-08-27 21:46:43,México,Android,Formulario App,Falla en Reproducción / Error System,Media,10.91,3
TCK-2024-00664,2026-08-27 00:19:15,2026-08-29 00:02:05,Chile,Android,Formulario App,Interfaz No Responsiva / UX,Baja,47.71,2
TCK-2024-00665,2026-08-22 20:22:44,2026-08-23 01:50:47,Perú,Web Browser,Redes Sociales,Error de Autenticación / Login,Media,5.47,4
TCK-2024-00666,2026-09-01 18:05:02,2026-09-01 20:21:02,Chile,Smart TV,Formulario App,Error de Autenticación / Login,Baja,2.27,5
TCK-2024-00667,2026-08-29 06:16:18,2026-08-29 17:02:41,Chile,Android,Redes Sociales,Error de Autenticación / Login,Baja,10.77,4
TCK-2024-00668,2026-08-28 06:54:07,2026-09-01 07:09:27,México,Android,Formulario App,Falla en Reproducción / Error System,Crítica,96.26,3
TCK-2024-00669,2026-08-27 11:09:57,2026-08-31 21:45:31,Chile,Smart TV,Redes Sociales,Falla en Reproducción / Error System,Media,106.59,2
TCK-2024-00670,2026-08-27 10:52:04,2026-08-27 21:46:43,Chile,Web Browser,ChatBot Web,Falla en Reproducción / Error System,Baja,10.91,3
TCK-2024-00671,2026-08-27 00:19:15,2026-08-29 00:02:05,Colombia,Android,ChatBot Web,Interfaz No Responsiva / UX,Media,47.71,2
TCK-2024-00672,2026-08-22 20:22:44,2026-08-23 01:50:47,Chile,Android,Email Soporte,Error de Autenticación / Login,Media,5.47,3
TCK-2024-00673,2026-09-01 18:05:02,2026-09-01 20:21:02,México,iOS,Formulario App,Error de Autenticación / Login,Baja,2.27,5
TCK-2024-00674,2026-08-29 06:16:18,2026-08-29 17:02:41,Colombia,Smart TV,ChatBot Web,Error de Autenticación / Login,Alta,10.77,3
TCK-2024-00675,2026-08-28 06:54:07,2026-09-01 07:09:27,Argentina,Smart TV,Email Soporte,Falla en Reproducción / Error System,Baja,96.26,1
TCK-2024-00676,2026-08-27 11:09:57,2026-08-31 21:45:31,Argentina,Android,ChatBot Web,Falla en Reproducción / Error System,Baja,106.59,1
TCK-2024-00677,2026-08-27 10:52:04,2026-08-27 21:46:43,Colombia,Android,ChatBot Web,Falla en Reproducción / Error System,Media,10.91,4
TCK-2024-00678,2026-08-27 00:19:15,2026-08-29 00:02:05,Colombia,Smart TV,Email Soporte,Interfaz No Responsiva / UX,Media,47.71,1
TCK-2024-00679,2026-08-22 20:22:44,2026-08-23 01:50:47,Argentina,Android,ChatBot Web,Error de Autenticación / Login,Alta,5.47,3
TCK-2024-00680,2026-09-01 18:05:02,2026-09-01 20:21:02,México,Android,Formulario App,Error de Autenticación / Login,Crítica,2.27,4
TCK-2024-00681,2026-08-29 06:16:18,2026-08-29 17:02:41,Chile,iOS,ChatBot Web,Error de Autenticación / Login,Baja,10.77,3
TCK-2024-00682,2026-08-28 06:54:07,2026-09-01 07:09:27,Argentina,iOS,Formulario App,Falla en Reproducción / Error System,Media,96.26,3
TCK-2024-00683,2026-08-27 11:09:57,2026-08-31 21:45:31,Chile,iOS,Formulario App,Falla en Reproducción / Error System,Media,106.59,1
TCK-2024-00684,2026-08-27 10:52:04,2026-08-27 21:46:43,Chile,Web Browser,Formulario App,Falla en Reproducción / Error System,Crítica,10.91,3
TCK-2024-00685,2026-08-27 00:19:15,2026-08-29 00:02:05,Argentina,Android,Email Soporte,Interfaz No Responsiva / UX,Alta,47.71,1
TCK-2024-00686,2026-08-22 20:22:44,2026-08-23 01:50:47,Argentina,Android,ChatBot Web,Error de Autenticación / Login,Media,5.47,3
TCK-2024-00687,2026-09-01 18:05:02,2026-09-01 20:21:02,Chile,Android,Redes Sociales,Error de Autenticación / Login,Media,2.27,4
TCK-2024-00688,2026-08-29 06:16:18,2026-08-29 17:02:41,Argentina,Smart TV,Email Soporte,Error de Autenticación / Login,Baja,10.77,4
TCK-2024-00689,2026-08-28 06:54:07,2026-09-01 07:09:27,Chile,iOS,ChatBot Web,Falla en Reproducción / Error System,Media,96.26,1
TCK-2024-00690,2026-08-27 11:09:57,2026-08-31 21:45:31,Argentina,iOS,ChatBot Web,Falla en Reproducción / Error System,Media,106.59,1
TCK-2024-00691,2026-08-27 10:52:04,2026-08-27 21:46:43,Chile,Web Browser,Redes Sociales,Falla en Reproducción / Error System,Media,10.91,2
TCK-2024-00692,2026-08-27 00:19:15,2026-08-29 00:02:05,Colombia,Web Browser,Email Soporte,Interfaz No Responsiva / UX,Crítica,47.71,1
TCK-2024-00693,2026-08-22 20:22:44,2026-08-23 01:50:47,Argentina,Android,ChatBot Web,Error de Autenticación / Login,Crítica,5.47,3
TCK-2024-00694,2026-09-01 18:05:02,2026-09-01 20:21:02,Chile,Smart TV,Formulario App,Error de Autenticación / Login,Media,2.27,5
TCK-2024-00695,2026-08-29 06:16:18,2026-08-29 17:02:41,Colombia,Smart TV,Redes Sociales,Error de Autenticación / Login,Baja,10.77,4
TCK-2024-00696,2026-08-28 06:54:07,2026-09-01 07:09:27,Chile,iOS,ChatBot Web,Falla en Reproducción / Error System,Baja,96.26,1
TCK-2024-00697,2026-08-27 11:09:57,2026-08-31 21:45:31,Chile,iOS,ChatBot Web,Falla en Reproducción / Error System,Media,106.59,1
TCK-2024-00698,2026-08-27 10:52:04,2026-08-27 21:46:43,Chile,Web Browser,ChatBot Web,Falla en Reproducción / Error System,Crítica,10.91,3
TCK-2024-00699,2026-08-27 00:19:15,2026-08-29 00:02:05,Chile,iOS,Email Soporte,Interfaz No Responsiva / UX,Media,47.71,1
TCK-2024-00700,2026-08-22 20:22:44,2026-08-23 01:50:47,Chile,Android,Redes Sociales,Error de Autenticación / Login,Media,5.47,2
TCK-2024-00701,2026-09-01 18:05:02,2026-09-01 20:21:02,Chile,Web Browser,Redes Sociales,Error de Autenticación / Login,Media,2.27,5
TCK-2024-00702,2026-08-29 06:16:18,2026-08-29 17:02:41,Perú,Web Browser,ChatBot Web,Error de Autenticación / Login,Media,10.77,2
TCK-2024-00703,2026-08-28 06:54:07,2026-09-01 07:09:27,Chile,Android,Redes Sociales,Falla en Reproducción / Error System,Baja,96.26,1
TCK-2024-00704,2026-08-27 11:09:57,2026-08-31 21:45:31,México,Android,Email Soporte,Falla en Reproducción / Error System,Alta,106.59,3
TCK-2024-00705,2026-08-27 10:52:04,2026-08-27 21:46:43,Argentina,Android,Formulario App,Falla en Reproducción / Error System,Baja,10.91,2
TCK-2024-00706,2026-08-27 00:19:15,2026-08-29 00:02:05,Argentina,Web Browser,Redes Sociales,Interfaz No Responsiva / UX,Baja,47.71,3
TCK-2024-00707,2026-08-22 20:22:44,2026-08-23 01:50:47,México,iOS,Formulario App,Error de Autenticación / Login,Media,5.47,4
TCK-2024-00708,2026-09-01 18:05:02,2026-09-01 20:21:02,Chile,iOS,Email Soporte,Error de Autenticación / Login,Baja,2.27,5
TCK-2024-00709,2026-08-29 06:16:18,2026-08-29 17:02:41,Colombia,Smart TV,Email Soporte,Error de Autenticación / Login,Crítica,10.77,3
TCK-2024-00710,2026-08-28 06:54:07,2026-09-01 07:09:27,Argentina,Smart TV,Email Soporte,Falla en Reproducción / Error System,Baja,96.26,3
TCK-2024-00711,2026-08-27 11:09:57,2026-08-31 21:45:31,Perú,Web Browser,Formulario App,Falla en Reproducción / Error System,Crítica,106.59,1
TCK-2024-00712,2026-08-27 10:52:04,2026-08-27 21:46:43,Chile,Android,Formulario App,Falla en Reproducción / Error System,Media,10.91,3
TCK-2024-00713,2026-08-27 00:19:15,2026-08-29 00:02:05,México,Android,Formulario App,Interfaz No Responsiva / UX,Baja,47.71,1
TCK-2024-00714,2026-08-22 20:22:44,2026-08-23 01:50:47,Chile,iOS,ChatBot Web,Error de Autenticación / Login,Media,5.47,3
TCK-2024-00715,2026-09-01 18:05:02,2026-09-01 20:21:02,Chile,Android,Redes Sociales,Error de Autenticación / Login,Media,2.27,5
TCK-2024-00716,2026-08-29 06:16:18,2026-08-29 17:02:41,Colombia,Smart TV,Email Soporte,Error de Autenticación / Login,Media,10.77,4
TCK-2024-00717,2026-08-28 06:54:07,2026-09-01 07:09:27,Argentina,Android,ChatBot Web,Falla en Reproducción / Error System,Crítica,96.26,2
TCK-2024-00718,2026-08-27 11:09:57,2026-08-31 21:45:31,Argentina,iOS,Redes Sociales,Falla en Reproducción / Error System,Baja,106.59,1
TCK-2024-00719,2026-08-27 10:52:04,2026-08-27 21:46:43,Chile,Android,Email Soporte,Falla en Reproducción / Error System,Alta,10.91,4
TCK-2024-00720,2026-08-27 00:19:15,2026-08-29 00:02:05,Argentina,Web Browser,Redes Sociales,Interfaz No Responsiva / UX,Media,47.71,1
TCK-2024-00721,2026-08-22 20:22:44,2026-08-23 01:50:47,Argentina,Smart TV,ChatBot Web,Error de Autenticación / Login,Media,5.47,2
TCK-2024-00722,2026-09-01 18:05:02,2026-09-01 20:21:02,Perú,Web Browser,Formulario App,Error de Autenticación / Login,Baja,2.27,4
TCK-2024-00723,2026-08-29 06:16:18,2026-08-29 17:02:41,Colombia,Smart TV,Formulario App,Error de Autenticación / Login,Crítica,10.77,4
TCK-2024-00724,2026-08-28 06:54:07,2026-09-01 07:09:27,Perú,iOS,Redes Sociales,Falla en Reproducción / Error System,Alta,96.26,1
TCK-2024-00725,2026-08-27 11:09:57,2026-08-31 21:45:31,Argentina,iOS,Email Soporte,Falla en Reproducción / Error System,Media,106.59,3
TCK-2024-00726,2026-08-27 10:52:04,2026-08-27 21:46:43,Argentina,Android,Redes Sociales,Falla en Reproducción / Error System,Alta,10.91,4
TCK-2024-00727,2026-08-27 00:19:15,2026-08-29 00:02:05,Argentina,iOS,Email Soporte,Interfaz No Responsiva / UX,Media,47.71,2
TCK-2024-00728,2026-08-22 20:22:44,2026-08-23 01:50:47,México,Android,ChatBot Web,Error de Autenticación / Login,Media,5.47,4
TCK-2024-00729,2026-09-01 18:05:02,2026-09-01 20:21:02,México,Web Browser,Redes Sociales,Error de Autenticación / Login,Baja,2.27,4
TCK-2024-00730,2026-08-29 06:16:18,2026-08-29 17:02:41,Perú,Web Browser,Formulario App,Error de Autenticación / Login,Alta,10.77,2
TCK-2024-00731,2026-08-28 06:54:07,2026-09-01 07:09:27,Chile,Web Browser,ChatBot Web,Falla en Reproducción / Error System,Media,96.26,2
TCK-2024-00732,2026-08-27 11:09:57,2026-08-31 21:45:31,Chile,iOS,ChatBot Web,Falla en Reproducción / Error System,Media,106.59,1
TCK-2024-00733,2026-08-27 10:52:04,2026-08-27 21:46:43,Colombia,Web Browser,Email Soporte,Falla en Reproducción / Error System,Media,10.91,2
TCK-2024-00734,2026-08-27 00:19:15,2026-08-29 00:02:05,Perú,Web Browser,Email Soporte,Interfaz No Responsiva / UX,Media,47.71,1
TCK-2024-00735,2026-08-22 20:22:44,2026-08-23 01:50:47,Colombia,Web Browser,ChatBot Web,Error de Autenticación / Login,Baja,5.47,3
TCK-2024-00736,2026-09-01 18:05:02,2026-09-01 20:21:02,Colombia,Web Browser,Formulario App,Error de Autenticación / Login,Alta,2.27,4
TCK-2024-00737,2026-08-29 06:16:18,2026-08-29 17:02:41,Argentina,Smart TV,ChatBot Web,Error de Autenticación / Login,Baja,10.77,3
TCK-2024-00738,2026-08-28 06:54:07,2026-09-01 07:09:27,Colombia,Android,Email Soporte,Falla en Reproducción / Error System,Media,96.26,1
TCK-2024-00739,2026-08-27 11:09:57,2026-08-31 21:45:31,Colombia,Android,Formulario App,Falla en Reproducción / Error System,Baja,106.59,1
TCK-2024-00740,2026-08-27 10:52:04,2026-08-27 21:46:43,Chile,Android,Formulario App,Falla en Reproducción / Error System,Baja,10.91,3
TCK-2024-00741,2026-08-27 00:19:15,2026-08-29 00:02:05,Argentina,Android,Redes Sociales,Interfaz No Responsiva / UX,Crítica,47.71,1
TCK-2024-00742,2026-08-22 20:22:44,2026-08-23 01:50:47,Perú,Android,Redes Sociales,Error de Autenticación / Login,Media,5.47,3
TCK-2024-00743,2026-09-01 18:05:02,2026-09-01 20:21:02,México,Android,ChatBot Web,Error de Autenticación / Login,Alta,2.27,5
TCK-2024-00744,2026-08-29 06:16:18,2026-08-29 17:02:41,México,Android,Formulario App,Error de Autenticación / Login,Media,10.77,2
TCK-2024-00745,2026-08-28 06:54:07,2026-09-01 07:09:27,Argentina,Web Browser,Redes Sociales,Falla en Reproducción / Error System,Baja,96.26,1
TCK-2024-00746,2026-08-27 11:09:57,2026-08-31 21:45:31,Argentina,Smart TV,Email Soporte,Falla en Reproducción / Error System,Alta,106.59,1
TCK-2024-00747,2026-08-27 10:52:04,2026-08-27 21:46:43,Chile,Android,Email Soporte,Falla en Reproducción / Error System,Media,10.91,3
TCK-2024-00748,2026-08-27 00:19:15,2026-08-29 00:02:05,México,iOS,Redes Sociales,Interfaz No Responsiva / UX,Media,47.71,1
TCK-2024-00749,2026-08-22 20:22:44,2026-08-23 01:50:47,México,Web Browser,Redes Sociales,Error de Autenticación / Login,Alta,5.47,4
TCK-2024-00750,2026-09-01 18:05:02,2026-09-01 20:21:02,Chile,Smart TV,ChatBot Web,Error de Autenticación / Login,Alta,2.27,5
TCK-2024-00751,2026-08-29 06:16:18,2026-08-29 17:02:41,Chile,Android,ChatBot Web,Error de Autenticación / Login,Baja,10.77,2
TCK-2024-00752,2026-08-28 06:54:07,2026-09-01 07:09:27,Chile,Web Browser,Redes Sociales,Falla en Reproducción / Error System,Media,96.26,1
TCK-2024-00753,2026-08-27 11:09:57,2026-08-31 21:45:31,Argentina,iOS,ChatBot Web,Falla en Reproducción / Error System,Media,106.59,3
TCK-2024-00754,2026-08-27 10:52:04,2026-08-27 21:46:43,México,iOS,Formulario App,Falla en Reproducción / Error System,Alta,10.91,3
TCK-2024-00755,2026-08-27 00:19:15,2026-08-29 00:02:05,Chile,Android,Formulario App,Interfaz No Responsiva / UX,Baja,47.71,2
TCK-2024-00756,2026-08-22 20:22:44,2026-08-23 01:50:47,México,Android,Redes Sociales,Error de Autenticación / Login,Crítica,5.47,3
TCK-2024-00757,2026-09-01 18:05:02,2026-09-01 20:21:02,México,Smart TV,Email Soporte,Error de Autenticación / Login,Media,2.27,5
TCK-2024-00758,2026-08-29 06:16:18,2026-08-29 17:02:41,Chile,Android,Redes Sociales,Error de Autenticación / Login,Baja,10.77,4
TCK-2024-00759,2026-08-28 06:54:07,2026-09-01 07:09:27,México,iOS,Email Soporte,Falla en Reproducción / Error System,Baja,96.26,1
TCK-2024-00760,2026-08-27 11:09:57,2026-08-31 21:45:31,Colombia,Android,ChatBot Web,Falla en Reproducción / Error System,Crítica,106.59,1
TCK-2024-00761,2026-08-27 10:52:04,2026-08-27 21:46:43,Argentina,Web Browser,ChatBot Web,Falla en Reproducción / Error System,Media,10.91,3
TCK-2024-00762,2026-08-27 00:19:15,2026-08-29 00:02:05,Argentina,Android,ChatBot Web,Interfaz No Responsiva / UX,Media,47.71,2
TCK-2024-00763,2026-08-22 20:22:44,2026-08-23 01:50:47,Perú,Android,Email Soporte,Error de Autenticación / Login,Baja,5.47,3
TCK-2024-00764,2026-09-01 18:05:02,2026-09-01 20:21:02,México,Android,Redes Sociales,Error de Autenticación / Login,Alta,2.27,5
TCK-2024-00765,2026-08-29 06:16:18,2026-08-29 17:02:41,Colombia,iOS,Redes Sociales,Error de Autenticación / Login,Alta,10.77,3
TCK-2024-00766,2026-08-28 06:54:07,2026-09-01 07:09:27,Chile,Web Browser,Redes Sociales,Falla en Reproducción / Error System,Alta,96.26,1
TCK-2024-00767,2026-08-27 11:09:57,2026-08-31 21:45:31,Argentina,iOS,ChatBot Web,Falla en Reproducción / Error System,Alta,106.59,1
TCK-2024-00768,2026-08-27 10:52:04,2026-08-27 21:46:43,Chile,Web Browser,Email Soporte,Falla en Reproducción / Error System,Media,10.91,3
TCK-2024-00769,2026-08-27 00:19:15,2026-08-29 00:02:05,Colombia,Web Browser,Email Soporte,Interfaz No Responsiva / UX,Media,47.71,1
TCK-2024-00770,2026-08-22 20:22:44,2026-08-23 01:50:47,Chile,Web Browser,Formulario App,Error de Autenticación / Login,Alta,5.47,4
TCK-2024-00771,2026-09-01 18:05:02,2026-09-01 20:21:02,Argentina,Android,Formulario App,Error de Autenticación / Login,Baja,2.27,5
TCK-2024-00772,2026-08-29 06:16:18,2026-08-29 17:02:41,Colombia,Smart TV,ChatBot Web,Error de Autenticación / Login,Media,10.77,3
TCK-2024-00773,2026-08-28 06:54:07,2026-09-01 07:09:27,Chile,Web Browser,Redes Sociales,Falla en Reproducción / Error System,Baja,96.26,1
TCK-2024-00774,2026-08-27 11:09:57,2026-08-31 21:45:31,Chile,Web Browser,ChatBot Web,Falla en Reproducción / Error System,Baja,106.59,2
TCK-2024-00775,2026-08-27 10:52:04,2026-08-27 21:46:43,Perú,iOS,Formulario App,Falla en Reproducción / Error System,Alta,10.91,4
TCK-2024-00776,2026-08-27 00:19:15,2026-08-29 00:02:05,Perú,Android,ChatBot Web,Interfaz No Responsiva / UX,Media,47.71,3
TCK-2024-00777,2026-08-22 20:22:44,2026-08-23 01:50:47,Argentina,Smart TV,Formulario App,Error de Autenticación / Login,Media,5.47,3
TCK-2024-00778,2026-09-01 18:05:02,2026-09-01 20:21:02,Colombia,iOS,Formulario App,Error de Autenticación / Login,Media,2.27,5
TCK-2024-00779,2026-08-29 06:16:18,2026-08-29 17:02:41,Argentina,Smart TV,Email Soporte,Error de Autenticación / Login,Baja,10.77,2
TCK-2024-00780,2026-08-28 06:54:07,2026-09-01 07:09:27,Perú,Android,ChatBot Web,Falla en Reproducción / Error System,Media,96.26,1
TCK-2024-00781,2026-08-27 11:09:57,2026-08-31 21:45:31,Colombia,Web Browser,Formulario App,Falla en Reproducción / Error System,Baja,106.59,2
TCK-2024-00782,2026-08-27 10:52:04,2026-08-27 21:46:43,Colombia,Android,Email Soporte,Falla en Reproducción / Error System,Baja,10.91,3
TCK-2024-00783,2026-08-27 00:19:15,2026-08-29 00:02:05,México,Web Browser,Email Soporte,Interfaz No Responsiva / UX,Alta,47.71,2
TCK-2024-00784,2026-08-22 20:22:44,2026-08-23 01:50:47,Chile,Web Browser,Formulario App,Error de Autenticación / Login,Alta,5.47,3
TCK-2024-00785,2026-09-01 18:05:02,2026-09-01 20:21:02,México,Web Browser,ChatBot Web,Error de Autenticación / Login,Baja,2.27,4
TCK-2024-00786,2026-08-29 06:16:18,2026-08-29 17:02:41,Chile,Android,Formulario App,Error de Autenticación / Login,Alta,10.77,4
TCK-2024-00787,2026-08-28 06:54:07,2026-09-01 07:09:27,Chile,Android,ChatBot Web,Falla en Reproducción / Error System,Media,96.26,1
TCK-2024-00788,2026-08-27 11:09:57,2026-08-31 21:45:31,Chile,iOS,Email Soporte,Falla en Reproducción / Error System,Media,106.59,3
TCK-2024-00789,2026-08-27 10:52:04,2026-08-27 21:46:43,Chile,iOS,ChatBot Web,Falla en Reproducción / Error System,Baja,10.91,2
TCK-2024-00790,2026-08-27 00:19:15,2026-08-29 00:02:05,Chile,iOS,Email Soporte,Interfaz No Responsiva / UX,Media,47.71,2
TCK-2024-00791,2026-08-22 20:22:44,2026-08-23 01:50:47,Argentina,Android,ChatBot Web,Error de Autenticación / Login,Baja,5.47,4
TCK-2024-00792,2026-09-01 18:05:02,2026-09-01 20:21:02,Perú,iOS,Email Soporte,Error de Autenticación / Login,Baja,2.27,5
TCK-2024-00793,2026-08-29 06:16:18,2026-08-29 17:02:41,Perú,Android,ChatBot Web,Error de Autenticación / Login,Alta,10.77,4
TCK-2024-00794,2026-08-28 06:54:07,2026-09-01 07:09:27,Perú,iOS,Email Soporte,Falla en Reproducción / Error System,Media,96.26,3
TCK-2024-00795,2026-08-27 11:09:57,2026-08-31 21:45:31,Colombia,iOS,Formulario App,Falla en Reproducción / Error System,Baja,106.59,1
TCK-2024-00796,2026-08-27 10:52:04,2026-08-27 21:46:43,Colombia,Web Browser,Redes Sociales,Falla en Reproducción / Error System,Baja,10.91,4
TCK-2024-00797,2026-08-27 00:19:15,2026-08-29 00:02:05,Perú,Smart TV,Email Soporte,Interfaz No Responsiva / UX,Alta,47.71,3
TCK-2024-00798,2026-08-22 20:22:44,2026-08-23 01:50:47,Colombia,iOS,Formulario App,Error de Autenticación / Login,Alta,5.47,2
TCK-2024-00799,2026-09-01 18:05:02,2026-09-01 20:21:02,Colombia,Android,ChatBot Web,Error de Autenticación / Login,Media,2.27,5
TCK-2024-00800,2026-08-29 06:16:18,2026-08-29 17:02:41,Colombia,Android,Formulario App,Error de Autenticación / Login,Baja,10.77,3
TCK-2024-00801,2026-08-28 06:54:07,2026-09-01 07:09:27,Colombia,Android,Email Soporte,Falla en Reproducción / Error System,Alta,96.26,2
TCK-2024-00802,2026-08-27 11:09:57,2026-08-31 21:45:31,Argentina,Smart TV,Formulario App,Falla en Reproducción / Error System,Alta,106.59,2
TCK-2024-00803,2026-08-27 10:52:04,2026-08-27 21:46:43,Perú,Smart TV,Email Soporte,Falla en Reproducción / Error System,Media,10.91,2
TCK-2024-00804,2026-08-27 00:19:15,2026-08-29 00:02:05,Argentina,Web Browser,ChatBot Web,Interfaz No Responsiva / UX,Baja,47.71,1
TCK-2024-00805,2026-08-22 20:22:44,2026-08-23 01:50:47,Argentina,Web Browser,Email Soporte,Error de Autenticación / Login,Media,5.47,2
TCK-2024-00806,2026-09-01 18:05:02,2026-09-01 20:21:02,Argentina,Android,Email Soporte,Error de Autenticación / Login,Crítica,2.27,5
TCK-2024-00807,2026-08-29 06:16:18,2026-08-29 17:02:41,Colombia,Smart TV,Formulario App,Error de Autenticación / Login,Media,10.77,3
TCK-2024-00808,2026-08-28 06:54:07,2026-09-01 07:09:27,México,Smart TV,ChatBot Web,Falla en Reproducción / Error System,Media,96.26,1
TCK-2024-00809,2026-08-27 11:09:57,2026-08-31 21:45:31,Colombia,iOS,Email Soporte,Falla en Reproducción / Error System,Media,106.59,1
TCK-2024-00810,2026-08-27 10:52:04,2026-08-27 21:46:43,Colombia,Android,Redes Sociales,Falla en Reproducción / Error System,Alta,10.91,3
TCK-2024-00811,2026-08-27 00:19:15,2026-08-29 00:02:05,Perú,Android,Redes Sociales,Interfaz No Responsiva / UX,Baja,47.71,2
TCK-2024-00812,2026-08-22 20:22:44,2026-08-23 01:50:47,Perú,Web Browser,Redes Sociales,Error de Autenticación / Login,Alta,5.47,3
TCK-2024-00813,2026-09-01 18:05:02,2026-09-01 20:21:02,Chile,Android,ChatBot Web,Error de Autenticación / Login,Baja,2.27,5
TCK-2024-00814,2026-08-29 06:16:18,2026-08-29 17:02:41,Chile,Smart TV,Redes Sociales,Error de Autenticación / Login,Alta,10.77,3
TCK-2024-00815,2026-08-28 06:54:07,2026-09-01 07:09:27,Perú,iOS,Email Soporte,Falla en Reproducción / Error System,Media,96.26,1
TCK-2024-00816,2026-08-27 11:09:57,2026-08-31 21:45:31,Chile,Android,Redes Sociales,Falla en Reproducción / Error System,Alta,106.59,1
TCK-2024-00817,2026-08-27 10:52:04,2026-08-27 21:46:43,Chile,Android,Formulario App,Falla en Reproducción / Error System,Alta,10.91,2
TCK-2024-00818,2026-08-27 00:19:15,2026-08-29 00:02:05,México,iOS,Email Soporte,Interfaz No Responsiva / UX,Media,47.71,1
TCK-2024-00819,2026-08-22 20:22:44,2026-08-23 01:50:47,Colombia,iOS,ChatBot Web,Error de Autenticación / Login,Media,5.47,3
TCK-2024-00820,2026-09-01 18:05:02,2026-09-01 20:21:02,Argentina,Smart TV,ChatBot Web,Error de Autenticación / Login,Media,2.27,4
TCK-2024-00821,2026-08-29 06:16:18,2026-08-29 17:02:41,Chile,Android,Redes Sociales,Error de Autenticación / Login,Baja,10.77,4
TCK-2024-00822,2026-08-28 06:54:07,2026-09-01 07:09:27,Chile,Smart TV,Email Soporte,Falla en Reproducción / Error System,Media,96.26,2
TCK-2024-00823,2026-08-27 11:09:57,2026-08-31 21:45:31,Chile,Android,Email Soporte,Falla en Reproducción / Error System,Alta,106.59,2
TCK-2024-00824,2026-08-27 10:52:04,2026-08-27 21:46:43,México,Web Browser,Email Soporte,Falla en Reproducción / Error System,Media,10.91,3
TCK-2024-00825,2026-08-27 00:19:15,2026-08-29 00:02:05,México,Web Browser,Email Soporte,Interfaz No Responsiva / UX,Baja,47.71,3
TCK-2024-00826,2026-08-22 20:22:44,2026-08-23 01:50:47,Colombia,Smart TV,Redes Sociales,Error de Autenticación / Login,Baja,5.47,2
TCK-2024-00827,2026-09-01 18:05:02,2026-09-01 20:21:02,Argentina,Smart TV,ChatBot Web,Error de Autenticación / Login,Baja,2.27,5
TCK-2024-00828,2026-08-29 06:16:18,2026-08-29 17:02:41,Chile,Web Browser,Email Soporte,Error de Autenticación / Login,Media,10.77,3
TCK-2024-00829,2026-08-28 06:54:07,2026-09-01 07:09:27,Argentina,Web Browser,Email Soporte,Falla en Reproducción / Error System,Media,96.26,2
TCK-2024-00830,2026-08-27 11:09:57,2026-08-31 21:45:31,Perú,iOS,Email Soporte,Falla en Reproducción / Error System,Media,106.59,1
TCK-2024-00831,2026-08-27 10:52:04,2026-08-27 21:46:43,Chile,Smart TV,Email Soporte,Falla en Reproducción / Error System,Baja,10.91,4
TCK-2024-00832,2026-08-27 00:19:15,2026-08-29 00:02:05,Chile,Web Browser,Redes Sociales,Interfaz No Responsiva / UX,Baja,47.71,1
TCK-2024-00833,2026-08-22 20:22:44,2026-08-23 01:50:47,Argentina,iOS,ChatBot Web,Error de Autenticación / Login,Baja,5.47,4
TCK-2024-00834,2026-09-01 18:05:02,2026-09-01 20:21:02,Colombia,iOS,Redes Sociales,Error de Autenticación / Login,Baja,2.27,5
TCK-2024-00835,2026-08-29 06:16:18,2026-08-29 17:02:41,México,iOS,Formulario App,Error de Autenticación / Login,Media,10.77,4
TCK-2024-00836,2026-08-28 06:54:07,2026-09-01 07:09:27,Chile,Smart TV,Redes Sociales,Falla en Reproducción / Error System,Media,96.26,1
TCK-2024-00837,2026-08-27 11:09:57,2026-08-31 21:45:31,México,iOS,Redes Sociales,Falla en Reproducción / Error System,Media,106.59,1
TCK-2024-00838,2026-08-27 10:52:04,2026-08-27 21:46:43,Argentina,iOS,ChatBot Web,Falla en Reproducción / Error System,Alta,10.91,3
TCK-2024-00839,2026-08-27 00:19:15,2026-08-29 00:02:05,Argentina,iOS,Formulario App,Interfaz No Responsiva / UX,Alta,47.71,1
TCK-2024-00840,2026-08-22 20:22:44,2026-08-23 01:50:47,Chile,iOS,Email Soporte,Error de Autenticación / Login,Baja,5.47,4
TCK-2024-00841,2026-09-01 18:05:02,2026-09-01 20:21:02,Chile,Smart TV,Redes Sociales,Error de Autenticación / Login,Alta,2.27,4
TCK-2024-00842,2026-08-29 06:16:18,2026-08-29 17:02:41,Colombia,iOS,Email Soporte,Error de Autenticación / Login,Alta,10.77,3
TCK-2024-00843,2026-08-28 06:54:07,2026-09-01 07:09:27,Perú,Android,Redes Sociales,Falla en Reproducción / Error System,Media,96.26,3
TCK-2024-00844,2026-08-27 11:09:57,2026-08-31 21:45:31,Argentina,iOS,ChatBot Web,Falla en Reproducción / Error System,Baja,106.59,1
TCK-2024-00845,2026-08-27 10:52:04,2026-08-27 21:46:43,Colombia,iOS,Email Soporte,Falla en Reproducción / Error System,Baja,10.91,3
TCK-2024-00846,2026-08-27 00:19:15,2026-08-29 00:02:05,Argentina,Smart TV,Redes Sociales,Interfaz No Responsiva / UX,Media,47.71,1
TCK-2024-00847,2026-08-22 20:22:44,2026-08-23 01:50:47,Argentina,iOS,Email Soporte,Error de Autenticación / Login,Crítica,5.47,2
TCK-2024-00848,2026-09-01 18:05:02,2026-09-01 20:21:02,México,Smart TV,Email Soporte,Error de Autenticación / Login,Media,2.27,5
TCK-2024-00849,2026-08-29 06:16:18,2026-08-29 17:02:41,Chile,Smart TV,Email Soporte,Error de Autenticación / Login,Media,10.77,2
TCK-2024-00850,2026-08-28 06:54:07,2026-09-01 07:09:27,Argentina,Smart TV,Email Soporte,Falla en Reproducción / Error System,Crítica,96.26,2
TCK-2024-00851,2026-08-27 11:09:57,2026-08-31 21:45:31,Argentina,iOS,Formulario App,Falla en Reproducción / Error System,Baja,106.59,1
TCK-2024-00852,2026-08-27 10:52:04,2026-08-27 21:46:43,México,Smart TV,Formulario App,Falla en Reproducción / Error System,Crítica,10.91,2
TCK-2024-00853,2026-08-27 00:19:15,2026-08-29 00:02:05,México,iOS,ChatBot Web,Interfaz No Responsiva / UX,Media,47.71,2
TCK-2024-00854,2026-08-22 20:22:44,2026-08-23 01:50:47,Argentina,Web Browser,Redes Sociales,Error de Autenticación / Login,Media,5.47,3
TCK-2024-00855,2026-09-01 18:05:02,2026-09-01 20:21:02,Chile,Android,Redes Sociales,Error de Autenticación / Login,Alta,2.27,4
TCK-2024-00856,2026-08-29 06:16:18,2026-08-29 17:02:41,Chile,Smart TV,ChatBot Web,Error de Autenticación / Login,Media,10.77,3
TCK-2024-00857,2026-08-28 06:54:07,2026-09-01 07:09:27,Chile,Smart TV,Redes Sociales,Falla en Reproducción / Error System,Media,96.26,2
TCK-2024-00858,2026-08-27 11:09:57,2026-08-31 21:45:31,Chile,Smart TV,Email Soporte,Falla en Reproducción / Error System,Baja,106.59,1
TCK-2024-00859,2026-08-27 10:52:04,2026-08-27 21:46:43,Argentina,iOS,Redes Sociales,Falla en Reproducción / Error System,Alta,10.91,3
TCK-2024-00860,2026-08-27 00:19:15,2026-08-29 00:02:05,Chile,Smart TV,Email Soporte,Interfaz No Responsiva / UX,Media,47.71,1
TCK-2024-00861,2026-08-22 20:22:44,2026-08-23 01:50:47,Perú,iOS,Email Soporte,Error de Autenticación / Login,Baja,5.47,3
TCK-2024-00862,2026-09-01 18:05:02,2026-09-01 20:21:02,Chile,Web Browser,Email Soporte,Error de Autenticación / Login,Media,2.27,5
TCK-2024-00863,2026-08-29 06:16:18,2026-08-29 17:02:41,Perú,Web Browser,Email Soporte,Error de Autenticación / Login,Alta,10.77,2
TCK-2024-00864,2026-08-28 06:54:07,2026-09-01 07:09:27,Colombia,Android,Formulario App,Falla en Reproducción / Error System,Crítica,96.26,1
TCK-2024-00865,2026-08-27 11:09:57,2026-08-31 21:45:31,Chile,Android,Formulario App,Falla en Reproducción / Error System,Alta,106.59,2
TCK-2024-00866,2026-08-27 10:52:04,2026-08-27 21:46:43,Colombia,Smart TV,Redes Sociales,Falla en Reproducción / Error System,Media,10.91,4
TCK-2024-00867,2026-08-27 00:19:15,2026-08-29 00:02:05,Argentina,Android,Email Soporte,Interfaz No Responsiva / UX,Media,47.71,2
TCK-2024-00868,2026-08-22 20:22:44,2026-08-23 01:50:47,México,iOS,ChatBot Web,Error de Autenticación / Login,Media,5.47,2
TCK-2024-00869,2026-09-01 18:05:02,2026-09-01 20:21:02,Chile,iOS,Redes Sociales,Error de Autenticación / Login,Media,2.27,5
TCK-2024-00870,2026-08-29 06:16:18,2026-08-29 17:02:41,Argentina,iOS,Email Soporte,Error de Autenticación / Login,Alta,10.77,4
TCK-2024-00871,2026-08-28 06:54:07,2026-09-01 07:09:27,Argentina,Smart TV,Redes Sociales,Falla en Reproducción / Error System,Alta,96.26,1
TCK-2024-00872,2026-08-27 11:09:57,2026-08-31 21:45:31,Colombia,Web Browser,Email Soporte,Falla en Reproducción / Error System,Alta,106.59,1
TCK-2024-00873,2026-08-27 10:52:04,2026-08-27 21:46:43,México,Smart TV,Redes Sociales,Falla en Reproducción / Error System,Alta,10.91,2
TCK-2024-00874,2026-08-27 00:19:15,2026-08-29 00:02:05,Chile,Smart TV,Email Soporte,Interfaz No Responsiva / UX,Media,47.71,1
TCK-2024-00875,2026-08-22 20:22:44,2026-08-23 01:50:47,Chile,Web Browser,ChatBot Web,Error de Autenticación / Login,Baja,5.47,4
TCK-2024-00876,2026-09-01 18:05:02,2026-09-01 20:21:02,Colombia,Android,Redes Sociales,Error de Autenticación / Login,Alta,2.27,5
TCK-2024-00877,2026-08-29 06:16:18,2026-08-29 17:02:41,Colombia,Smart TV,ChatBot Web,Error de Autenticación / Login,Media,10.77,3
TCK-2024-00878,2026-08-28 06:54:07,2026-09-01 07:09:27,Colombia,Smart TV,Formulario App,Falla en Reproducción / Error System,Media,96.26,1
TCK-2024-00879,2026-08-27 11:09:57,2026-08-31 21:45:31,Colombia,Android,Redes Sociales,Falla en Reproducción / Error System,Baja,106.59,1
TCK-2024-00880,2026-08-27 10:52:04,2026-08-27 21:46:43,Chile,Smart TV,ChatBot Web,Falla en Reproducción / Error System,Alta,10.91,4
TCK-2024-00881,2026-08-27 00:19:15,2026-08-29 00:02:05,Argentina,Android,Email Soporte,Interfaz No Responsiva / UX,Alta,47.71,1
TCK-2024-00882,2026-08-22 20:22:44,2026-08-23 01:50:47,Chile,Smart TV,Redes Sociales,Error de Autenticación / Login,Crítica,5.47,3
TCK-2024-00883,2026-09-01 18:05:02,2026-09-01 20:21:02,Colombia,iOS,Email Soporte,Error de Autenticación / Login,Media,2.27,5
TCK-2024-00884,2026-08-29 06:16:18,2026-08-29 17:02:41,México,Smart TV,Formulario App,Error de Autenticación / Login,Media,10.77,2
TCK-2024-00885,2026-08-28 06:54:07,2026-09-01 07:09:27,Chile,Web Browser,ChatBot Web,Falla en Reproducción / Error System,Media,96.26,1
TCK-2024-00886,2026-08-27 11:09:57,2026-08-31 21:45:31,Chile,Smart TV,ChatBot Web,Falla en Reproducción / Error System,Media,106.59,2
TCK-2024-00887,2026-08-27 10:52:04,2026-08-27 21:46:43,Chile,Android,ChatBot Web,Falla en Reproducción / Error System,Baja,10.91,4
TCK-2024-00888,2026-08-27 00:19:15,2026-08-29 00:02:05,Chile,iOS,Formulario App,Interfaz No Responsiva / UX,Media,47.71,1
TCK-2024-00889,2026-08-22 20:22:44,2026-08-23 01:50:47,Perú,Smart TV,Redes Sociales,Error de Autenticación / Login,Media,5.47,2
TCK-2024-00890,2026-09-01 18:05:02,2026-09-01 20:21:02,Perú,Web Browser,Formulario App,Error de Autenticación / Login,Alta,2.27,4
TCK-2024-00891,2026-08-29 06:16:18,2026-08-29 17:02:41,Chile,Android,Formulario App,Error de Autenticación / Login,Baja,10.77,3
TCK-2024-00892,2026-08-28 06:54:07,2026-09-01 07:09:27,Argentina,Smart TV,ChatBot Web,Falla en Reproducción / Error System,Media,96.26,3
TCK-2024-00893,2026-08-27 11:09:57,2026-08-31 21:45:31,Perú,Web Browser,ChatBot Web,Falla en Reproducción / Error System,Crítica,106.59,1
TCK-2024-00894,2026-08-27 10:52:04,2026-08-27 21:46:43,Perú,iOS,ChatBot Web,Falla en Reproducción / Error System,Baja,10.91,3
TCK-2024-00895,2026-08-27 00:19:15,2026-08-29 00:02:05,México,iOS,ChatBot Web,Interfaz No Responsiva / UX,Media,47.71,1
TCK-2024-00896,2026-08-22 20:22:44,2026-08-23 01:50:47,Colombia,Android,Email Soporte,Error de Autenticación / Login,Media,5.47,2
TCK-2024-00897,2026-09-01 18:05:02,2026-09-01 20:21:02,Colombia,Smart TV,Email Soporte,Error de Autenticación / Login,Alta,2.27,5
TCK-2024-00898,2026-08-29 06:16:18,2026-08-29 17:02:41,Argentina,Smart TV,ChatBot Web,Error de Autenticación / Login,Baja,10.77,3
TCK-2024-00899,2026-08-28 06:54:07,2026-09-01 07:09:27,Argentina,iOS,Email Soporte,Falla en Reproducción / Error System,Baja,96.26,3
TCK-2024-00900,2026-08-27 11:09:57,2026-08-31 21:45:31,México,iOS,Email Soporte,Falla en Reproducción / Error System,Alta,106.59,1
TCK-2024-00901,2026-08-27 10:52:04,2026-08-27 21:46:43,Chile,iOS,Redes Sociales,Falla en Reproducción / Error System,Baja,10.91,4
TCK-2024-00902,2026-08-27 00:19:15,2026-08-29 00:02:05,Chile,Smart TV,Redes Sociales,Interfaz No Responsiva / UX,Media,47.71,3
TCK-2024-00903,2026-08-22 20:22:44,2026-08-23 01:50:47,Chile,Smart TV,Redes Sociales,Error de Autenticación / Login,Alta,5.47,3
TCK-2024-00904,2026-09-01 18:05:02,2026-09-01 20:21:02,Chile,Web Browser,Email Soporte,Error de Autenticación / Login,Alta,2.27,5
TCK-2024-00905,2026-08-29 06:16:18,2026-08-29 17:02:41,Perú,Web Browser,Redes Sociales,Error de Autenticación / Login,Baja,10.77,4
TCK-2024-00906,2026-08-28 06:54:07,2026-09-01 07:09:27,Chile,Smart TV,Email Soporte,Falla en Reproducción / Error System,Alta,96.26,2
TCK-2024-00907,2026-08-27 11:09:57,2026-08-31 21:45:31,México,Android,ChatBot Web,Falla en Reproducción / Error System,Media,106.59,1
TCK-2024-00908,2026-08-27 10:52:04,2026-08-27 21:46:43,Argentina,Android,Email Soporte,Falla en Reproducción / Error System,Media,10.91,2
TCK-2024-00909,2026-08-27 00:19:15,2026-08-29 00:02:05,México,Android,Redes Sociales,Interfaz No Responsiva / UX,Media,47.71,2
TCK-2024-00910,2026-08-22 20:22:44,2026-08-23 01:50:47,Perú,Smart TV,Redes Sociales,Error de Autenticación / Login,Alta,5.47,2
TCK-2024-00911,2026-09-01 18:05:02,2026-09-01 20:21:02,Colombia,Web Browser,ChatBot Web,Error de Autenticación / Login,Media,2.27,4
TCK-2024-00912,2026-08-29 06:16:18,2026-08-29 17:02:41,Argentina,Web Browser,Email Soporte,Error de Autenticación / Login,Baja,10.77,4
TCK-2024-00913,2026-08-28 06:54:07,2026-09-01 07:09:27,Perú,Smart TV,Formulario App,Falla en Reproducción / Error System,Media,96.26,1
TCK-2024-00914,2026-08-27 11:09:57,2026-08-31 21:45:31,Chile,Android,Email Soporte,Falla en Reproducción / Error System,Media,106.59,1
TCK-2024-00915,2026-08-27 10:52:04,2026-08-27 21:46:43,Perú,iOS,Redes Sociales,Falla en Reproducción / Error System,Baja,10.91,2
TCK-2024-00916,2026-08-27 00:19:15,2026-08-29 00:02:05,México,Web Browser,ChatBot Web,Interfaz No Responsiva / UX,Baja,47.71,2
TCK-2024-00917,2026-08-22 20:22:44,2026-08-23 01:50:47,Argentina,Android,Email Soporte,Error de Autenticación / Login,Alta,5.47,4
TCK-2024-00918,2026-09-01 18:05:02,2026-09-01 20:21:02,Colombia,Android,Redes Sociales,Error de Autenticación / Login,Baja,2.27,4
TCK-2024-00919,2026-08-29 06:16:18,2026-08-29 17:02:41,Perú,Web Browser,Email Soporte,Error de Autenticación / Login,Media,10.77,2
TCK-2024-00920,2026-08-28 06:54:07,2026-09-01 07:09:27,Chile,iOS,Formulario App,Falla en Reproducción / Error System,Crítica,96.26,1
TCK-2024-00921,2026-08-27 11:09:57,2026-08-31 21:45:31,Colombia,iOS,Formulario App,Falla en Reproducción / Error System,Baja,106.59,2
TCK-2024-00922,2026-08-27 10:52:04,2026-08-27 21:46:43,Perú,Smart TV,ChatBot Web,Falla en Reproducción / Error System,Baja,10.91,4
TCK-2024-00923,2026-08-27 00:19:15,2026-08-29 00:02:05,Chile,Smart TV,Email Soporte,Interfaz No Responsiva / UX,Alta,47.71,2
TCK-2024-00924,2026-08-22 20:22:44,2026-08-23 01:50:47,Colombia,Web Browser,Formulario App,Error de Autenticación / Login,Media,5.47,2
TCK-2024-00925,2026-09-01 18:05:02,2026-09-01 20:21:02,Perú,iOS,Formulario App,Error de Autenticación / Login,Media,2.27,5
TCK-2024-00926,2026-08-29 06:16:18,2026-08-29 17:02:41,Chile,Web Browser,Redes Sociales,Error de Autenticación / Login,Crítica,10.77,3
TCK-2024-00927,2026-08-28 06:54:07,2026-09-01 07:09:27,Perú,Web Browser,Redes Sociales,Falla en Reproducción / Error System,Crítica,96.26,1
TCK-2024-00928,2026-08-27 11:09:57,2026-08-31 21:45:31,Perú,Smart TV,Formulario App,Falla en Reproducción / Error System,Baja,106.59,1
TCK-2024-00929,2026-08-27 10:52:04,2026-08-27 21:46:43,Chile,Web Browser,Email Soporte,Falla en Reproducción / Error System,Baja,10.91,3
TCK-2024-00930,2026-08-27 00:19:15,2026-08-29 00:02:05,Argentina,Android,Email Soporte,Interfaz No Responsiva / UX,Baja,47.71,2
TCK-2024-00931,2026-08-22 20:22:44,2026-08-23 01:50:47,Perú,iOS,Email Soporte,Error de Autenticación / Login,Alta,5.47,3
TCK-2024-00932,2026-09-01 18:05:02,2026-09-01 20:21:02,Argentina,Smart TV,Formulario App,Error de Autenticación / Login,Crítica,2.27,5
TCK-2024-00933,2026-08-29 06:16:18,2026-08-29 17:02:41,Perú,Android,Email Soporte,Error de Autenticación / Login,Baja,10.77,3
TCK-2024-00934,2026-08-28 06:54:07,2026-09-01 07:09:27,Chile,Android,Formulario App,Falla en Reproducción / Error System,Media,96.26,2
TCK-2024-00935,2026-08-27 11:09:57,2026-08-31 21:45:31,Perú,Smart TV,ChatBot Web,Falla en Reproducción / Error System,Media,106.59,1
TCK-2024-00936,2026-08-27 10:52:04,2026-08-27 21:46:43,Chile,Android,Redes Sociales,Falla en Reproducción / Error System,Media,10.91,3
TCK-2024-00937,2026-08-27 00:19:15,2026-08-29 00:02:05,Argentina,Android,ChatBot Web,Interfaz No Responsiva / UX,Media,47.71,1
TCK-2024-00938,2026-08-22 20:22:44,2026-08-23 01:50:47,Perú,Smart TV,Email Soporte,Error de Autenticación / Login,Media,5.47,4
TCK-2024-00939,2026-09-01 18:05:02,2026-09-01 20:21:02,Chile,Android,ChatBot Web,Error de Autenticación / Login,Baja,2.27,5
TCK-2024-00940,2026-08-29 06:16:18,2026-08-29 17:02:41,Colombia,Smart TV,ChatBot Web,Error de Autenticación / Login,Baja,10.77,3
TCK-2024-00941,2026-08-28 06:54:07,2026-09-01 07:09:27,Chile,Web Browser,Formulario App,Falla en Reproducción / Error System,Alta,96.26,1
TCK-2024-00942,2026-08-27 11:09:57,2026-08-31 21:45:31,Chile,iOS,Email Soporte,Falla en Reproducción / Error System,Crítica,106.59,1
TCK-2024-00943,2026-08-27 10:52:04,2026-08-27 21:46:43,Perú,Web Browser,Email Soporte,Falla en Reproducción / Error System,Media,10.91,4
TCK-2024-00944,2026-08-27 00:19:15,2026-08-29 00:02:05,México,Android,Email Soporte,Interfaz No Responsiva / UX,Baja,47.71,2
TCK-2024-00945,2026-08-22 20:22:44,2026-08-23 01:50:47,Argentina,Android,Redes Sociales,Error de Autenticación / Login,Alta,5.47,3
TCK-2024-00946,2026-09-01 18:05:02,2026-09-01 20:21:02,Chile,Web Browser,Formulario App,Error de Autenticación / Login,Media,2.27,5
TCK-2024-00947,2026-08-29 06:16:18,2026-08-29 17:02:41,Argentina,Android,Email Soporte,Error de Autenticación / Login,Media,10.77,3
TCK-2024-00948,2026-08-28 06:54:07,2026-09-01 07:09:27,México,iOS,Email Soporte,Falla en Reproducción / Error System,Media,96.26,1
TCK-2024-00949,2026-08-27 11:09:57,2026-08-31 21:45:31,México,iOS,Formulario App,Falla en Reproducción / Error System,Alta,106.59,1
TCK-2024-00950,2026-08-27 10:52:04,2026-08-27 21:46:43,Colombia,Web Browser,Redes Sociales,Falla en Reproducción / Error System,Media,10.91,4
TCK-2024-00951,2026-08-27 00:19:15,2026-08-29 00:02:05,México,Web Browser,ChatBot Web,Interfaz No Responsiva / UX,Media,47.71,2
TCK-2024-00952,2026-08-22 20:22:44,2026-08-23 01:50:47,Colombia,Web Browser,Formulario App,Error de Autenticación / Login,Media,5.47,3
TCK-2024-00953,2026-09-01 18:05:02,2026-09-01 20:21:02,Chile,Smart TV,Email Soporte,Error de Autenticación / Login,Alta,2.27,5
TCK-2024-00954,2026-08-29 06:16:18,2026-08-29 17:02:41,México,iOS,Email Soporte,Error de Autenticación / Login,Baja,10.77,2
TCK-2024-00955,2026-08-28 06:54:07,2026-09-01 07:09:27,Chile,Android,Redes Sociales,Falla en Reproducción / Error System,Baja,96.26,2
TCK-2024-00956,2026-08-27 11:09:57,2026-08-31 21:45:31,Chile,iOS,ChatBot Web,Falla en Reproducción / Error System,Alta,106.59,1
TCK-2024-00957,2026-08-27 10:52:04,2026-08-27 21:46:43,Argentina,Smart TV,Redes Sociales,Falla en Reproducción / Error System,Alta,10.91,2
TCK-2024-00958,2026-08-27 00:19:15,2026-08-29 00:02:05,México,Web Browser,Email Soporte,Interfaz No Responsiva / UX,Alta,47.71,1
TCK-2024-00959,2026-08-22 20:22:44,2026-08-23 01:50:47,Chile,Android,Redes Sociales,Error de Autenticación / Login,Media,5.47,3
TCK-2024-00960,2026-09-01 18:05:02,2026-09-01 20:21:02,Chile,Android,ChatBot Web,Error de Autenticación / Login,Baja,2.27,5
TCK-2024-00961,2026-08-29 06:16:18,2026-08-29 17:02:41,Chile,Web Browser,ChatBot Web,Error de Autenticación / Login,Crítica,10.77,4
TCK-2024-00962,2026-08-28 06:54:07,2026-09-01 07:09:27,Argentina,Android,Email Soporte,Falla en Reproducción / Error System,Media,96.26,1
TCK-2024-00963,2026-08-27 11:09:57,2026-08-31 21:45:31,Perú,Android,Email Soporte,Falla en Reproducción / Error System,Baja,106.59,2
TCK-2024-00964,2026-08-27 10:52:04,2026-08-27 21:46:43,Colombia,iOS,Email Soporte,Falla en Reproducción / Error System,Media,10.91,3
TCK-2024-00965,2026-08-27 00:19:15,2026-08-29 00:02:05,Chile,Smart TV,Redes Sociales,Interfaz No Responsiva / UX,Alta,47.71,1
TCK-2024-00966,2026-08-22 20:22:44,2026-08-23 01:50:47,Chile,iOS,Redes Sociales,Error de Autenticación / Login,Media,5.47,2
TCK-2024-00967,2026-09-01 18:05:02,2026-09-01 20:21:02,Argentina,Android,Redes Sociales,Error de Autenticación / Login,Media,2.27,5
TCK-2024-00968,2026-08-29 06:16:18,2026-08-29 17:02:41,Perú,iOS,Email Soporte,Error de Autenticación / Login,Media,10.77,2
TCK-2024-00969,2026-08-28 06:54:07,2026-09-01 07:09:27,México,iOS,ChatBot Web,Falla en Reproducción / Error System,Alta,96.26,3
TCK-2024-00970,2026-08-27 11:09:57,2026-08-31 21:45:31,Colombia,Smart TV,Email Soporte,Falla en Reproducción / Error System,Baja,106.59,3
TCK-2024-00971,2026-08-27 10:52:04,2026-08-27 21:46:43,Argentina,Web Browser,Redes Sociales,Falla en Reproducción / Error System,Crítica,10.91,4
TCK-2024-00972,2026-08-27 00:19:15,2026-08-29 00:02:05,México,Android,Formulario App,Interfaz No Responsiva / UX,Crítica,47.71,1
TCK-2024-00973,2026-08-22 20:22:44,2026-08-23 01:50:47,Chile,iOS,ChatBot Web,Error de Autenticación / Login,Baja,5.47,3
TCK-2024-00974,2026-09-01 18:05:02,2026-09-01 20:21:02,México,Android,Redes Sociales,Error de Autenticación / Login,Baja,2.27,5
TCK-2024-00975,2026-08-29 06:16:18,2026-08-29 17:02:41,Argentina,Web Browser,ChatBot Web,Error de Autenticación / Login,Baja,10.77,4
TCK-2024-00976,2026-08-28 06:54:07,2026-09-01 07:09:27,México,Android,Email Soporte,Falla en Reproducción / Error System,Alta,96.26,1
TCK-2024-00977,2026-08-27 11:09:57,2026-08-31 21:45:31,Chile,Android,Formulario App,Falla en Reproducción / Error System,Alta,106.59,2
TCK-2024-00978,2026-08-27 10:52:04,2026-08-27 21:46:43,Argentina,Smart TV,Redes Sociales,Falla en Reproducción / Error System,Baja,10.91,4
TCK-2024-00979,2026-08-27 00:19:15,2026-08-29 00:02:05,Chile,Smart TV,Email Soporte,Interfaz No Responsiva / UX,Media,47.71,1
TCK-2024-00980,2026-08-22 20:22:44,2026-08-23 01:50:47,México,Smart TV,ChatBot Web,Error de Autenticación / Login,Baja,5.47,3
TCK-2024-00981,2026-09-01 18:05:02,2026-09-01 20:21:02,Chile,Smart TV,Email Soporte,Error de Autenticación / Login,Media,2.27,5
TCK-2024-00982,2026-08-29 06:16:18,2026-08-29 17:02:41,Colombia,Web Browser,Email Soporte,Error de Autenticación / Login,Crítica,10.77,3
TCK-2024-00983,2026-08-28 06:54:07,2026-09-01 07:09:27,Chile,Smart TV,ChatBot Web,Falla en Reproducción / Error System,Media,96.26,3
TCK-2024-00984,2026-08-27 11:09:57,2026-08-31 21:45:31,México,iOS,ChatBot Web,Falla en Reproducción / Error System,Baja,106.59,1
TCK-2024-00985,2026-08-27 10:52:04,2026-08-27 21:46:43,Colombia,Smart TV,Redes Sociales,Falla en Reproducción / Error System,Alta,10.91,3
TCK-2024-00986,2026-08-27 00:19:15,2026-08-29 00:02:05,Argentina,Android,Redes Sociales,Interfaz No Responsiva / UX,Media,47.71,3
TCK-2024-00987,2026-08-22 20:22:44,2026-08-23 01:50:47,Chile,Smart TV,Redes Sociales,Error de Autenticación / Login,Baja,5.47,4
TCK-2024-00988,2026-09-01 18:05:02,2026-09-01 20:21:02,Chile,iOS,Redes Sociales,Error de Autenticación / Login,Media,2.27,4
TCK-2024-00989,2026-08-29 06:16:18,2026-08-29 17:02:41,Colombia,iOS,ChatBot Web,Error de Autenticación / Login,Crítica,10.77,2
TCK-2024-00990,2026-08-28 06:54:07,2026-09-01 07:09:27,Argentina,Smart TV,Email Soporte,Falla en Reproducción / Error System,Baja,96.26,2
TCK-2024-00991,2026-08-27 11:09:57,2026-08-31 21:45:31,Perú,iOS,Formulario App,Falla en Reproducción / Error System,Alta,106.59,1
TCK-2024-00992,2026-08-27 10:52:04,2026-08-27 21:46:43,Colombia,Web Browser,Formulario App,Falla en Reproducción / Error System,Media,10.91,2
TCK-2024-00993,2026-08-27 00:19:15,2026-08-29 00:02:05,Chile,Smart TV,Email Soporte,Interfaz No Responsiva / UX,Media,47.71,1
TCK-2024-00994,2026-08-22 20:22:44,2026-08-23 01:50:47,Chile,Web Browser,Formulario App,Error de Autenticación / Login,Baja,5.47,2
TCK-2024-00995,2026-09-01 18:05:02,2026-09-01 20:21:02,Chile,Web Browser,Formulario App,Error de Autenticación / Login,Baja,2.27,5
TCK-2024-00996,2026-08-29 06:16:18,2026-08-29 17:02:41,Colombia,Android,Redes Sociales,Error de Autenticación / Login,Media,10.77,3
TCK-2024-00997,2026-08-28 06:54:07,2026-09-01 07:09:27,Chile,iOS,ChatBot Web,Falla en Reproducción / Error System,Media,96.26,2
TCK-2024-00998,2026-08-27 11:09:57,2026-08-31 21:45:31,Argentina,iOS,Redes Sociales,Falla en Reproducción / Error System,Baja,106.59,1
TCK-2024-00999,2026-08-27 10:52:04,2026-08-27 21:46:43,Perú,Smart TV,Redes Sociales,Falla en Reproducción / Error System,Crítica,10.91,2
TCK-2024-01000,2026-08-27 00:19:15,2026-08-29 00:02:05,Argentina,iOS,Email Soporte,Interfaz No Responsiva / UX,Media,47.71,2
TCK-2024-01001,2026-08-22 20:22:44,2026-08-23 01:50:47,Chile,Smart TV,ChatBot Web,Error de Autenticación / Login,Alta,5.47,3
TCK-2024-01002,2026-09-01 18:05:02,2026-09-01 20:21:02,Argentina,iOS,ChatBot Web,Error de Autenticación / Login,Baja,2.27,5
TCK-2024-01003,2026-08-29 06:16:18,2026-08-29 17:02:41,Colombia,Android,Formulario App,Error de Autenticación / Login,Crítica,10.77,4
TCK-2024-01004,2026-08-28 06:54:07,2026-09-01 07:09:27,México,iOS,Redes Sociales,Falla en Reproducción / Error System,Baja,96.26,1
TCK-2024-01005,2026-08-27 11:09:57,2026-08-31 21:45:31,México,Android,Email Soporte,Falla en Reproducción / Error System,Crítica,106.59,1
TCK-2024-01006,2026-08-27 10:52:04,2026-08-27 21:46:43,Perú,iOS,ChatBot Web,Falla en Reproducción / Error System,Media,10.91,3
TCK-2024-01007,2026-08-27 00:19:15,2026-08-29 00:02:05,Perú,Web Browser,ChatBot Web,Interfaz No Responsiva / UX,Crítica,47.71,2
TCK-2024-01008,2026-08-22 20:22:44,2026-08-23 01:50:47,Colombia,Web Browser,Redes Sociales,Error de Autenticación / Login,Alta,5.47,3
TCK-2024-01009,2026-09-01 18:05:02,2026-09-01 20:21:02,Chile,Android,Formulario App,Error de Autenticación / Login,Media,2.27,5
TCK-2024-01010,2026-08-29 06:16:18,2026-08-29 17:02:41,Chile,iOS,Formulario App,Error de Autenticación / Login,Alta,10.77,2
TCK-2024-01011,2026-08-28 06:54:07,2026-09-01 07:09:27,Colombia,Android,ChatBot Web,Falla en Reproducción / Error System,Media,96.26,1
TCK-2024-01012,2026-08-27 11:09:57,2026-08-31 21:45:31,Argentina,Web Browser,Email Soporte,Falla en Reproducción / Error System,Alta,106.59,1
TCK-2024-01013,2026-08-27 10:52:04,2026-08-27 21:46:43,Argentina,Smart TV,Formulario App,Falla en Reproducción / Error System,Media,10.91,3
TCK-2024-01014,2026-08-27 00:19:15,2026-08-29 00:02:05,Colombia,Web Browser,ChatBot Web,Interfaz No Responsiva / UX,Alta,47.71,3
TCK-2024-01015,2026-08-22 20:22:44,2026-08-23 01:50:47,Chile,iOS,Email Soporte,Error de Autenticación / Login,Media,5.47,3
TCK-2024-01016,2026-09-01 18:05:02,2026-09-01 20:21:02,Chile,Android,Redes Sociales,Error de Autenticación / Login,Baja,2.27,5
TCK-2024-01017,2026-08-29 06:16:18,2026-08-29 17:02:41,Chile,Smart TV,ChatBot Web,Error de Autenticación / Login,Crítica,10.77,4
TCK-2024-01018,2026-08-28 06:54:07,2026-09-01 07:09:27,Chile,Android,ChatBot Web,Falla en Reproducción / Error System,Alta,96.26,1
TCK-2024-01019,2026-08-27 11:09:57,2026-08-31 21:45:31,México,Android,Formulario App,Falla en Reproducción / Error System,Crítica,106.59,1
TCK-2024-01020,2026-08-27 10:52:04,2026-08-27 21:46:43,Colombia,iOS,Formulario App,Falla en Reproducción / Error System,Alta,10.91,3
TCK-2024-01021,2026-08-27 00:19:15,2026-08-29 00:02:05,Argentina,Android,Redes Sociales,Interfaz No Responsiva / UX,Media,47.71,1
TCK-2024-01022,2026-08-22 20:22:44,2026-08-23 01:50:47,México,Web Browser,ChatBot Web,Error de Autenticación / Login,Media,5.47,2
TCK-2024-01023,2026-09-01 18:05:02,2026-09-01 20:21:02,Chile,Android,Formulario App,Error de Autenticación / Login,Baja,2.27,5
TCK-2024-01024,2026-08-29 06:16:18,2026-08-29 17:02:41,Colombia,iOS,Redes Sociales,Error de Autenticación / Login,Alta,10.77,3
TCK-2024-01025,2026-08-28 06:54:07,2026-09-01 07:09:27,Perú,iOS,ChatBot Web,Falla en Reproducción / Error System,Media,96.26,2
TCK-2024-01026,2026-08-27 11:09:57,2026-08-31 21:45:31,Argentina,Web Browser,Email Soporte,Falla en Reproducción / Error System,Alta,106.59,1
TCK-2024-01027,2026-08-27 10:52:04,2026-08-27 21:46:43,Chile,Android,Formulario App,Falla en Reproducción / Error System,Alta,10.91,2
TCK-2024-01028,2026-08-27 00:19:15,2026-08-29 00:02:05,Argentina,Android,ChatBot Web,Interfaz No Responsiva / UX,Baja,47.71,1
TCK-2024-01029,2026-08-22 20:22:44,2026-08-23 01:50:47,Argentina,iOS,Email Soporte,Error de Autenticación / Login,Media,5.47,3
TCK-2024-01030,2026-09-01 18:05:02,2026-09-01 20:21:02,Chile,Smart TV,Redes Sociales,Error de Autenticación / Login,Media,2.27,5
TCK-2024-01031,2026-08-29 06:16:18,2026-08-29 17:02:41,Argentina,Smart TV,Email Soporte,Error de Autenticación / Login,Crítica,10.77,3
TCK-2024-01032,2026-08-28 06:54:07,2026-09-01 07:09:27,México,Smart TV,Redes Sociales,Falla en Reproducción / Error System,Baja,96.26,1
TCK-2024-01033,2026-08-27 11:09:57,2026-08-31 21:45:31,Colombia,Android,Email Soporte,Falla en Reproducción / Error System,Baja,106.59,1
TCK-2024-01034,2026-08-27 10:52:04,2026-08-27 21:46:43,Colombia,Android,Formulario App,Falla en Reproducción / Error System,Baja,10.91,3
TCK-2024-01035,2026-08-27 00:19:15,2026-08-29 00:02:05,Argentina,Web Browser,Redes Sociales,Interfaz No Responsiva / UX,Baja,47.71,3
TCK-2024-01036,2026-08-22 20:22:44,2026-08-23 01:50:47,México,iOS,Formulario App,Error de Autenticación / Login,Baja,5.47,2
TCK-2024-01037,2026-09-01 18:05:02,2026-09-01 20:21:02,Perú,Web Browser,ChatBot Web,Error de Autenticación / Login,Media,2.27,5
TCK-2024-01038,2026-08-29 06:16:18,2026-08-29 17:02:41,Colombia,iOS,Formulario App,Error de Autenticación / Login,Media,10.77,4
TCK-2024-01039,2026-08-28 06:54:07,2026-09-01 07:09:27,Argentina,Smart TV,ChatBot Web,Falla en Reproducción / Error System,Media,96.26,2
TCK-2024-01040,2026-08-27 11:09:57,2026-08-31 21:45:31,Argentina,Smart TV,Formulario App,Falla en Reproducción / Error System,Alta,106.59,1
TCK-2024-01041,2026-08-27 10:52:04,2026-08-27 21:46:43,Argentina,Smart TV,Email Soporte,Falla en Reproducción / Error System,Alta,10.91,2
TCK-2024-01042,2026-08-27 00:19:15,2026-08-29 00:02:05,México,Android,Redes Sociales,Interfaz No Responsiva / UX,Baja,47.71,1
TCK-2024-01043,2026-08-22 20:22:44,2026-08-23 01:50:47,México,Smart TV,Formulario App,Error de Autenticación / Login,Alta,5.47,4
TCK-2024-01044,2026-09-01 18:05:02,2026-09-01 20:21:02,Perú,iOS,Email Soporte,Error de Autenticación / Login,Crítica,2.27,4
TCK-2024-01045,2026-08-29 06:16:18,2026-08-29 17:02:41,México,iOS,Formulario App,Error de Autenticación / Login,Alta,10.77,2
TCK-2024-01046,2026-08-28 06:54:07,2026-09-01 07:09:27,México,Smart TV,Email Soporte,Falla en Reproducción / Error System,Media,96.26,1
TCK-2024-01047,2026-08-27 11:09:57,2026-08-31 21:45:31,México,Web Browser,ChatBot Web,Falla en Reproducción / Error System,Media,106.59,3
TCK-2024-01048,2026-08-27 10:52:04,2026-08-27 21:46:43,Chile,Web Browser,ChatBot Web,Falla en Reproducción / Error System,Media,10.91,3
TCK-2024-01049,2026-08-27 00:19:15,2026-08-29 00:02:05,Colombia,Web Browser,Formulario App,Interfaz No Responsiva / UX,Media,47.71,1
TCK-2024-01050,2026-08-22 20:22:44,2026-08-23 01:50:47,Colombia,Android,Redes Sociales,Error de Autenticación / Login,Alta,5.47,4
TCK-2024-01051,2026-09-01 18:05:02,2026-09-01 20:21:02,Chile,iOS,Redes Sociales,Error de Autenticación / Login,Baja,2.27,5
TCK-2024-01052,2026-08-29 06:16:18,2026-08-29 17:02:41,Colombia,iOS,Email Soporte,Error de Autenticación / Login,Media,10.77,3
TCK-2024-01053,2026-08-28 06:54:07,2026-09-01 07:09:27,Argentina,Smart TV,Formulario App,Falla en Reproducción / Error System,Alta,96.26,1
TCK-2024-01054,2026-08-27 11:09:57,2026-08-31 21:45:31,Colombia,iOS,Email Soporte,Falla en Reproducción / Error System,Baja,106.59,1
TCK-2024-01055,2026-08-27 10:52:04,2026-08-27 21:46:43,Argentina,Web Browser,Redes Sociales,Falla en Reproducción / Error System,Media,10.91,3
TCK-2024-01056,2026-08-27 00:19:15,2026-08-29 00:02:05,Colombia,Web Browser,Email Soporte,Interfaz No Responsiva / UX,Crítica,47.71,2
TCK-2024-01057,2026-08-22 20:22:44,2026-08-23 01:50:47,Perú,Android,Email Soporte,Error de Autenticación / Login,Media,5.47,2
TCK-2024-01058,2026-09-01 18:05:02,2026-09-01 20:21:02,Chile,iOS,ChatBot Web,Error de Autenticación / Login,Alta,2.27,5
TCK-2024-01059,2026-08-29 06:16:18,2026-08-29 17:02:41,Perú,Smart TV,Formulario App,Error de Autenticación / Login,Baja,10.77,3
TCK-2024-01060,2026-08-28 06:54:07,2026-09-01 07:09:27,Chile,iOS,Formulario App,Falla en Reproducción / Error System,Media,96.26,1
TCK-2024-01061,2026-08-27 11:09:57,2026-08-31 21:45:31,Argentina,Android,Email Soporte,Falla en Reproducción / Error System,Baja,106.59,2
TCK-2024-01062,2026-08-27 10:52:04,2026-08-27 21:46:43,Perú,Web Browser,Redes Sociales,Falla en Reproducción / Error System,Alta,10.91,2
TCK-2024-01063,2026-08-27 00:19:15,2026-08-29 00:02:05,Perú,Android,ChatBot Web,Interfaz No Responsiva / UX,Media,47.71,2
TCK-2024-01064,2026-08-22 20:22:44,2026-08-23 01:50:47,Chile,Web Browser,Formulario App,Error de Autenticación / Login,Baja,5.47,3
TCK-2024-01065,2026-09-01 18:05:02,2026-09-01 20:21:02,Chile,iOS,Formulario App,Error de Autenticación / Login,Alta,2.27,5
TCK-2024-01066,2026-08-29 06:16:18,2026-08-29 17:02:41,Chile,Web Browser,Formulario App,Error de Autenticación / Login,Media,10.77,3
TCK-2024-01067,2026-08-28 06:54:07,2026-09-01 07:09:27,México,Smart TV,Formulario App,Falla en Reproducción / Error System,Alta,96.26,1
TCK-2024-01068,2026-08-27 11:09:57,2026-08-31 21:45:31,Perú,Web Browser,Redes Sociales,Falla en Reproducción / Error System,Baja,106.59,2
TCK-2024-01069,2026-08-27 10:52:04,2026-08-27 21:46:43,Perú,Android,Redes Sociales,Falla en Reproducción / Error System,Alta,10.91,3
TCK-2024-01070,2026-08-27 00:19:15,2026-08-29 00:02:05,México,Web Browser,Redes Sociales,Interfaz No Responsiva / UX,Media,47.71,1
TCK-2024-01071,2026-08-22 20:22:44,2026-08-23 01:50:47,México,Smart TV,ChatBot Web,Error de Autenticación / Login,Media,5.47,3
TCK-2024-01072,2026-09-01 18:05:02,2026-09-01 20:21:02,Perú,Web Browser,Email Soporte,Error de Autenticación / Login,Media,2.27,5
TCK-2024-01073,2026-08-29 06:16:18,2026-08-29 17:02:41,Argentina,iOS,Redes Sociales,Error de Autenticación / Login,Baja,10.77,2
TCK-2024-01074,2026-08-28 06:54:07,2026-09-01 07:09:27,Argentina,iOS,Formulario App,Falla en Reproducción / Error System,Crítica,96.26,1
TCK-2024-01075,2026-08-27 11:09:57,2026-08-31 21:45:31,Chile,Smart TV,Formulario App,Falla en Reproducción / Error System,Media,106.59,2
TCK-2024-01076,2026-08-27 10:52:04,2026-08-27 21:46:43,Perú,Web Browser,ChatBot Web,Falla en Reproducción / Error System,Media,10.91,3
TCK-2024-01077,2026-08-27 00:19:15,2026-08-29 00:02:05,Argentina,Android,ChatBot Web,Interfaz No Responsiva / UX,Media,47.71,2
TCK-2024-01078,2026-08-22 20:22:44,2026-08-23 01:50:47,Argentina,Web Browser,Formulario App,Error de Autenticación / Login,Media,5.47,3
TCK-2024-01079,2026-09-01 18:05:02,2026-09-01 20:21:02,México,iOS,Email Soporte,Error de Autenticación / Login,Media,2.27,4
TCK-2024-01080,2026-08-29 06:16:18,2026-08-29 17:02:41,Argentina,Smart TV,Formulario App,Error de Autenticación / Login,Crítica,10.77,3
TCK-2024-01081,2026-08-28 06:54:07,2026-09-01 07:09:27,México,Smart TV,Redes Sociales,Falla en Reproducción / Error System,Alta,96.26,2
TCK-2024-01082,2026-08-27 11:09:57,2026-08-31 21:45:31,Chile,Web Browser,Formulario App,Falla en Reproducción / Error System,Baja,106.59,1
TCK-2024-01083,2026-08-27 10:52:04,2026-08-27 21:46:43,México,Web Browser,Formulario App,Falla en Reproducción / Error System,Alta,10.91,4
TCK-2024-01084,2026-08-27 00:19:15,2026-08-29 00:02:05,Chile,Web Browser,Email Soporte,Interfaz No Responsiva / UX,Baja,47.71,1
TCK-2024-01085,2026-08-22 20:22:44,2026-08-23 01:50:47,México,Android,Redes Sociales,Error de Autenticación / Login,Baja,5.47,3
TCK-2024-01086,2026-09-01 18:05:02,2026-09-01 20:21:02,Colombia,Web Browser,Redes Sociales,Error de Autenticación / Login,Media,2.27,4
TCK-2024-01087,2026-08-29 06:16:18,2026-08-29 17:02:41,Chile,Web Browser,ChatBot Web,Error de Autenticación / Login,Media,10.77,4
TCK-2024-01088,2026-08-28 06:54:07,2026-09-01 07:09:27,Chile,iOS,Redes Sociales,Falla en Reproducción / Error System,Alta,96.26,2
TCK-2024-01089,2026-08-27 11:09:57,2026-08-31 21:45:31,Argentina,Smart TV,Redes Sociales,Falla en Reproducción / Error System,Media,106.59,1
TCK-2024-01090,2026-08-27 10:52:04,2026-08-27 21:46:43,Perú,Android,Redes Sociales,Falla en Reproducción / Error System,Baja,10.91,3
TCK-2024-01091,2026-08-27 00:19:15,2026-08-29 00:02:05,Argentina,iOS,Redes Sociales,Interfaz No Responsiva / UX,Baja,47.71,2
TCK-2024-01092,2026-08-22 20:22:44,2026-08-23 01:50:47,México,Android,Formulario App,Error de Autenticación / Login,Baja,5.47,3
TCK-2024-01093,2026-09-01 18:05:02,2026-09-01 20:21:02,Perú,Web Browser,ChatBot Web,Error de Autenticación / Login,Baja,2.27,4
TCK-2024-01094,2026-08-29 06:16:18,2026-08-29 17:02:41,Chile,Smart TV,Email Soporte,Error de Autenticación / Login,Crítica,10.77,2
TCK-2024-01095,2026-08-28 06:54:07,2026-09-01 07:09:27,México,iOS,Email Soporte,Falla en Reproducción / Error System,Baja,96.26,1
TCK-2024-01096,2026-08-27 11:09:57,2026-08-31 21:45:31,Colombia,Android,ChatBot Web,Falla en Reproducción / Error System,Media,106.59,1
TCK-2024-01097,2026-08-27 10:52:04,2026-08-27 21:46:43,Argentina,Android,Redes Sociales,Falla en Reproducción / Error System,Media,10.91,3
TCK-2024-01098,2026-08-27 00:19:15,2026-08-29 00:02:05,Colombia,Web Browser,ChatBot Web,Interfaz No Responsiva / UX,Baja,47.71,2
TCK-2024-01099,2026-08-22 20:22:44,2026-08-23 01:50:47,Colombia,Web Browser,Email Soporte,Error de Autenticación / Login,Baja,5.47,3
TCK-2024-01100,2026-09-01 18:05:02,2026-09-01 20:21:02,Chile,Smart TV,ChatBot Web,Error de Autenticación / Login,Baja,2.27,4
TCK-2024-01101,2026-08-29 06:16:18,2026-08-29 17:02:41,Chile,iOS,Redes Sociales,Error de Autenticación / Login,Baja,10.77,4
TCK-2024-01102,2026-08-28 06:54:07,2026-09-01 07:09:27,Chile,Android,Redes Sociales,Falla en Reproducción / Error System,Alta,96.26,1
TCK-2024-01103,2026-08-27 11:09:57,2026-08-31 21:45:31,Chile,iOS,Formulario App,Falla en Reproducción / Error System,Baja,106.59,2
TCK-2024-01104,2026-08-27 10:52:04,2026-08-27 21:46:43,Perú,Smart TV,Email Soporte,Falla en Reproducción / Error System,Alta,10.91,4
TCK-2024-01105,2026-08-27 00:19:15,2026-08-29 00:02:05,Chile,Android,ChatBot Web,Interfaz No Responsiva / UX,Media,47.71,1
TCK-2024-01106,2026-08-22 20:22:44,2026-08-23 01:50:47,Colombia,Android,Formulario App,Error de Autenticación / Login,Alta,5.47,4
TCK-2024-01107,2026-09-01 18:05:02,2026-09-01 20:21:02,Argentina,iOS,Email Soporte,Error de Autenticación / Login,Alta,2.27,5
TCK-2024-01108,2026-08-29 06:16:18,2026-08-29 17:02:41,Perú,iOS,Formulario App,Error de Autenticación / Login,Baja,10.77,3
TCK-2024-01109,2026-08-28 06:54:07,2026-09-01 07:09:27,Chile,Smart TV,Formulario App,Falla en Reproducción / Error System,Media,96.26,1
TCK-2024-01110,2026-08-27 11:09:57,2026-08-31 21:45:31,Perú,iOS,Formulario App,Falla en Reproducción / Error System,Baja,106.59,3
TCK-2024-01111,2026-08-27 10:52:04,2026-08-27 21:46:43,Perú,iOS,ChatBot Web,Falla en Reproducción / Error System,Alta,10.91,3
TCK-2024-01112,2026-08-27 00:19:15,2026-08-29 00:02:05,México,Android,Email Soporte,Interfaz No Responsiva / UX,Crítica,47.71,1
TCK-2024-01113,2026-08-22 20:22:44,2026-08-23 01:50:47,Colombia,iOS,Email Soporte,Error de Autenticación / Login,Alta,5.47,4
TCK-2024-01114,2026-09-01 18:05:02,2026-09-01 20:21:02,Colombia,Web Browser,Redes Sociales,Error de Autenticación / Login,Media,2.27,5
TCK-2024-01115,2026-08-29 06:16:18,2026-08-29 17:02:41,Chile,Smart TV,Email Soporte,Error de Autenticación / Login,Media,10.77,3
TCK-2024-01116,2026-08-28 06:54:07,2026-09-01 07:09:27,Chile,iOS,Formulario App,Falla en Reproducción / Error System,Media,96.26,3
TCK-2024-01117,2026-08-27 11:09:57,2026-08-31 21:45:31,Argentina,Smart TV,Email Soporte,Falla en Reproducción / Error System,Baja,106.59,1
TCK-2024-01118,2026-08-27 10:52:04,2026-08-27 21:46:43,México,iOS,Formulario App,Falla en Reproducción / Error System,Media,10.91,4
TCK-2024-01119,2026-08-27 00:19:15,2026-08-29 00:02:05,Perú,Android,Redes Sociales,Interfaz No Responsiva / UX,Media,47.71,1
TCK-2024-01120,2026-08-22 20:22:44,2026-08-23 01:50:47,Argentina,iOS,Formulario App,Error de Autenticación / Login,Baja,5.47,3
TCK-2024-01121,2026-09-01 18:05:02,2026-09-01 20:21:02,Chile,Smart TV,Formulario App,Error de Autenticación / Login,Media,2.27,5
TCK-2024-01122,2026-08-29 06:16:18,2026-08-29 17:02:41,Colombia,Web Browser,Email Soporte,Error de Autenticación / Login,Baja,10.77,3
TCK-2024-01123,2026-08-28 06:54:07,2026-09-01 07:09:27,Chile,Android,Redes Sociales,Falla en Reproducción / Error System,Media,96.26,1
TCK-2024-01124,2026-08-27 11:09:57,2026-08-31 21:45:31,Argentina,iOS,Formulario App,Falla en Reproducción / Error System,Alta,106.59,2
TCK-2024-01125,2026-08-27 10:52:04,2026-08-27 21:46:43,Chile,Android,ChatBot Web,Falla en Reproducción / Error System,Media,10.91,3
TCK-2024-01126,2026-08-27 00:19:15,2026-08-29 00:02:05,México,iOS,Redes Sociales,Interfaz No Responsiva / UX,Alta,47.71,2
TCK-2024-01127,2026-08-22 20:22:44,2026-08-23 01:50:47,Chile,Android,Redes Sociales,Error de Autenticación / Login,Media,5.47,4
TCK-2024-01128,2026-09-01 18:05:02,2026-09-01 20:21:02,Colombia,iOS,Formulario App,Error de Autenticación / Login,Media,2.27,5
TCK-2024-01129,2026-08-29 06:16:18,2026-08-29 17:02:41,México,iOS,Redes Sociales,Error de Autenticación / Login,Alta,10.77,3
TCK-2024-01130,2026-08-28 06:54:07,2026-09-01 07:09:27,Colombia,iOS,Redes Sociales,Falla en Reproducción / Error System,Alta,96.26,1
TCK-2024-01131,2026-08-27 11:09:57,2026-08-31 21:45:31,Colombia,iOS,Formulario App,Falla en Reproducción / Error System,Alta,106.59,3
TCK-2024-01132,2026-08-27 10:52:04,2026-08-27 21:46:43,Perú,Smart TV,ChatBot Web,Falla en Reproducción / Error System,Crítica,10.91,3
TCK-2024-01133,2026-08-27 00:19:15,2026-08-29 00:02:05,México,Android,ChatBot Web,Interfaz No Responsiva / UX,Baja,47.71,1
TCK-2024-01134,2026-08-22 20:22:44,2026-08-23 01:50:47,Argentina,Smart TV,Formulario App,Error de Autenticación / Login,Media,5.47,4
TCK-2024-01135,2026-09-01 18:05:02,2026-09-01 20:21:02,Perú,Android,Formulario App,Error de Autenticación / Login,Media,2.27,5
TCK-2024-01136,2026-08-29 06:16:18,2026-08-29 17:02:41,Colombia,Smart TV,Formulario App,Error de Autenticación / Login,Media,10.77,3
TCK-2024-01137,2026-08-28 06:54:07,2026-09-01 07:09:27,Chile,Web Browser,ChatBot Web,Falla en Reproducción / Error System,Media,96.26,1
TCK-2024-01138,2026-08-27 11:09:57,2026-08-31 21:45:31,Chile,Web Browser,Formulario App,Falla en Reproducción / Error System,Media,106.59,1
TCK-2024-01139,2026-08-27 10:52:04,2026-08-27 21:46:43,México,Web Browser,ChatBot Web,Falla en Reproducción / Error System,Alta,10.91,2
TCK-2024-01140,2026-08-27 00:19:15,2026-08-29 00:02:05,México,Smart TV,Redes Sociales,Interfaz No Responsiva / UX,Baja,47.71,2
TCK-2024-01141,2026-08-22 20:22:44,2026-08-23 01:50:47,Chile,Smart TV,ChatBot Web,Error de Autenticación / Login,Media,5.47,2
TCK-2024-01142,2026-09-01 18:05:02,2026-09-01 20:21:02,Chile,Web Browser,Email Soporte,Error de Autenticación / Login,Media,2.27,5
TCK-2024-01143,2026-08-29 06:16:18,2026-08-29 17:02:41,Chile,Web Browser,Redes Sociales,Error de Autenticación / Login,Crítica,10.77,3
TCK-2024-01144,2026-08-28 06:54:07,2026-09-01 07:09:27,Perú,Web Browser,Email Soporte,Falla en Reproducción / Error System,Media,96.26,1
TCK-2024-01145,2026-08-27 11:09:57,2026-08-31 21:45:31,Colombia,Web Browser,Redes Sociales,Falla en Reproducción / Error System,Media,106.59,2
TCK-2024-01146,2026-08-27 10:52:04,2026-08-27 21:46:43,Chile,Web Browser,Formulario App,Falla en Reproducción / Error System,Alta,10.91,4
TCK-2024-01147,2026-08-27 00:19:15,2026-08-29 00:02:05,Colombia,Android,Email Soporte,Interfaz No Responsiva / UX,Alta,47.71,3
TCK-2024-01148,2026-08-22 20:22:44,2026-08-23 01:50:47,Colombia,Smart TV,Formulario App,Error de Autenticación / Login,Alta,5.47,2
TCK-2024-01149,2026-09-01 18:05:02,2026-09-01 20:21:02,Chile,Android,Formulario App,Error de Autenticación / Login,Media,2.27,5
TCK-2024-01150,2026-08-29 06:16:18,2026-08-29 17:02:41,México,Web Browser,ChatBot Web,Error de Autenticación / Login,Baja,10.77,3
TCK-2024-01151,2026-08-28 06:54:07,2026-09-01 07:09:27,Colombia,Web Browser,ChatBot Web,Falla en Reproducción / Error System,Alta,96.26,3
TCK-2024-01152,2026-08-27 11:09:57,2026-08-31 21:45:31,Argentina,Smart TV,Formulario App,Falla en Reproducción / Error System,Media,106.59,1
TCK-2024-01153,2026-08-27 10:52:04,2026-08-27 21:46:43,México,Android,ChatBot Web,Falla en Reproducción / Error System,Media,10.91,4
TCK-2024-01154,2026-08-27 00:19:15,2026-08-29 00:02:05,México,Android,Formulario App,Interfaz No Responsiva / UX,Media,47.71,1
TCK-2024-01155,2026-08-22 20:22:44,2026-08-23 01:50:47,Chile,Web Browser,Formulario App,Error de Autenticación / Login,Media,5.47,4
TCK-2024-01156,2026-09-01 18:05:02,2026-09-01 20:21:02,Argentina,iOS,ChatBot Web,Error de Autenticación / Login,Baja,2.27,5
TCK-2024-01157,2026-08-29 06:16:18,2026-08-29 17:02:41,Colombia,iOS,Redes Sociales,Error de Autenticación / Login,Baja,10.77,3
TCK-2024-01158,2026-08-28 06:54:07,2026-09-01 07:09:27,México,Smart TV,Formulario App,Falla en Reproducción / Error System,Baja,96.26,1
TCK-2024-01159,2026-08-27 11:09:57,2026-08-31 21:45:31,Argentina,Web Browser,Redes Sociales,Falla en Reproducción / Error System,Crítica,106.59,1
TCK-2024-01160,2026-08-27 10:52:04,2026-08-27 21:46:43,Argentina,Smart TV,ChatBot Web,Falla en Reproducción / Error System,Alta,10.91,2
TCK-2024-01161,2026-08-27 00:19:15,2026-08-29 00:02:05,Chile,Web Browser,ChatBot Web,Interfaz No Responsiva / UX,Media,47.71,1
TCK-2024-01162,2026-08-22 20:22:44,2026-08-23 01:50:47,Argentina,Android,Redes Sociales,Error de Autenticación / Login,Alta,5.47,3
TCK-2024-01163,2026-09-01 18:05:02,2026-09-01 20:21:02,Chile,Smart TV,Formulario App,Error de Autenticación / Login,Baja,2.27,4
TCK-2024-01164,2026-08-29 06:16:18,2026-08-29 17:02:41,Chile,Smart TV,Formulario App,Error de Autenticación / Login,Crítica,10.77,3
TCK-2024-01165,2026-08-28 06:54:07,2026-09-01 07:09:27,Colombia,Web Browser,Formulario App,Falla en Reproducción / Error System,Alta,96.26,3
TCK-2024-01166,2026-08-27 11:09:57,2026-08-31 21:45:31,Argentina,Smart TV,ChatBot Web,Falla en Reproducción / Error System,Media,106.59,1
TCK-2024-01167,2026-08-27 10:52:04,2026-08-27 21:46:43,Argentina,Smart TV,Formulario App,Falla en Reproducción / Error System,Crítica,10.91,3
TCK-2024-01168,2026-08-27 00:19:15,2026-08-29 00:02:05,Colombia,Web Browser,Formulario App,Interfaz No Responsiva / UX,Alta,47.71,1
TCK-2024-01169,2026-08-22 20:22:44,2026-08-23 01:50:47,Argentina,iOS,Email Soporte,Error de Autenticación / Login,Media,5.47,3
TCK-2024-01170,2026-09-01 18:05:02,2026-09-01 20:21:02,México,Web Browser,Formulario App,Error de Autenticación / Login,Baja,2.27,5
TCK-2024-01171,2026-08-29 06:16:18,2026-08-29 17:02:41,México,iOS,Formulario App,Error de Autenticación / Login,Media,10.77,3
TCK-2024-01172,2026-08-28 06:54:07,2026-09-01 07:09:27,México,Smart TV,ChatBot Web,Falla en Reproducción / Error System,Baja,96.26,2
TCK-2024-01173,2026-08-27 11:09:57,2026-08-31 21:45:31,Argentina,Android,Redes Sociales,Falla en Reproducción / Error System,Alta,106.59,1
TCK-2024-01174,2026-08-27 10:52:04,2026-08-27 21:46:43,Argentina,Web Browser,Email Soporte,Falla en Reproducción / Error System,Baja,10.91,3
TCK-2024-01175,2026-08-27 00:19:15,2026-08-29 00:02:05,Chile,Android,Formulario App,Interfaz No Responsiva / UX,Media,47.71,3
TCK-2024-01176,2026-08-22 20:22:44,2026-08-23 01:50:47,Argentina,Android,Formulario App,Error de Autenticación / Login,Media,5.47,2
TCK-2024-01177,2026-09-01 18:05:02,2026-09-01 20:21:02,Chile,iOS,Redes Sociales,Error de Autenticación / Login,Alta,2.27,5
TCK-2024-01178,2026-08-29 06:16:18,2026-08-29 17:02:41,Colombia,Android,Email Soporte,Error de Autenticación / Login,Baja,10.77,4
TCK-2024-01179,2026-08-28 06:54:07,2026-09-01 07:09:27,Perú,Smart TV,Redes Sociales,Falla en Reproducción / Error System,Baja,96.26,1
TCK-2024-01180,2026-08-27 11:09:57,2026-08-31 21:45:31,Argentina,Web Browser,Redes Sociales,Falla en Reproducción / Error System,Media,106.59,1
TCK-2024-01181,2026-08-27 10:52:04,2026-08-27 21:46:43,Colombia,Smart TV,Redes Sociales,Falla en Reproducción / Error System,Alta,10.91,3
TCK-2024-01182,2026-08-27 00:19:15,2026-08-29 00:02:05,Chile,Web Browser,Formulario App,Interfaz No Responsiva / UX,Alta,47.71,2
TCK-2024-01183,2026-08-22 20:22:44,2026-08-23 01:50:47,Chile,Smart TV,ChatBot Web,Error de Autenticación / Login,Baja,5.47,3
TCK-2024-01184,2026-09-01 18:05:02,2026-09-01 20:21:02,Argentina,Android,Formulario App,Error de Autenticación / Login,Alta,2.27,5
TCK-2024-01185,2026-08-29 06:16:18,2026-08-29 17:02:41,Chile,Web Browser,ChatBot Web,Error de Autenticación / Login,Baja,10.77,3
TCK-2024-01186,2026-08-28 06:54:07,2026-09-01 07:09:27,Colombia,iOS,Redes Sociales,Falla en Reproducción / Error System,Media,96.26,2
TCK-2024-01187,2026-08-27 11:09:57,2026-08-31 21:45:31,Argentina,Web Browser,Redes Sociales,Falla en Reproducción / Error System,Alta,106.59,1
TCK-2024-01188,2026-08-27 10:52:04,2026-08-27 21:46:43,Colombia,Android,Formulario App,Falla en Reproducción / Error System,Media,10.91,3
TCK-2024-01189,2026-08-27 00:19:15,2026-08-29 00:02:05,Chile,Smart TV,Formulario App,Interfaz No Responsiva / UX,Media,47.71,1
TCK-2024-01190,2026-08-22 20:22:44,2026-08-23 01:50:47,México,Android,Formulario App,Error de Autenticación / Login,Media,5.47,2
TCK-2024-01191,2026-09-01 18:05:02,2026-09-01 20:21:02,Chile,iOS,Email Soporte,Error de Autenticación / Login,Media,2.27,5
TCK-2024-01192,2026-08-29 06:16:18,2026-08-29 17:02:41,Perú,Web Browser,ChatBot Web,Error de Autenticación / Login,Baja,10.77,3
TCK-2024-01193,2026-08-28 06:54:07,2026-09-01 07:09:27,Chile,Smart TV,Redes Sociales,Falla en Reproducción / Error System,Baja,96.26,2
TCK-2024-01194,2026-08-27 11:09:57,2026-08-31 21:45:31,Chile,Web Browser,ChatBot Web,Falla en Reproducción / Error System,Baja,106.59,3
TCK-2024-01195,2026-08-27 10:52:04,2026-08-27 21:46:43,Perú,Web Browser,Formulario App,Falla en Reproducción / Error System,Baja,10.91,3
TCK-2024-01196,2026-08-27 00:19:15,2026-08-29 00:02:05,Perú,Web Browser,Redes Sociales,Interfaz No Responsiva / UX,Crítica,47.71,1
TCK-2024-01197,2026-08-22 20:22:44,2026-08-23 01:50:47,Chile,Android,ChatBot Web,Error de Autenticación / Login,Alta,5.47,4
TCK-2024-01198,2026-09-01 18:05:02,2026-09-01 20:21:02,Perú,Android,ChatBot Web,Error de Autenticación / Login,Baja,2.27,4
TCK-2024-01199,2026-08-29 06:16:18,2026-08-29 17:02:41,Chile,Web Browser,Redes Sociales,Error de Autenticación / Login,Baja,10.77,3
TCK-2024-01200,2026-08-28 06:54:07,2026-09-01 07:09:27,Argentina,Android,Formulario App,Falla en Reproducción / Error System,Crítica,96.26,3
