ID_Envio,Fecha_Despacho,Comuna_Destino,Distancia_KM,Tiempo_Prometido_Hrs,Tiempo_Real_Hrs,Estado_Entrega,Motivo_Falla,Tipo_Vehiculo,Costo_Envio_CLP
ENV-2026-00001,2026-07-12 21:49:00,La Florida,16.5,24.0,16.9,Entregado a Tiempo,Sin Falla,Furgón 1.5T,5700.0
ENV-2026-00002,2026-07-16 18:19:00,San Bernardo,16.7,24.0,17.1,Entregado a Tiempo,Sin Falla,Furgón 1.5T,5900.0
ENV-2026-00003,2026-08-25 15:37:00,Pudahuel,17.0,12.0,12.8,Entregado con Atraso,Cliente Ausente,Camión 3.5T,5600.0
ENV-2026-00004,2026-08-02 01:49:00,Las Condes,15.5,12.0,11.6,Entregado a Tiempo,Sin Falla,Furgón 1.5T,5600.0
ENV-2026-00005,2026-07-20 09:16:00,La Florida,12.2,24.0,24.2,Entregado con Atraso,Tráfico/Congestión,Furgón Eléctrico,4700.0
ENV-2026-00006,2026-07-05 09:04:00,Las Condes,34.8,12.0,14.6,Entregado con Atraso,Tráfico/Congestión,Furgón Eléctrico,8100.0
ENV-2026-00007,2026-07-10 11:37:00,La Florida,5.7,24.0,38.2,Fallido,Cliente Ausente,Furgón Eléctrico,4300.0
ENV-2026-00008,2026-07-10 04:21:00,Puente Alto,27.4,24.0,19.9,Entregado a Tiempo,Sin Falla,Furgón Eléctrico,7000.0
ENV-2026-00009,2026-07-23 04:11:00,Pudahuel,32.0,12.0,5.8,Entregado a Tiempo,Sin Falla,Motocicleta,7900.0
ENV-2026-00010,2026-07-23 07:20:00,Maipú,17.0,48.0,80.8,Fallido,Tráfico/Congestión,Furgón 1.5T,5500.0
ENV-2026-00011,2026-08-22 14:28:00,La Florida,9.5,48.0,47.7,Entregado a Tiempo,Sin Falla,Furgón 1.5T,4400.0
ENV-2026-00012,2026-07-18 15:11:00,La Florida,9.1,24.0,14.8,Entregado a Tiempo,Sin Falla,Furgón 1.5T,4600.0
ENV-2026-00013,2026-08-10 21:51:00,La Florida,33.2,12.0,9.2,Entregado a Tiempo,Sin Falla,Furgón 1.5T,8400.0
ENV-2026-00014,2026-08-12 02:23:00,Puente Alto,22.1,48.0,53.6,Entregado con Atraso,Tráfico/Congestión,Furgón 1.5T,6700.0
ENV-2026-00015,2026-07-16 21:36:00,Pudahuel,6.5,12.0,16.2,Fallido,Tráfico/Congestión,Furgón 1.5T,4000.0
ENV-2026-00016,2026-07-09 05:16:00,Maipú,34.0,24.0,45.5,Fallido,Zona Inaccesible,Furgón 1.5T,8000.0
ENV-2026-00017,2026-07-23 18:47:00,Las Condes,8.4,48.0,60.4,Entregado con Atraso,Cliente Ausente,Furgón 1.5T,4400.0
ENV-2026-00018,2026-08-12 04:23:00,La Florida,10.1,24.0,37.3,Fallido,Dirección Incorrecta,Furgón 1.5T,4300.0
ENV-2026-00019,2026-07-16 17:41:00,La Florida,20.6,12.0,14.2,Entregado con Atraso,Tráfico/Congestión,Furgón 1.5T,5900.0
ENV-2026-00020,2026-08-28 04:27:00,Santiago,22.7,24.0,11.5,Entregado a Tiempo,Sin Falla,Furgón Eléctrico,6900.0
ENV-2026-00021,2026-08-27 22:49:00,Las Condes,16.1,24.0,23.6,Entregado a Tiempo,Sin Falla,Camión 3.5T,5200.0
ENV-2026-00022,2026-08-08 14:24:00,Santiago,33.6,12.0,9.0,Entregado a Tiempo,Sin Falla,Camión 3.5T,8100.0
ENV-2026-00023,2026-08-12 16:45:00,La Florida,3.2,48.0,51.8,Entregado con Atraso,Tráfico/Congestión,Furgón 1.5T,3900.0
ENV-2026-00024,2026-07-06 01:16:00,Las Condes,16.6,24.0,29.0,Entregado con Atraso,Tráfico/Congestión,Furgón 1.5T,5900.0
ENV-2026-00025,2026-07-25 22:44:00,La Florida,33.1,24.0,11.2,Entregado a Tiempo,Sin Falla,Furgón 1.5T,8400.0
ENV-2026-00026,2026-08-12 20:08:00,Quilicura,16.6,24.0,18.0,Entregado a Tiempo,Sin Falla,Furgón 1.5T,5900.0
ENV-2026-00027,2026-08-23 11:05:00,Quilicura,33.8,24.0,22.2,Entregado a Tiempo,Sin Falla,Furgón 1.5T,8200.0
ENV-2026-00028,2026-07-21 19:27:00,Santiago,28.5,24.0,27.3,Entregado con Atraso,Cliente Ausente,Camión 3.5T,7400.0
ENV-2026-00029,2026-08-05 09:58:00,Quilicura,27.6,24.0,20.5,Entregado a Tiempo,Sin Falla,Furgón 1.5T,7400.0
ENV-2026-00030,2026-08-29 08:41:00,Maipú,13.5,24.0,34.9,Fallido,Cliente Ausente,Motocicleta,5100.0
ENV-2026-00031,2026-08-26 01:42:00,La Florida,9.3,24.0,26.1,Entregado con Atraso,Cliente Ausente,Furgón 1.5T,4800.0
ENV-2026-00032,2026-07-31 09:55:00,Maipú,23.6,24.0,10.2,Entregado a Tiempo,Sin Falla,Furgón 1.5T,6400.0
ENV-2026-00033,2026-08-10 01:12:00,Maipú,30.6,48.0,69.3,Fallido,Tráfico/Congestión,Furgón 1.5T,7900.0
ENV-2026-00034,2026-07-01 00:16:00,Quilicura,28.8,24.0,23.0,Entregado a Tiempo,Sin Falla,Furgón 1.5T,7100.0
ENV-2026-00035,2026-07-17 02:21:00,Quilicura,7.3,24.0,28.4,Entregado con Atraso,Cliente Ausente,Camión 3.5T,4000.0
ENV-2026-00036,2026-07-17 13:58:00,Las Condes,12.9,24.0,20.5,Entregado a Tiempo,Sin Falla,Motocicleta,5400.0
ENV-2026-00037,2026-08-15 21:00:00,San Bernardo,31.5,24.0,25.3,Entregado con Atraso,Tráfico/Congestión,Furgón Eléctrico,8000.0
ENV-2026-00038,2026-08-25 03:14:00,San Bernardo,11.5,24.0,18.6,Entregado a Tiempo,Sin Falla,Furgón 1.5T,5000.0
ENV-2026-00039,2026-07-13 13:24:00,San Bernardo,22.5,24.0,24.2,Entregado con Atraso,Tráfico/Congestión,Furgón 1.5T,6600.0
ENV-2026-00040,2026-08-09 18:06:00,Maipú,8.9,24.0,14.5,Entregado a Tiempo,Sin Falla,Furgón 1.5T,4800.0
ENV-2026-00041,2026-08-05 09:41:00,Santiago,6.0,24.0,31.4,Fallido,Cliente Ausente,Furgón 1.5T,3700.0
ENV-2026-00042,2026-08-14 14:29:00,Las Condes,16.4,24.0,27.8,Entregado con Atraso,Tráfico/Congestión,Furgón 1.5T,5400.0
ENV-2026-00043,2026-08-22 15:42:00,San Bernardo,22.2,24.0,19.7,Entregado a Tiempo,Sin Falla,Furgón 1.5T,6700.0
ENV-2026-00044,2026-08-07 21:55:00,San Bernardo,6.8,24.0,11.1,Entregado a Tiempo,Sin Falla,Furgón 1.5T,4100.0
ENV-2026-00045,2026-08-06 09:19:00,Quilicura,25.8,24.0,22.2,Entregado a Tiempo,Sin Falla,Furgón 1.5T,6800.0
ENV-2026-00046,2026-07-11 21:56:00,Santiago,4.3,12.0,16.0,Fallido,Tráfico/Congestión,Furgón 1.5T,3600.0
ENV-2026-00047,2026-08-07 20:12:00,Puente Alto,13.6,24.0,24.0,Entregado a Tiempo,Sin Falla,Furgón 1.5T,5400.0
ENV-2026-00048,2026-07-10 12:55:00,Las Condes,14.4,48.0,53.0,Entregado con Atraso,Tráfico/Congestión,Motocicleta,5300.0
ENV-2026-00049,2026-08-08 10:06:00,Santiago,16.1,12.0,19.2,Fallido,Tráfico/Congestión,Furgón 1.5T,5700.0
ENV-2026-00050,2026-07-15 22:06:00,Puente Alto,13.6,24.0,30.2,Entregado con Atraso,Tráfico/Congestión,Motocicleta,5000.0
ENV-2026-00051,2026-08-16 13:37:00,Maipú,18.4,24.0,18.4,Entregado a Tiempo,Sin Falla,Furgón 1.5T,6200.0
ENV-2026-00052,2026-07-01 02:53:00,Quilicura,20.7,48.0,77.0,Fallido,Zona Inaccesible,Motocicleta,6300.0
ENV-2026-00053,2026-07-03 01:05:00,Santiago,6.5,24.0,18.7,Entregado a Tiempo,Sin Falla,Motocicleta,4200.0
ENV-2026-00054,2026-08-10 13:57:00,Quilicura,21.0,12.0,18.2,Fallido,Dirección Incorrecta,Furgón Eléctrico,6200.0
ENV-2026-00055,2026-08-15 07:31:00,Quilicura,20.0,24.0,35.4,Fallido,Dirección Incorrecta,Furgón 1.5T,6300.0
ENV-2026-00056,2026-07-04 20:02:00,Santiago,3.3,48.0,92.8,Fallido,Cliente Ausente,Motocicleta,3800.0
ENV-2026-00057,2026-07-03 07:57:00,San Bernardo,25.7,24.0,20.4,Entregado a Tiempo,Sin Falla,Motocicleta,7200.0
ENV-2026-00058,2026-07-09 11:03:00,Puente Alto,16.2,24.0,23.2,Entregado a Tiempo,Sin Falla,Furgón 1.5T,5500.0
ENV-2026-00059,2026-08-01 09:13:00,Quilicura,10.7,48.0,33.8,Entregado a Tiempo,Sin Falla,Furgón 1.5T,4900.0
ENV-2026-00060,2026-07-18 05:44:00,Puente Alto,23.5,24.0,69.2,Fallido,Cliente Ausente,Furgón Eléctrico,6500.0
ENV-2026-00061,2026-07-14 02:06:00,Las Condes,15.0,24.0,18.7,Entregado a Tiempo,Sin Falla,Furgón Eléctrico,5700.0
ENV-2026-00062,2026-08-25 05:51:00,La Florida,21.7,24.0,9.4,Entregado a Tiempo,Sin Falla,Furgón Eléctrico,6200.0
ENV-2026-00063,2026-07-18 09:43:00,Las Condes,16.9,48.0,97.4,Fallido,Dirección Incorrecta,Furgón 1.5T,5600.0
ENV-2026-00064,2026-08-16 23:15:00,La Florida,13.7,24.0,17.7,Entregado a Tiempo,Sin Falla,Motocicleta,5200.0
ENV-2026-00065,2026-08-07 20:10:00,La Florida,26.1,24.0,25.5,Entregado con Atraso,Tráfico/Congestión,Furgón Eléctrico,7200.0
ENV-2026-00066,2026-08-16 16:04:00,Puente Alto,7.6,24.0,10.3,Entregado a Tiempo,Sin Falla,Motocicleta,4500.0
ENV-2026-00067,2026-07-16 07:28:00,Maipú,3.5,24.0,14.4,Entregado a Tiempo,Sin Falla,Motocicleta,3400.0
ENV-2026-00068,2026-07-12 19:13:00,Puente Alto,9.8,24.0,21.1,Entregado a Tiempo,Sin Falla,Furgón 1.5T,4500.0
ENV-2026-00069,2026-08-17 02:22:00,Las Condes,18.8,12.0,9.0,Entregado a Tiempo,Sin Falla,Motocicleta,6000.0
ENV-2026-00070,2026-07-22 22:18:00,Las Condes,33.1,24.0,28.9,Entregado con Atraso,Tráfico/Congestión,Furgón 1.5T,8000.0
ENV-2026-00071,2026-07-17 21:41:00,Quilicura,23.9,12.0,18.1,Fallido,Tráfico/Congestión,Motocicleta,6600.0
ENV-2026-00072,2026-08-09 08:37:00,Las Condes,6.5,12.0,17.0,Fallido,Dirección Incorrecta,Furgón 1.5T,4000.0
ENV-2026-00073,2026-07-21 22:08:00,Maipú,33.3,24.0,11.3,Entregado a Tiempo,Sin Falla,Furgón Eléctrico,7900.0
ENV-2026-00074,2026-08-18 17:56:00,Pudahuel,27.8,24.0,13.1,Entregado a Tiempo,Sin Falla,Furgón 1.5T,7200.0
ENV-2026-00075,2026-08-13 11:54:00,San Bernardo,5.6,24.0,26.7,Entregado con Atraso,Tráfico/Congestión,Motocicleta,4000.0
ENV-2026-00076,2026-08-09 01:12:00,Pudahuel,27.2,24.0,18.1,Entregado a Tiempo,Sin Falla,Camión 3.5T,7400.0
ENV-2026-00077,2026-08-05 23:44:00,Santiago,29.0,48.0,25.7,Entregado a Tiempo,Sin Falla,Furgón 1.5T,7200.0
ENV-2026-00078,2026-07-16 18:15:00,La Florida,16.4,12.0,8.4,Entregado a Tiempo,Sin Falla,Furgón Eléctrico,5800.0
ENV-2026-00079,2026-07-13 08:29:00,Quilicura,13.5,24.0,34.1,Fallido,Tráfico/Congestión,Furgón 1.5T,5400.0
ENV-2026-00080,2026-08-21 14:23:00,Las Condes,17.1,48.0,46.3,Entregado a Tiempo,Sin Falla,Motocicleta,5500.0
ENV-2026-00081,2026-08-28 02:06:00,Santiago,16.9,12.0,10.7,Entregado a Tiempo,Sin Falla,Furgón 1.5T,6000.0
ENV-2026-00082,2026-07-11 15:35:00,Santiago,28.4,24.0,16.0,Entregado a Tiempo,Sin Falla,Motocicleta,7200.0
ENV-2026-00083,2026-07-22 16:33:00,Pudahuel,27.5,48.0,80.5,Fallido,Cliente Ausente,Furgón 1.5T,7200.0
ENV-2026-00084,2026-08-29 07:50:00,Santiago,9.6,24.0,32.3,Fallido,Cliente Ausente,Furgón Eléctrico,4400.0
ENV-2026-00085,2026-08-20 16:13:00,San Bernardo,8.1,12.0,11.0,Entregado a Tiempo,Sin Falla,Furgón Eléctrico,4100.0
ENV-2026-00086,2026-07-31 04:27:00,San Bernardo,34.4,24.0,29.1,Entregado con Atraso,Cliente Ausente,Motocicleta,8500.0
ENV-2026-00087,2026-08-16 10:48:00,Pudahuel,26.3,12.0,8.0,Entregado a Tiempo,Sin Falla,Furgón 1.5T,6900.0
ENV-2026-00088,2026-08-11 14:30:00,Maipú,31.7,48.0,39.9,Entregado a Tiempo,Sin Falla,Furgón 1.5T,8100.0
ENV-2026-00089,2026-08-29 14:51:00,Quilicura,13.2,24.0,40.9,Fallido,Dirección Incorrecta,Furgón 1.5T,5100.0
ENV-2026-00090,2026-08-21 13:14:00,Santiago,10.6,24.0,16.3,Entregado a Tiempo,Sin Falla,Motocicleta,4600.0
ENV-2026-00091,2026-07-17 19:34:00,Pudahuel,5.6,48.0,47.7,Entregado a Tiempo,Sin Falla,Furgón 1.5T,3700.0
ENV-2026-00092,2026-08-27 03:35:00,La Florida,28.4,24.0,40.4,Fallido,Cliente Ausente,Furgón 1.5T,7500.0
ENV-2026-00093,2026-07-07 11:07:00,San Bernardo,34.8,12.0,8.3,Entregado a Tiempo,Sin Falla,Furgón 1.5T,8500.0
ENV-2026-00094,2026-08-05 22:28:00,La Florida,26.6,24.0,37.0,Fallido,Dirección Incorrecta,Furgón 1.5T,7200.0
ENV-2026-00095,2026-07-29 16:55:00,Pudahuel,7.1,12.0,13.7,Entregado con Atraso,Cliente Ausente,Furgón 1.5T,4000.0
ENV-2026-00096,2026-07-08 02:41:00,Santiago,17.1,24.0,46.1,Fallido,Cliente Ausente,Furgón Eléctrico,5900.0
ENV-2026-00097,2026-08-22 15:22:00,Quilicura,30.7,12.0,9.0,Entregado a Tiempo,Sin Falla,Furgón 1.5T,7600.0
ENV-2026-00098,2026-08-15 19:30:00,San Bernardo,31.5,24.0,27.8,Entregado con Atraso,Tráfico/Congestión,Furgón 1.5T,7900.0
ENV-2026-00099,2026-07-07 01:13:00,Puente Alto,31.1,48.0,73.4,Fallido,Tráfico/Congestión,Camión 3.5T,8000.0
ENV-2026-00100,2026-08-11 17:57:00,Puente Alto,16.7,24.0,28.9,Entregado con Atraso,Cliente Ausente,Furgón 1.5T,5600.0
ENV-2026-00101,2026-08-17 17:07:00,Pudahuel,34.5,48.0,34.8,Entregado a Tiempo,Sin Falla,Furgón 1.5T,8300.0
ENV-2026-00102,2026-08-22 07:14:00,Pudahuel,11.1,24.0,23.0,Entregado a Tiempo,Sin Falla,Furgón 1.5T,4700.0
ENV-2026-00103,2026-08-06 10:05:00,Puente Alto,29.0,24.0,27.0,Entregado con Atraso,Tráfico/Congestión,Furgón 1.5T,7300.0
ENV-2026-00104,2026-07-18 08:16:00,San Bernardo,19.1,24.0,17.4,Entregado a Tiempo,Sin Falla,Furgón 1.5T,5700.0
ENV-2026-00105,2026-07-23 05:05:00,Maipú,20.2,24.0,22.7,Entregado a Tiempo,Sin Falla,Motocicleta,6000.0
ENV-2026-00106,2026-07-07 20:50:00,Santiago,13.6,24.0,24.8,Entregado con Atraso,Tráfico/Congestión,Furgón 1.5T,5100.0
ENV-2026-00107,2026-08-09 07:35:00,Maipú,34.9,24.0,26.0,Entregado con Atraso,Tráfico/Congestión,Furgón 1.5T,8100.0
ENV-2026-00108,2026-08-13 17:21:00,Maipú,9.5,24.0,16.0,Entregado a Tiempo,Sin Falla,Furgón Eléctrico,4300.0
ENV-2026-00109,2026-08-11 16:33:00,Pudahuel,34.1,12.0,14.0,Entregado con Atraso,Tráfico/Congestión,Furgón 1.5T,8300.0
ENV-2026-00110,2026-07-29 20:35:00,Las Condes,31.7,24.0,48.4,Fallido,Dirección Incorrecta,Furgón Eléctrico,7800.0
ENV-2026-00111,2026-08-17 17:04:00,Maipú,20.2,48.0,56.7,Entregado con Atraso,Tráfico/Congestión,Motocicleta,6300.0
ENV-2026-00112,2026-07-03 12:59:00,La Florida,4.9,24.0,15.7,Entregado a Tiempo,Sin Falla,Furgón 1.5T,4100.0
ENV-2026-00113,2026-08-10 06:05:00,Las Condes,10.9,48.0,31.6,Entregado a Tiempo,Sin Falla,Furgón 1.5T,5100.0
ENV-2026-00114,2026-08-02 14:49:00,Las Condes,28.8,12.0,23.5,Fallido,Dirección Incorrecta,Furgón Eléctrico,7200.0
ENV-2026-00115,2026-07-24 04:07:00,Puente Alto,10.0,24.0,26.1,Entregado con Atraso,Tráfico/Congestión,Furgón 1.5T,4600.0
ENV-2026-00116,2026-07-21 19:13:00,Las Condes,29.1,48.0,38.6,Entregado a Tiempo,Sin Falla,Motocicleta,7600.0
ENV-2026-00117,2026-07-11 11:43:00,La Florida,27.3,24.0,17.2,Entregado a Tiempo,Sin Falla,Furgón 1.5T,7200.0
ENV-2026-00118,2026-07-08 15:40:00,Pudahuel,16.9,24.0,33.8,Fallido,Tráfico/Congestión,Furgón 1.5T,5400.0
ENV-2026-00119,2026-07-24 20:27:00,Las Condes,10.6,24.0,13.3,Entregado a Tiempo,Sin Falla,Furgón 1.5T,5000.0
ENV-2026-00120,2026-08-06 17:41:00,Quilicura,15.2,12.0,19.4,Fallido,Tráfico/Congestión,Furgón 1.5T,5400.0
ENV-2026-00121,2026-07-27 08:43:00,Quilicura,5.1,24.0,18.2,Entregado a Tiempo,Sin Falla,Motocicleta,4200.0
ENV-2026-00122,2026-07-07 23:29:00,San Bernardo,12.8,12.0,9.2,Entregado a Tiempo,Sin Falla,Motocicleta,5300.0
ENV-2026-00123,2026-07-31 15:24:00,Santiago,33.3,24.0,18.8,Entregado a Tiempo,Sin Falla,Furgón 1.5T,8100.0
ENV-2026-00124,2026-07-07 16:46:00,Las Condes,33.9,24.0,12.0,Entregado a Tiempo,Sin Falla,Furgón 1.5T,8500.0
ENV-2026-00125,2026-07-28 18:12:00,Santiago,29.1,24.0,23.2,Entregado a Tiempo,Sin Falla,Furgón Eléctrico,7700.0
ENV-2026-00126,2026-08-15 00:38:00,Puente Alto,24.2,12.0,7.6,Entregado a Tiempo,Sin Falla,Furgón 1.5T,6600.0
ENV-2026-00127,2026-08-23 10:01:00,Las Condes,23.2,12.0,8.8,Entregado a Tiempo,Sin Falla,Furgón Eléctrico,6400.0
ENV-2026-00128,2026-07-17 04:10:00,La Florida,5.6,24.0,14.2,Entregado a Tiempo,Sin Falla,Motocicleta,3900.0
ENV-2026-00129,2026-08-23 00:33:00,Pudahuel,3.2,24.0,49.8,Fallido,Zona Inaccesible,Furgón 1.5T,3700.0
ENV-2026-00130,2026-07-06 10:30:00,Pudahuel,34.6,24.0,18.7,Entregado a Tiempo,Sin Falla,Furgón 1.5T,8700.0
ENV-2026-00131,2026-07-09 16:05:00,Las Condes,23.2,24.0,38.7,Fallido,Dirección Incorrecta,Motocicleta,6400.0
ENV-2026-00132,2026-08-11 19:39:00,Las Condes,18.9,24.0,47.5,Fallido,Dirección Incorrecta,Furgón 1.5T,5700.0
ENV-2026-00133,2026-07-13 15:36:00,San Bernardo,19.4,24.0,21.2,Entregado a Tiempo,Sin Falla,Furgón 1.5T,6100.0
ENV-2026-00134,2026-08-20 08:52:00,Santiago,11.9,24.0,16.9,Entregado a Tiempo,Sin Falla,Furgón Eléctrico,5000.0
ENV-2026-00135,2026-07-23 18:25:00,Puente Alto,34.0,24.0,24.0,Entregado a Tiempo,Sin Falla,Furgón 1.5T,8000.0
ENV-2026-00136,2026-07-11 23:09:00,La Florida,23.4,12.0,7.3,Entregado a Tiempo,Sin Falla,Furgón 1.5T,6400.0
ENV-2026-00137,2026-08-05 20:38:00,Maipú,9.7,24.0,32.3,Fallido,Tráfico/Congestión,Furgón 1.5T,4300.0
ENV-2026-00138,2026-08-03 14:33:00,Puente Alto,33.5,48.0,50.6,Entregado con Atraso,Tráfico/Congestión,Motocicleta,8400.0
ENV-2026-00139,2026-07-03 08:49:00,Puente Alto,27.1,24.0,17.7,Entregado a Tiempo,Sin Falla,Furgón 1.5T,7400.0
ENV-2026-00140,2026-08-13 03:16:00,Pudahuel,30.5,24.0,23.4,Entregado a Tiempo,Sin Falla,Motocicleta,7600.0
ENV-2026-00141,2026-08-05 18:43:00,Quilicura,17.5,24.0,28.6,Entregado con Atraso,Tráfico/Congestión,Camión 3.5T,6100.0
ENV-2026-00142,2026-08-01 17:37:00,Puente Alto,6.2,24.0,21.6,Entregado a Tiempo,Sin Falla,Furgón Eléctrico,4200.0
ENV-2026-00143,2026-07-27 16:56:00,Maipú,26.5,12.0,15.2,Entregado con Atraso,Tráfico/Congestión,Furgón Eléctrico,7500.0
ENV-2026-00144,2026-07-29 18:19:00,Pudahuel,25.7,12.0,14.2,Entregado con Atraso,Tráfico/Congestión,Furgón 1.5T,7000.0
ENV-2026-00145,2026-07-19 18:00:00,Puente Alto,11.4,12.0,15.5,Entregado con Atraso,Tráfico/Congestión,Motocicleta,4800.0
ENV-2026-00146,2026-07-06 12:47:00,Las Condes,11.5,24.0,22.0,Entregado a Tiempo,Sin Falla,Motocicleta,4900.0
ENV-2026-00147,2026-07-08 22:06:00,Quilicura,30.6,48.0,53.1,Entregado con Atraso,Cliente Ausente,Motocicleta,8000.0
ENV-2026-00148,2026-07-20 00:54:00,Maipú,30.0,24.0,20.7,Entregado a Tiempo,Sin Falla,Motocicleta,7600.0
ENV-2026-00149,2026-07-10 15:53:00,La Florida,15.2,24.0,24.7,Entregado con Atraso,Tráfico/Congestión,Furgón 1.5T,5200.0
ENV-2026-00150,2026-08-17 22:41:00,Maipú,11.1,48.0,62.7,Fallido,Dirección Incorrecta,Furgón 1.5T,4700.0
ENV-2026-00151,2026-08-11 21:12:00,Maipú,5.4,24.0,29.3,Entregado con Atraso,Tráfico/Congestión,Furgón 1.5T,4000.0
ENV-2026-00152,2026-08-08 08:09:00,Quilicura,33.6,12.0,15.4,Entregado con Atraso,Tráfico/Congestión,Camión 3.5T,8000.0
ENV-2026-00153,2026-08-02 03:14:00,Maipú,28.1,48.0,91.3,Fallido,Cliente Ausente,Motocicleta,7400.0
ENV-2026-00154,2026-07-04 22:03:00,La Florida,31.4,12.0,9.6,Entregado a Tiempo,Sin Falla,Motocicleta,7900.0
ENV-2026-00155,2026-08-23 13:40:00,Puente Alto,27.3,24.0,14.5,Entregado a Tiempo,Sin Falla,Furgón 1.5T,7500.0
ENV-2026-00156,2026-07-10 10:48:00,Quilicura,5.1,24.0,19.2,Entregado a Tiempo,Sin Falla,Furgón 1.5T,3600.0
ENV-2026-00157,2026-07-03 03:54:00,Santiago,17.9,24.0,22.1,Entregado a Tiempo,Sin Falla,Motocicleta,5600.0
ENV-2026-00158,2026-07-22 14:18:00,Puente Alto,32.1,24.0,56.7,Fallido,Dirección Incorrecta,Motocicleta,7700.0
ENV-2026-00159,2026-08-11 01:20:00,Pudahuel,29.5,12.0,8.6,Entregado a Tiempo,Sin Falla,Furgón 1.5T,7300.0
ENV-2026-00160,2026-07-30 15:47:00,Puente Alto,7.3,48.0,41.8,Entregado a Tiempo,Sin Falla,Furgón 1.5T,4500.0
ENV-2026-00161,2026-08-09 01:40:00,Pudahuel,7.2,24.0,23.7,Entregado a Tiempo,Sin Falla,Motocicleta,4000.0
ENV-2026-00162,2026-07-21 20:35:00,Maipú,30.0,24.0,27.3,Entregado con Atraso,Tráfico/Congestión,Motocicleta,7900.0
ENV-2026-00163,2026-07-08 09:07:00,La Florida,5.8,12.0,12.2,Entregado con Atraso,Tráfico/Congestión,Motocicleta,4200.0
ENV-2026-00164,2026-07-07 00:38:00,Maipú,23.9,24.0,26.7,Entregado con Atraso,Tráfico/Congestión,Furgón 1.5T,6700.0
ENV-2026-00165,2026-07-07 23:51:00,Quilicura,13.7,48.0,138.7,Fallido,Dirección Incorrecta,Motocicleta,5300.0
ENV-2026-00166,2026-08-05 13:55:00,San Bernardo,5.3,24.0,16.1,Entregado a Tiempo,Sin Falla,Motocicleta,4000.0
ENV-2026-00167,2026-08-20 20:44:00,San Bernardo,24.7,24.0,21.6,Entregado a Tiempo,Sin Falla,Furgón 1.5T,6800.0
ENV-2026-00168,2026-07-24 02:24:00,Quilicura,29.9,24.0,18.7,Entregado a Tiempo,Sin Falla,Motocicleta,7700.0
ENV-2026-00169,2026-07-13 12:30:00,La Florida,9.9,24.0,17.5,Entregado a Tiempo,Sin Falla,Furgón 1.5T,4400.0
ENV-2026-00170,2026-07-08 09:04:00,Quilicura,23.0,48.0,47.3,Entregado a Tiempo,Sin Falla,Motocicleta,6400.0
ENV-2026-00171,2026-07-11 23:33:00,Quilicura,12.3,48.0,17.0,Entregado a Tiempo,Sin Falla,Camión 3.5T,5000.0
ENV-2026-00172,2026-07-17 00:05:00,Maipú,27.9,24.0,24.5,Entregado con Atraso,Tráfico/Congestión,Furgón 1.5T,7400.0
ENV-2026-00173,2026-07-12 20:10:00,Maipú,32.6,24.0,34.7,Fallido,Zona Inaccesible,Motocicleta,8000.0
ENV-2026-00174,2026-07-02 12:10:00,Quilicura,9.4,12.0,11.7,Entregado a Tiempo,Sin Falla,Furgón 1.5T,4500.0
ENV-2026-00175,2026-07-21 15:11:00,La Florida,7.3,48.0,27.7,Entregado a Tiempo,Sin Falla,Furgón 1.5T,4500.0
ENV-2026-00176,2026-08-29 08:14:00,Las Condes,30.5,48.0,34.0,Entregado a Tiempo,Sin Falla,Furgón Eléctrico,7700.0
ENV-2026-00177,2026-08-18 14:49:00,Pudahuel,9.6,48.0,45.4,Entregado a Tiempo,Sin Falla,Furgón 1.5T,4500.0
ENV-2026-00178,2026-08-03 09:18:00,Santiago,27.1,24.0,39.1,Fallido,Zona Inaccesible,Furgón 1.5T,7400.0
ENV-2026-00179,2026-07-21 02:37:00,Quilicura,27.7,12.0,8.4,Entregado a Tiempo,Sin Falla,Furgón Eléctrico,7100.0
ENV-2026-00180,2026-08-28 11:57:00,Puente Alto,26.0,24.0,14.9,Entregado a Tiempo,Sin Falla,Furgón Eléctrico,6900.0
ENV-2026-00181,2026-08-05 00:17:00,Maipú,10.2,24.0,20.0,Entregado a Tiempo,Sin Falla,Motocicleta,4800.0
ENV-2026-00182,2026-08-27 22:11:00,La Florida,33.8,24.0,37.9,Fallido,Zona Inaccesible,Furgón 1.5T,8400.0
ENV-2026-00183,2026-08-19 12:00:00,Las Condes,25.9,48.0,60.5,Entregado con Atraso,Cliente Ausente,Camión 3.5T,7400.0
ENV-2026-00184,2026-07-11 14:00:00,Las Condes,33.4,24.0,22.9,Entregado a Tiempo,Sin Falla,Furgón 1.5T,8000.0
ENV-2026-00185,2026-07-08 12:58:00,San Bernardo,22.9,24.0,19.2,Entregado a Tiempo,Sin Falla,Furgón 1.5T,6400.0
ENV-2026-00186,2026-07-16 06:50:00,La Florida,5.8,48.0,54.4,Entregado con Atraso,Cliente Ausente,Motocicleta,4300.0
ENV-2026-00187,2026-08-28 22:38:00,San Bernardo,26.4,48.0,27.0,Entregado a Tiempo,Sin Falla,Camión 3.5T,7400.0
ENV-2026-00188,2026-07-04 00:46:00,Santiago,27.5,12.0,18.8,Fallido,Dirección Incorrecta,Furgón Eléctrico,7400.0
ENV-2026-00189,2026-08-22 17:32:00,Santiago,23.8,24.0,15.9,Entregado a Tiempo,Sin Falla,Motocicleta,6400.0
ENV-2026-00190,2026-07-10 10:49:00,La Florida,29.4,12.0,16.3,Fallido,Zona Inaccesible,Motocicleta,7900.0
ENV-2026-00191,2026-07-06 09:00:00,Puente Alto,10.4,24.0,37.3,Fallido,Cliente Ausente,Camión 3.5T,4600.0
ENV-2026-00192,2026-07-04 20:20:00,Santiago,19.1,24.0,25.7,Entregado con Atraso,Tráfico/Congestión,Furgón 1.5T,5700.0
ENV-2026-00193,2026-08-18 22:00:00,Santiago,15.7,24.0,30.8,Entregado con Atraso,Tráfico/Congestión,Camión 3.5T,5400.0
ENV-2026-00194,2026-07-17 19:29:00,Las Condes,7.1,12.0,9.7,Entregado a Tiempo,Sin Falla,Furgón Eléctrico,4600.0
ENV-2026-00195,2026-08-12 12:58:00,Quilicura,21.2,24.0,16.0,Entregado a Tiempo,Sin Falla,Motocicleta,6000.0
ENV-2026-00196,2026-08-19 00:31:00,Puente Alto,34.2,12.0,11.5,Entregado a Tiempo,Sin Falla,Motocicleta,8100.0
ENV-2026-00197,2026-07-30 10:57:00,San Bernardo,16.8,24.0,37.4,Fallido,Tráfico/Congestión,Camión 3.5T,5700.0
ENV-2026-00198,2026-08-25 18:22:00,Puente Alto,8.0,12.0,18.9,Fallido,Cliente Ausente,Furgón 1.5T,4500.0
ENV-2026-00199,2026-07-23 06:32:00,Pudahuel,4.3,12.0,14.4,Entregado con Atraso,Cliente Ausente,Furgón 1.5T,4000.0
ENV-2026-00200,2026-07-13 13:21:00,Maipú,30.3,24.0,21.0,Entregado a Tiempo,Sin Falla,Furgón Eléctrico,7900.0
ENV-2026-00201,2026-08-18 00:17:00,Maipú,17.0,24.0,17.3,Entregado a Tiempo,Sin Falla,Furgón 1.5T,5500.0
ENV-2026-00202,2026-07-27 00:22:00,La Florida,25.2,24.0,27.0,Entregado con Atraso,Tráfico/Congestión,Camión 3.5T,6900.0
ENV-2026-00203,2026-08-01 16:35:00,Maipú,16.3,24.0,22.9,Entregado a Tiempo,Sin Falla,Furgón 1.5T,5300.0
ENV-2026-00204,2026-08-20 08:45:00,Quilicura,29.2,24.0,32.1,Fallido,Cliente Ausente,Furgón 1.5T,7800.0
ENV-2026-00205,2026-08-14 03:21:00,Maipú,16.1,48.0,84.6,Fallido,Dirección Incorrecta,Motocicleta,5900.0
ENV-2026-00206,2026-07-29 13:25:00,Las Condes,13.9,48.0,65.3,Fallido,Dirección Incorrecta,Furgón Eléctrico,5500.0
ENV-2026-00207,2026-07-17 17:41:00,Santiago,17.3,48.0,54.4,Entregado con Atraso,Tráfico/Congestión,Furgón Eléctrico,6000.0
ENV-2026-00208,2026-08-24 05:45:00,Santiago,31.1,12.0,12.5,Entregado con Atraso,Tráfico/Congestión,Furgón 1.5T,7500.0
ENV-2026-00209,2026-07-20 00:39:00,Santiago,13.3,24.0,26.8,Entregado con Atraso,Tráfico/Congestión,Furgón 1.5T,5200.0
ENV-2026-00210,2026-08-02 15:17:00,Maipú,12.3,24.0,41.7,Fallido,Dirección Incorrecta,Motocicleta,4800.0
ENV-2026-00211,2026-08-17 12:48:00,Pudahuel,7.1,24.0,16.2,Entregado a Tiempo,Sin Falla,Motocicleta,3900.0
ENV-2026-00212,2026-08-10 01:49:00,Las Condes,5.8,48.0,45.9,Entregado a Tiempo,Sin Falla,Furgón 1.5T,4000.0
ENV-2026-00213,2026-08-09 19:15:00,Puente Alto,23.6,24.0,33.9,Fallido,Dirección Incorrecta,Camión 3.5T,6900.0
ENV-2026-00214,2026-07-28 21:15:00,Las Condes,8.4,24.0,18.3,Entregado a Tiempo,Sin Falla,Furgón Eléctrico,4700.0
ENV-2026-00215,2026-07-25 22:41:00,Pudahuel,16.9,12.0,14.2,Entregado con Atraso,Tráfico/Congestión,Motocicleta,5600.0
ENV-2026-00216,2026-07-08 23:41:00,Las Condes,12.7,48.0,72.7,Fallido,Tráfico/Congestión,Furgón 1.5T,5300.0
ENV-2026-00217,2026-08-10 18:34:00,San Bernardo,27.5,48.0,47.9,Entregado a Tiempo,Sin Falla,Camión 3.5T,7300.0
ENV-2026-00218,2026-08-27 16:36:00,Maipú,10.6,24.0,43.3,Fallido,Dirección Incorrecta,Furgón 1.5T,4700.0
ENV-2026-00219,2026-08-08 09:08:00,Pudahuel,15.7,24.0,25.8,Entregado con Atraso,Tráfico/Congestión,Motocicleta,5600.0
ENV-2026-00220,2026-08-13 03:14:00,Pudahuel,22.2,24.0,19.0,Entregado a Tiempo,Sin Falla,Furgón 1.5T,6200.0
ENV-2026-00221,2026-07-15 03:39:00,Santiago,11.3,24.0,30.4,Entregado con Atraso,Cliente Ausente,Furgón Eléctrico,4600.0
ENV-2026-00222,2026-08-10 02:56:00,Quilicura,18.2,24.0,19.1,Entregado a Tiempo,Sin Falla,Camión 3.5T,5700.0
ENV-2026-00223,2026-08-09 01:02:00,Pudahuel,19.7,24.0,14.9,Entregado a Tiempo,Sin Falla,Furgón 1.5T,5800.0
ENV-2026-00224,2026-08-09 15:13:00,Santiago,33.8,24.0,19.7,Entregado a Tiempo,Sin Falla,Furgón 1.5T,8000.0
ENV-2026-00225,2026-08-21 15:48:00,Maipú,14.3,24.0,40.4,Fallido,Dirección Incorrecta,Camión 3.5T,5400.0
ENV-2026-00226,2026-08-14 20:18:00,Quilicura,5.4,48.0,49.2,Entregado con Atraso,Cliente Ausente,Motocicleta,4200.0
ENV-2026-00227,2026-08-18 17:11:00,Puente Alto,34.5,12.0,14.8,Entregado con Atraso,Tráfico/Congestión,Furgón 1.5T,8000.0
ENV-2026-00228,2026-07-05 18:00:00,Pudahuel,31.6,12.0,12.5,Entregado con Atraso,Tráfico/Congestión,Furgón Eléctrico,8000.0
ENV-2026-00229,2026-08-08 05:48:00,Las Condes,22.6,48.0,28.4,Entregado a Tiempo,Sin Falla,Motocicleta,6600.0
ENV-2026-00230,2026-07-09 22:31:00,Las Condes,14.5,24.0,11.5,Entregado a Tiempo,Sin Falla,Furgón 1.5T,5100.0
ENV-2026-00231,2026-08-27 09:35:00,San Bernardo,8.8,24.0,43.9,Fallido,Cliente Ausente,Furgón 1.5T,4600.0
ENV-2026-00232,2026-07-21 22:50:00,Puente Alto,30.4,12.0,13.3,Entregado con Atraso,Tráfico/Congestión,Furgón 1.5T,8000.0
ENV-2026-00233,2026-08-21 14:34:00,Santiago,19.1,24.0,22.7,Entregado a Tiempo,Sin Falla,Motocicleta,6200.0
ENV-2026-00234,2026-07-24 17:15:00,Maipú,25.0,24.0,23.1,Entregado a Tiempo,Sin Falla,Furgón Eléctrico,7100.0
ENV-2026-00235,2026-07-22 16:14:00,Maipú,24.2,12.0,19.8,Fallido,Zona Inaccesible,Furgón 1.5T,6700.0
ENV-2026-00236,2026-08-08 22:51:00,Pudahuel,14.1,48.0,50.8,Entregado con Atraso,Cliente Ausente,Motocicleta,4900.0
ENV-2026-00237,2026-08-05 04:35:00,San Bernardo,33.7,12.0,8.0,Entregado a Tiempo,Sin Falla,Furgón Eléctrico,8500.0
ENV-2026-00238,2026-07-30 04:19:00,San Bernardo,12.8,24.0,9.0,Entregado a Tiempo,Sin Falla,Furgón 1.5T,4800.0
ENV-2026-00239,2026-07-27 18:48:00,La Florida,3.7,24.0,35.5,Fallido,Dirección Incorrecta,Furgón 1.5T,3800.0
ENV-2026-00240,2026-08-07 21:38:00,San Bernardo,26.1,48.0,44.9,Entregado a Tiempo,Sin Falla,Furgón 1.5T,7100.0
ENV-2026-00241,2026-08-13 01:14:00,Pudahuel,5.2,24.0,23.5,Entregado a Tiempo,Sin Falla,Furgón 1.5T,4000.0
ENV-2026-00242,2026-07-14 01:00:00,Las Condes,13.9,12.0,9.4,Entregado a Tiempo,Sin Falla,Furgón 1.5T,5500.0
ENV-2026-00243,2026-08-08 17:03:00,Quilicura,12.4,24.0,24.1,Entregado con Atraso,Tráfico/Congestión,Furgón 1.5T,4900.0
ENV-2026-00244,2026-08-28 06:08:00,Puente Alto,3.1,24.0,63.3,Fallido,Cliente Ausente,Furgón 1.5T,3800.0
ENV-2026-00245,2026-08-25 02:28:00,Las Condes,3.3,12.0,14.8,Entregado con Atraso,Tráfico/Congestión,Furgón 1.5T,3900.0
ENV-2026-00246,2026-07-31 11:35:00,Maipú,14.6,24.0,30.7,Entregado con Atraso,Tráfico/Congestión,Motocicleta,5500.0
ENV-2026-00247,2026-07-23 19:07:00,San Bernardo,27.4,24.0,32.3,Fallido,Cliente Ausente,Furgón 1.5T,7400.0
ENV-2026-00248,2026-08-29 06:22:00,Quilicura,8.5,24.0,18.1,Entregado a Tiempo,Sin Falla,Furgón 1.5T,4700.0
ENV-2026-00249,2026-07-20 17:21:00,Las Condes,19.6,24.0,41.7,Fallido,Dirección Incorrecta,Furgón 1.5T,6100.0
ENV-2026-00250,2026-07-16 03:24:00,Maipú,11.6,24.0,22.7,Entregado a Tiempo,Sin Falla,Furgón 1.5T,5200.0
ENV-2026-00251,2026-08-01 18:52:00,Puente Alto,13.5,24.0,21.3,Entregado a Tiempo,Sin Falla,Furgón 1.5T,5400.0
ENV-2026-00252,2026-07-31 03:45:00,Santiago,29.4,24.0,21.4,Entregado a Tiempo,Sin Falla,Camión 3.5T,7900.0
ENV-2026-00253,2026-07-17 14:32:00,La Florida,11.5,12.0,8.8,Entregado a Tiempo,Sin Falla,Furgón 1.5T,4800.0
ENV-2026-00254,2026-07-10 06:25:00,San Bernardo,25.6,12.0,5.4,Entregado a Tiempo,Sin Falla,Furgón 1.5T,6900.0
ENV-2026-00255,2026-07-15 16:30:00,Puente Alto,24.1,48.0,38.9,Entregado a Tiempo,Sin Falla,Furgón 1.5T,6900.0
ENV-2026-00256,2026-08-26 10:23:00,Quilicura,22.7,24.0,25.6,Entregado con Atraso,Tráfico/Congestión,Furgón Eléctrico,6700.0
ENV-2026-00257,2026-08-09 13:02:00,Las Condes,9.5,24.0,17.3,Entregado a Tiempo,Sin Falla,Furgón 1.5T,4600.0
ENV-2026-00258,2026-08-28 11:43:00,San Bernardo,30.2,48.0,70.7,Fallido,Tráfico/Congestión,Motocicleta,8000.0
ENV-2026-00259,2026-07-07 17:40:00,Puente Alto,28.9,24.0,19.9,Entregado a Tiempo,Sin Falla,Furgón 1.5T,7600.0
ENV-2026-00260,2026-07-21 10:29:00,La Florida,22.0,24.0,25.9,Entregado con Atraso,Tráfico/Congestión,Furgón 1.5T,6400.0
ENV-2026-00261,2026-07-27 16:25:00,Santiago,5.9,12.0,17.5,Fallido,Dirección Incorrecta,Furgón 1.5T,4000.0
ENV-2026-00262,2026-08-09 23:08:00,Las Condes,13.5,48.0,36.4,Entregado a Tiempo,Sin Falla,Furgón 1.5T,5300.0
ENV-2026-00263,2026-07-10 07:34:00,Santiago,21.6,24.0,45.5,Fallido,Cliente Ausente,Motocicleta,6500.0
ENV-2026-00264,2026-07-17 16:11:00,Maipú,34.7,24.0,35.0,Fallido,Dirección Incorrecta,Motocicleta,8200.0
ENV-2026-00265,2026-07-05 18:37:00,Quilicura,26.1,24.0,23.6,Entregado a Tiempo,Sin Falla,Furgón 1.5T,6900.0
ENV-2026-00266,2026-07-10 10:58:00,La Florida,28.8,12.0,8.8,Entregado a Tiempo,Sin Falla,Furgón Eléctrico,7700.0
ENV-2026-00267,2026-07-03 20:56:00,La Florida,7.7,24.0,29.1,Entregado con Atraso,Tráfico/Congestión,Furgón Eléctrico,4400.0
ENV-2026-00268,2026-07-17 22:44:00,Las Condes,13.3,24.0,57.2,Fallido,Cliente Ausente,Camión 3.5T,5200.0
ENV-2026-00269,2026-08-08 15:10:00,Maipú,14.9,48.0,65.9,Fallido,Cliente Ausente,Furgón 1.5T,5200.0
ENV-2026-00270,2026-08-17 18:10:00,Maipú,7.0,24.0,30.7,Entregado con Atraso,Tráfico/Congestión,Furgón Eléctrico,4300.0
ENV-2026-00271,2026-08-25 06:30:00,Pudahuel,26.9,24.0,11.6,Entregado a Tiempo,Sin Falla,Furgón Eléctrico,7300.0
ENV-2026-00272,2026-08-09 00:31:00,Maipú,27.3,24.0,18.4,Entregado a Tiempo,Sin Falla,Furgón Eléctrico,7300.0
ENV-2026-00273,2026-07-11 07:20:00,La Florida,13.1,48.0,35.3,Entregado a Tiempo,Sin Falla,Furgón Eléctrico,5100.0
ENV-2026-00274,2026-07-02 21:59:00,Quilicura,22.3,12.0,21.1,Fallido,Cliente Ausente,Furgón 1.5T,6800.0
ENV-2026-00275,2026-07-03 17:54:00,San Bernardo,7.9,48.0,111.7,Fallido,Dirección Incorrecta,Motocicleta,4100.0
ENV-2026-00276,2026-08-26 23:19:00,Las Condes,16.0,48.0,45.6,Entregado a Tiempo,Sin Falla,Furgón 1.5T,5300.0
ENV-2026-00277,2026-07-26 03:26:00,Pudahuel,9.8,24.0,21.1,Entregado a Tiempo,Sin Falla,Furgón 1.5T,4400.0
ENV-2026-00278,2026-08-19 12:54:00,Quilicura,34.9,24.0,27.1,Entregado con Atraso,Cliente Ausente,Furgón Eléctrico,8100.0
ENV-2026-00279,2026-07-11 04:53:00,Pudahuel,18.0,12.0,6.8,Entregado a Tiempo,Sin Falla,Motocicleta,5600.0
ENV-2026-00280,2026-08-16 00:44:00,Quilicura,31.5,48.0,39.5,Entregado a Tiempo,Sin Falla,Furgón 1.5T,7600.0
ENV-2026-00281,2026-08-20 16:39:00,Las Condes,8.5,48.0,22.4,Entregado a Tiempo,Sin Falla,Motocicleta,4500.0
ENV-2026-00282,2026-07-06 10:03:00,Pudahuel,32.7,12.0,14.1,Entregado con Atraso,Tráfico/Congestión,Motocicleta,7800.0
ENV-2026-00283,2026-07-26 13:39:00,Puente Alto,25.2,24.0,30.7,Entregado con Atraso,Tráfico/Congestión,Motocicleta,6800.0
ENV-2026-00284,2026-07-04 10:03:00,Pudahuel,9.9,48.0,88.5,Fallido,Zona Inaccesible,Furgón Eléctrico,4900.0
ENV-2026-00285,2026-08-28 08:02:00,La Florida,22.2,12.0,15.1,Entregado con Atraso,Cliente Ausente,Motocicleta,6200.0
ENV-2026-00286,2026-07-16 17:25:00,Las Condes,27.0,24.0,75.4,Fallido,Zona Inaccesible,Furgón 1.5T,7200.0
ENV-2026-00287,2026-08-14 03:09:00,La Florida,21.4,12.0,9.0,Entregado a Tiempo,Sin Falla,Furgón 1.5T,6200.0
ENV-2026-00288,2026-07-31 03:27:00,San Bernardo,25.6,24.0,25.3,Entregado con Atraso,Cliente Ausente,Furgón 1.5T,7100.0
ENV-2026-00289,2026-07-06 06:03:00,San Bernardo,26.0,48.0,55.7,Entregado con Atraso,Tráfico/Congestión,Furgón 1.5T,7000.0
ENV-2026-00290,2026-07-18 10:00:00,Santiago,26.9,48.0,31.0,Entregado a Tiempo,Sin Falla,Furgón Eléctrico,6900.0
ENV-2026-00291,2026-08-28 16:13:00,Santiago,29.0,24.0,29.0,Entregado con Atraso,Tráfico/Congestión,Furgón 1.5T,7700.0
ENV-2026-00292,2026-07-12 00:34:00,San Bernardo,3.2,48.0,36.6,Entregado a Tiempo,Sin Falla,Furgón Eléctrico,3400.0
ENV-2026-00293,2026-07-06 06:01:00,La Florida,6.4,24.0,17.9,Entregado a Tiempo,Sin Falla,Furgón 1.5T,4300.0
ENV-2026-00294,2026-07-28 02:56:00,La Florida,22.0,48.0,52.0,Entregado con Atraso,Tráfico/Congestión,Furgón 1.5T,6400.0
ENV-2026-00295,2026-07-16 04:41:00,Las Condes,10.7,24.0,27.9,Entregado con Atraso,Tráfico/Congestión,Furgón 1.5T,4700.0
ENV-2026-00296,2026-08-09 16:47:00,Quilicura,31.1,48.0,70.7,Fallido,Cliente Ausente,Furgón 1.5T,7900.0
ENV-2026-00297,2026-07-27 12:56:00,Quilicura,18.5,12.0,7.4,Entregado a Tiempo,Sin Falla,Furgón 1.5T,6200.0
ENV-2026-00298,2026-07-08 18:06:00,Quilicura,13.7,12.0,15.2,Entregado con Atraso,Cliente Ausente,Furgón 1.5T,5200.0
ENV-2026-00299,2026-07-09 04:00:00,La Florida,14.8,24.0,17.9,Entregado a Tiempo,Sin Falla,Furgón 1.5T,5600.0
ENV-2026-00300,2026-08-09 16:32:00,Puente Alto,25.3,24.0,27.1,Entregado con Atraso,Cliente Ausente,Furgón 1.5T,6800.0
ENV-2026-00301,2026-07-03 09:05:00,La Florida,9.1,12.0,10.0,Entregado a Tiempo,Sin Falla,Motocicleta,4800.0
ENV-2026-00302,2026-07-05 17:46:00,Santiago,33.5,24.0,24.2,Entregado con Atraso,Tráfico/Congestión,Furgón 1.5T,8100.0
ENV-2026-00303,2026-08-05 00:38:00,Santiago,5.8,12.0,12.8,Entregado con Atraso,Tráfico/Congestión,Furgón 1.5T,4200.0
ENV-2026-00304,2026-08-05 04:18:00,Las Condes,27.3,24.0,22.4,Entregado a Tiempo,Sin Falla,Camión 3.5T,7200.0
ENV-2026-00305,2026-07-30 17:03:00,Las Condes,14.1,24.0,17.2,Entregado a Tiempo,Sin Falla,Furgón 1.5T,5500.0
ENV-2026-00306,2026-07-19 07:29:00,Pudahuel,34.8,48.0,38.1,Entregado a Tiempo,Sin Falla,Furgón Eléctrico,8600.0
ENV-2026-00307,2026-08-04 15:19:00,Quilicura,33.7,12.0,9.9,Entregado a Tiempo,Sin Falla,Furgón Eléctrico,8300.0
ENV-2026-00308,2026-07-27 16:41:00,La Florida,26.5,24.0,37.4,Fallido,Cliente Ausente,Furgón Eléctrico,6900.0
ENV-2026-00309,2026-08-17 19:31:00,Maipú,11.7,48.0,46.2,Entregado a Tiempo,Sin Falla,Motocicleta,5100.0
ENV-2026-00310,2026-08-13 20:02:00,Puente Alto,23.1,48.0,41.6,Entregado a Tiempo,Sin Falla,Furgón 1.5T,6500.0
ENV-2026-00311,2026-08-04 07:41:00,La Florida,24.4,24.0,29.3,Entregado con Atraso,Tráfico/Congestión,Furgón Eléctrico,6900.0
ENV-2026-00312,2026-07-16 18:55:00,Las Condes,6.2,24.0,40.1,Fallido,Dirección Incorrecta,Camión 3.5T,4000.0
ENV-2026-00313,2026-08-24 05:47:00,Puente Alto,5.9,48.0,66.4,Fallido,Dirección Incorrecta,Furgón Eléctrico,4300.0
ENV-2026-00314,2026-08-11 08:56:00,Maipú,9.2,48.0,83.7,Fallido,Tráfico/Congestión,Motocicleta,4900.0
ENV-2026-00315,2026-08-18 03:36:00,Las Condes,32.7,24.0,20.6,Entregado a Tiempo,Sin Falla,Furgón 1.5T,7900.0
ENV-2026-00316,2026-07-30 13:58:00,Santiago,19.7,48.0,77.8,Fallido,Tráfico/Congestión,Camión 3.5T,6200.0
ENV-2026-00317,2026-08-15 02:14:00,Puente Alto,15.4,48.0,42.5,Entregado a Tiempo,Sin Falla,Motocicleta,5600.0
ENV-2026-00318,2026-08-13 18:59:00,La Florida,33.0,12.0,19.2,Fallido,Dirección Incorrecta,Motocicleta,8100.0
ENV-2026-00319,2026-08-09 05:09:00,Quilicura,3.5,48.0,120.9,Fallido,Tráfico/Congestión,Furgón 1.5T,3400.0
ENV-2026-00320,2026-07-01 12:54:00,Maipú,12.1,48.0,111.7,Fallido,Dirección Incorrecta,Motocicleta,4700.0
ENV-2026-00321,2026-08-27 19:03:00,San Bernardo,22.9,48.0,110.4,Fallido,Tráfico/Congestión,Motocicleta,6500.0
ENV-2026-00322,2026-07-05 10:36:00,Puente Alto,8.1,12.0,13.9,Entregado con Atraso,Tráfico/Congestión,Camión 3.5T,4200.0
ENV-2026-00323,2026-07-06 03:28:00,Las Condes,19.2,24.0,37.6,Fallido,Tráfico/Congestión,Furgón 1.5T,6300.0
ENV-2026-00324,2026-08-15 09:03:00,Santiago,6.6,48.0,43.1,Entregado a Tiempo,Sin Falla,Motocicleta,4000.0
ENV-2026-00325,2026-08-07 22:12:00,La Florida,22.4,24.0,38.2,Fallido,Dirección Incorrecta,Furgón 1.5T,6200.0
ENV-2026-00326,2026-07-22 00:47:00,Quilicura,8.1,12.0,11.7,Entregado a Tiempo,Sin Falla,Motocicleta,4100.0
ENV-2026-00327,2026-08-27 03:12:00,Quilicura,18.7,24.0,49.9,Fallido,Cliente Ausente,Furgón 1.5T,6300.0
ENV-2026-00328,2026-07-08 01:19:00,Quilicura,32.8,24.0,19.0,Entregado a Tiempo,Sin Falla,Motocicleta,8300.0
ENV-2026-00329,2026-08-29 21:42:00,Santiago,32.8,24.0,17.2,Entregado a Tiempo,Sin Falla,Furgón 1.5T,8100.0
ENV-2026-00330,2026-07-04 06:35:00,Pudahuel,9.0,48.0,50.1,Entregado con Atraso,Tráfico/Congestión,Camión 3.5T,4500.0
ENV-2026-00331,2026-08-24 04:48:00,San Bernardo,18.1,48.0,34.2,Entregado a Tiempo,Sin Falla,Motocicleta,5600.0
ENV-2026-00332,2026-07-23 17:31:00,Quilicura,13.6,24.0,78.0,Fallido,Cliente Ausente,Furgón 1.5T,5400.0
ENV-2026-00333,2026-08-02 16:37:00,La Florida,15.6,24.0,16.0,Entregado a Tiempo,Sin Falla,Furgón 1.5T,5800.0
ENV-2026-00334,2026-08-19 21:35:00,Maipú,13.2,24.0,56.4,Fallido,Cliente Ausente,Furgón 1.5T,5300.0
ENV-2026-00335,2026-08-25 12:53:00,Quilicura,22.0,24.0,47.3,Fallido,Cliente Ausente,Motocicleta,6500.0
ENV-2026-00336,2026-07-22 01:51:00,Quilicura,5.7,24.0,25.1,Entregado con Atraso,Cliente Ausente,Furgón 1.5T,4300.0
ENV-2026-00337,2026-08-09 03:11:00,Maipú,20.3,24.0,32.5,Fallido,Dirección Incorrecta,Motocicleta,5900.0
ENV-2026-00338,2026-08-24 00:27:00,Puente Alto,22.4,12.0,10.2,Entregado a Tiempo,Sin Falla,Furgón 1.5T,6400.0
ENV-2026-00339,2026-07-03 12:52:00,Santiago,32.9,24.0,16.8,Entregado a Tiempo,Sin Falla,Furgón 1.5T,8400.0
ENV-2026-00340,2026-08-13 03:18:00,Santiago,8.0,24.0,35.0,Fallido,Cliente Ausente,Furgón Eléctrico,4300.0
ENV-2026-00341,2026-07-07 02:23:00,Las Condes,19.0,24.0,22.4,Entregado a Tiempo,Sin Falla,Camión 3.5T,6100.0
ENV-2026-00342,2026-08-03 21:42:00,Pudahuel,26.7,48.0,58.1,Entregado con Atraso,Tráfico/Congestión,Furgón Eléctrico,7000.0
ENV-2026-00343,2026-08-12 17:25:00,La Florida,34.9,48.0,44.9,Entregado a Tiempo,Sin Falla,Furgón Eléctrico,8200.0
ENV-2026-00344,2026-07-18 06:46:00,Santiago,27.7,12.0,11.6,Entregado a Tiempo,Sin Falla,Motocicleta,7400.0
ENV-2026-00345,2026-07-13 10:38:00,Pudahuel,7.4,24.0,18.2,Entregado a Tiempo,Sin Falla,Camión 3.5T,4300.0
ENV-2026-00346,2026-07-06 12:17:00,La Florida,22.4,24.0,8.7,Entregado a Tiempo,Sin Falla,Motocicleta,6500.0
ENV-2026-00347,2026-07-24 02:17:00,La Florida,19.4,24.0,20.2,Entregado a Tiempo,Sin Falla,Furgón Eléctrico,6200.0
ENV-2026-00348,2026-07-11 10:11:00,La Florida,33.9,48.0,57.6,Entregado con Atraso,Tráfico/Congestión,Furgón Eléctrico,8000.0
ENV-2026-00349,2026-07-12 17:38:00,San Bernardo,11.1,12.0,15.3,Entregado con Atraso,Cliente Ausente,Furgón 1.5T,4600.0
ENV-2026-00350,2026-08-28 10:41:00,Santiago,7.5,12.0,11.6,Entregado a Tiempo,Sin Falla,Furgón 1.5T,4100.0
ENV-2026-00351,2026-08-04 16:14:00,Pudahuel,13.9,48.0,61.5,Entregado con Atraso,Tráfico/Congestión,Furgón 1.5T,5000.0
ENV-2026-00352,2026-07-16 03:28:00,Santiago,17.9,24.0,35.1,Fallido,Dirección Incorrecta,Camión 3.5T,6100.0
ENV-2026-00353,2026-07-24 17:19:00,Pudahuel,23.6,24.0,13.9,Entregado a Tiempo,Sin Falla,Furgón 1.5T,6800.0
ENV-2026-00354,2026-07-06 11:13:00,Puente Alto,32.2,12.0,10.2,Entregado a Tiempo,Sin Falla,Furgón 1.5T,7900.0
ENV-2026-00355,2026-07-21 02:08:00,Las Condes,31.7,24.0,17.9,Entregado a Tiempo,Sin Falla,Furgón 1.5T,8200.0
ENV-2026-00356,2026-08-29 17:30:00,La Florida,14.3,24.0,12.3,Entregado a Tiempo,Sin Falla,Furgón 1.5T,5400.0
ENV-2026-00357,2026-08-10 21:17:00,Puente Alto,31.6,24.0,32.4,Fallido,Cliente Ausente,Furgón 1.5T,8200.0
ENV-2026-00358,2026-07-18 18:39:00,Maipú,22.2,24.0,20.4,Entregado a Tiempo,Sin Falla,Furgón Eléctrico,6300.0
ENV-2026-00359,2026-08-19 03:35:00,Pudahuel,10.2,12.0,16.3,Fallido,Zona Inaccesible,Camión 3.5T,4500.0
ENV-2026-00360,2026-07-13 23:45:00,Pudahuel,4.0,24.0,19.5,Entregado a Tiempo,Sin Falla,Motocicleta,3700.0
ENV-2026-00361,2026-07-28 15:22:00,Puente Alto,4.1,12.0,14.8,Entregado con Atraso,Tráfico/Congestión,Furgón Eléctrico,4100.0
ENV-2026-00362,2026-08-18 16:00:00,Maipú,24.1,24.0,26.9,Entregado con Atraso,Cliente Ausente,Furgón 1.5T,6800.0
ENV-2026-00363,2026-07-04 05:55:00,San Bernardo,34.9,24.0,31.5,Fallido,Cliente Ausente,Furgón 1.5T,8300.0
ENV-2026-00364,2026-07-24 09:33:00,Maipú,5.7,24.0,19.5,Entregado a Tiempo,Sin Falla,Camión 3.5T,4000.0
ENV-2026-00365,2026-07-19 00:44:00,Las Condes,25.7,48.0,40.6,Entregado a Tiempo,Sin Falla,Camión 3.5T,6900.0
ENV-2026-00366,2026-07-06 23:34:00,Santiago,8.0,24.0,19.7,Entregado a Tiempo,Sin Falla,Furgón 1.5T,4200.0
ENV-2026-00367,2026-08-25 12:47:00,Quilicura,29.3,12.0,18.7,Fallido,Dirección Incorrecta,Furgón 1.5T,7700.0
ENV-2026-00368,2026-07-13 03:26:00,Quilicura,12.4,24.0,9.8,Entregado a Tiempo,Sin Falla,Camión 3.5T,5400.0
ENV-2026-00369,2026-08-23 08:44:00,Santiago,31.2,24.0,33.9,Fallido,Dirección Incorrecta,Furgón 1.5T,7700.0
ENV-2026-00370,2026-08-21 05:55:00,Santiago,9.3,48.0,32.8,Entregado a Tiempo,Sin Falla,Furgón Eléctrico,4500.0
ENV-2026-00371,2026-08-01 13:05:00,Pudahuel,25.0,24.0,24.7,Entregado con Atraso,Cliente Ausente,Motocicleta,7000.0
ENV-2026-00372,2026-07-16 23:30:00,Maipú,19.4,24.0,22.5,Entregado a Tiempo,Sin Falla,Furgón 1.5T,6400.0
ENV-2026-00373,2026-08-18 04:33:00,Las Condes,29.0,48.0,121.4,Fallido,Dirección Incorrecta,Motocicleta,7200.0
ENV-2026-00374,2026-07-02 04:45:00,Maipú,31.2,12.0,15.6,Entregado con Atraso,Tráfico/Congestión,Motocicleta,8000.0
ENV-2026-00375,2026-08-16 15:21:00,Pudahuel,4.5,12.0,13.0,Entregado con Atraso,Cliente Ausente,Motocicleta,3500.0
ENV-2026-00376,2026-08-12 12:21:00,Pudahuel,10.7,48.0,59.3,Entregado con Atraso,Tráfico/Congestión,Furgón 1.5T,4900.0
ENV-2026-00377,2026-08-14 02:32:00,Puente Alto,5.5,24.0,17.5,Entregado a Tiempo,Sin Falla,Motocicleta,3900.0
ENV-2026-00378,2026-07-03 13:01:00,Las Condes,32.1,48.0,39.6,Entregado a Tiempo,Sin Falla,Furgón 1.5T,8200.0
ENV-2026-00379,2026-08-07 22:29:00,Quilicura,4.8,48.0,58.6,Entregado con Atraso,Tráfico/Congestión,Furgón Eléctrico,4000.0
ENV-2026-00380,2026-08-27 01:53:00,Las Condes,10.8,12.0,16.4,Fallido,Dirección Incorrecta,Furgón 1.5T,4500.0
ENV-2026-00381,2026-07-04 18:54:00,Maipú,4.1,48.0,24.9,Entregado a Tiempo,Sin Falla,Camión 3.5T,3700.0
ENV-2026-00382,2026-08-23 22:00:00,San Bernardo,17.2,24.0,17.2,Entregado a Tiempo,Sin Falla,Camión 3.5T,5600.0
ENV-2026-00383,2026-08-08 11:00:00,Pudahuel,21.7,12.0,8.5,Entregado a Tiempo,Sin Falla,Camión 3.5T,6500.0
ENV-2026-00384,2026-08-05 01:55:00,Pudahuel,23.9,24.0,24.7,Entregado con Atraso,Tráfico/Congestión,Furgón 1.5T,6900.0
ENV-2026-00385,2026-08-25 13:48:00,San Bernardo,30.7,24.0,15.5,Entregado a Tiempo,Sin Falla,Motocicleta,7700.0
ENV-2026-00386,2026-08-11 09:18:00,La Florida,33.0,12.0,10.9,Entregado a Tiempo,Sin Falla,Furgón 1.5T,8100.0
ENV-2026-00387,2026-07-12 23:11:00,Pudahuel,4.3,48.0,47.3,Entregado a Tiempo,Sin Falla,Furgón 1.5T,3500.0
ENV-2026-00388,2026-07-25 16:54:00,Quilicura,6.3,24.0,37.6,Fallido,Tráfico/Congestión,Furgón 1.5T,4100.0
ENV-2026-00389,2026-07-11 21:06:00,Santiago,33.3,24.0,31.6,Fallido,Dirección Incorrecta,Furgón 1.5T,8200.0
ENV-2026-00390,2026-08-20 01:33:00,Pudahuel,30.7,48.0,74.6,Fallido,Dirección Incorrecta,Furgón 1.5T,7900.0
ENV-2026-00391,2026-08-11 04:08:00,La Florida,27.6,12.0,7.7,Entregado a Tiempo,Sin Falla,Motocicleta,7400.0
ENV-2026-00392,2026-07-10 20:21:00,Las Condes,25.5,24.0,14.8,Entregado a Tiempo,Sin Falla,Furgón 1.5T,7300.0
ENV-2026-00393,2026-08-24 12:08:00,La Florida,15.6,12.0,13.2,Entregado con Atraso,Tráfico/Congestión,Furgón 1.5T,5600.0
ENV-2026-00394,2026-08-26 20:18:00,Pudahuel,7.7,48.0,47.1,Entregado a Tiempo,Sin Falla,Furgón 1.5T,4600.0
ENV-2026-00395,2026-08-02 09:41:00,Santiago,18.3,24.0,30.0,Entregado con Atraso,Cliente Ausente,Camión 3.5T,5800.0
ENV-2026-00396,2026-07-14 04:24:00,Quilicura,32.1,48.0,79.2,Fallido,Dirección Incorrecta,Furgón 1.5T,8000.0
ENV-2026-00397,2026-08-18 22:53:00,Las Condes,21.6,48.0,37.8,Entregado a Tiempo,Sin Falla,Furgón Eléctrico,6500.0
ENV-2026-00398,2026-08-06 14:20:00,Santiago,24.1,24.0,52.9,Fallido,Dirección Incorrecta,Motocicleta,6800.0
ENV-2026-00399,2026-07-14 15:57:00,Pudahuel,18.8,24.0,18.6,Entregado a Tiempo,Sin Falla,Camión 3.5T,6000.0
ENV-2026-00400,2026-08-28 00:18:00,Maipú,24.8,24.0,35.5,Fallido,Tráfico/Congestión,Motocicleta,7200.0
ENV-2026-00401,2026-07-05 10:52:00,Pudahuel,26.9,12.0,11.1,Entregado a Tiempo,Sin Falla,Furgón 1.5T,7300.0
ENV-2026-00402,2026-07-21 04:03:00,San Bernardo,8.5,48.0,64.9,Fallido,Tráfico/Congestión,Furgón 1.5T,4200.0
ENV-2026-00403,2026-07-09 14:36:00,La Florida,29.3,24.0,38.2,Fallido,Dirección Incorrecta,Furgón 1.5T,7600.0
ENV-2026-00404,2026-08-23 21:19:00,Las Condes,19.4,24.0,22.2,Entregado a Tiempo,Sin Falla,Furgón 1.5T,6300.0
ENV-2026-00405,2026-08-10 10:33:00,San Bernardo,21.5,24.0,45.8,Fallido,Tráfico/Congestión,Furgón Eléctrico,6300.0
ENV-2026-00406,2026-08-05 04:31:00,Las Condes,17.6,24.0,34.5,Fallido,Dirección Incorrecta,Motocicleta,5600.0
ENV-2026-00407,2026-07-10 01:04:00,Las Condes,30.7,24.0,25.5,Entregado con Atraso,Tráfico/Congestión,Furgón 1.5T,7800.0
ENV-2026-00408,2026-07-24 05:31:00,Maipú,27.3,48.0,91.2,Fallido,Cliente Ausente,Furgón Eléctrico,7400.0
ENV-2026-00409,2026-08-04 07:29:00,Las Condes,34.1,48.0,117.2,Fallido,Dirección Incorrecta,Furgón 1.5T,8600.0
ENV-2026-00410,2026-08-11 01:42:00,Maipú,5.2,48.0,71.3,Fallido,Tráfico/Congestión,Furgón 1.5T,4000.0
ENV-2026-00411,2026-07-07 17:39:00,Quilicura,4.4,24.0,16.9,Entregado a Tiempo,Sin Falla,Furgón 1.5T,3800.0
ENV-2026-00412,2026-08-29 21:21:00,Puente Alto,31.5,24.0,21.9,Entregado a Tiempo,Sin Falla,Furgón 1.5T,8200.0
ENV-2026-00413,2026-07-31 03:48:00,Maipú,24.5,12.0,13.7,Entregado con Atraso,Tráfico/Congestión,Motocicleta,6800.0
ENV-2026-00414,2026-08-22 14:26:00,Pudahuel,3.9,24.0,20.4,Entregado a Tiempo,Sin Falla,Furgón 1.5T,4000.0
ENV-2026-00415,2026-08-19 13:16:00,Maipú,20.5,12.0,13.4,Entregado con Atraso,Tráfico/Congestión,Motocicleta,5900.0
ENV-2026-00416,2026-07-16 08:21:00,La Florida,21.3,24.0,17.7,Entregado a Tiempo,Sin Falla,Furgón 1.5T,6400.0
ENV-2026-00417,2026-07-04 14:02:00,Las Condes,6.0,24.0,11.8,Entregado a Tiempo,Sin Falla,Furgón 1.5T,4400.0
ENV-2026-00418,2026-08-04 17:43:00,Las Condes,6.5,48.0,60.8,Entregado con Atraso,Tráfico/Congestión,Furgón 1.5T,4500.0
ENV-2026-00419,2026-08-08 22:21:00,San Bernardo,29.8,24.0,15.4,Entregado a Tiempo,Sin Falla,Furgón 1.5T,7600.0
ENV-2026-00420,2026-08-10 17:00:00,La Florida,19.2,24.0,28.6,Entregado con Atraso,Tráfico/Congestión,Motocicleta,6300.0
ENV-2026-00421,2026-08-22 04:15:00,Santiago,26.3,48.0,71.9,Fallido,Tráfico/Congestión,Furgón 1.5T,6800.0
ENV-2026-00422,2026-07-18 00:49:00,Santiago,18.3,24.0,20.0,Entregado a Tiempo,Sin Falla,Motocicleta,6000.0
ENV-2026-00423,2026-07-28 22:16:00,Puente Alto,9.3,24.0,23.0,Entregado a Tiempo,Sin Falla,Furgón 1.5T,4500.0
ENV-2026-00424,2026-08-24 10:26:00,Pudahuel,4.9,24.0,24.8,Entregado con Atraso,Cliente Ausente,Furgón 1.5T,4200.0
ENV-2026-00425,2026-07-25 14:31:00,Quilicura,31.7,24.0,14.3,Entregado a Tiempo,Sin Falla,Furgón Eléctrico,7600.0
ENV-2026-00426,2026-08-26 15:56:00,Maipú,19.9,24.0,52.7,Fallido,Dirección Incorrecta,Furgón 1.5T,5900.0
ENV-2026-00427,2026-08-22 10:12:00,Maipú,9.0,24.0,26.4,Entregado con Atraso,Cliente Ausente,Motocicleta,4700.0
ENV-2026-00428,2026-08-01 09:56:00,Santiago,18.4,12.0,14.9,Entregado con Atraso,Tráfico/Congestión,Furgón 1.5T,5600.0
ENV-2026-00429,2026-08-06 17:57:00,Puente Alto,21.3,48.0,38.5,Entregado a Tiempo,Sin Falla,Furgón 1.5T,6600.0
ENV-2026-00430,2026-08-21 00:51:00,La Florida,32.7,24.0,33.8,Fallido,Dirección Incorrecta,Furgón Eléctrico,8100.0
ENV-2026-00431,2026-08-21 21:48:00,Santiago,4.7,24.0,28.6,Entregado con Atraso,Cliente Ausente,Furgón Eléctrico,4000.0
ENV-2026-00432,2026-08-27 08:47:00,Maipú,10.9,12.0,9.3,Entregado a Tiempo,Sin Falla,Furgón 1.5T,4700.0
ENV-2026-00433,2026-07-27 02:28:00,Santiago,22.6,48.0,46.9,Entregado a Tiempo,Sin Falla,Furgón 1.5T,6800.0
ENV-2026-00434,2026-07-02 17:51:00,Pudahuel,7.5,24.0,37.4,Fallido,Cliente Ausente,Furgón 1.5T,4000.0
ENV-2026-00435,2026-08-18 07:28:00,San Bernardo,18.2,24.0,21.3,Entregado a Tiempo,Sin Falla,Furgón 1.5T,6000.0
ENV-2026-00436,2026-07-26 00:58:00,Puente Alto,20.5,24.0,13.2,Entregado a Tiempo,Sin Falla,Camión 3.5T,6100.0
ENV-2026-00437,2026-08-05 21:47:00,Pudahuel,5.5,48.0,86.2,Fallido,Dirección Incorrecta,Furgón 1.5T,4200.0
ENV-2026-00438,2026-08-23 23:00:00,Pudahuel,30.4,24.0,27.7,Entregado con Atraso,Cliente Ausente,Motocicleta,7700.0
ENV-2026-00439,2026-07-13 21:15:00,Maipú,27.4,24.0,49.3,Fallido,Cliente Ausente,Furgón 1.5T,7000.0
ENV-2026-00440,2026-08-18 22:50:00,Quilicura,33.2,24.0,26.7,Entregado con Atraso,Tráfico/Congestión,Camión 3.5T,8100.0
ENV-2026-00441,2026-08-01 09:32:00,Puente Alto,17.7,48.0,77.3,Fallido,Dirección Incorrecta,Motocicleta,6100.0
ENV-2026-00442,2026-07-09 23:12:00,Las Condes,17.0,24.0,10.0,Entregado a Tiempo,Sin Falla,Furgón Eléctrico,5500.0
ENV-2026-00443,2026-08-03 18:52:00,Las Condes,25.7,24.0,19.7,Entregado a Tiempo,Sin Falla,Furgón 1.5T,6700.0
ENV-2026-00444,2026-07-06 19:44:00,Santiago,21.5,24.0,25.5,Entregado con Atraso,Cliente Ausente,Furgón 1.5T,6400.0
ENV-2026-00445,2026-08-05 22:52:00,Las Condes,7.5,12.0,19.2,Fallido,Dirección Incorrecta,Furgón 1.5T,4400.0
ENV-2026-00446,2026-08-14 03:59:00,Pudahuel,34.8,24.0,33.7,Fallido,Dirección Incorrecta,Furgón 1.5T,8400.0
ENV-2026-00447,2026-07-23 03:54:00,Pudahuel,27.8,12.0,12.0,Entregado a Tiempo,Sin Falla,Furgón 1.5T,7100.0
ENV-2026-00448,2026-08-14 02:01:00,La Florida,8.8,24.0,31.6,Fallido,Zona Inaccesible,Motocicleta,4500.0
ENV-2026-00449,2026-08-04 13:52:00,Quilicura,18.6,24.0,15.3,Entregado a Tiempo,Sin Falla,Furgón 1.5T,6100.0
ENV-2026-00450,2026-07-02 13:04:00,Santiago,14.4,24.0,19.2,Entregado a Tiempo,Sin Falla,Furgón 1.5T,5000.0
ENV-2026-00451,2026-07-26 16:11:00,Maipú,17.8,48.0,49.7,Entregado con Atraso,Tráfico/Congestión,Motocicleta,5900.0
ENV-2026-00452,2026-07-20 11:26:00,Las Condes,24.0,24.0,21.1,Entregado a Tiempo,Sin Falla,Motocicleta,6600.0
ENV-2026-00453,2026-08-20 16:27:00,Pudahuel,8.0,12.0,15.1,Entregado con Atraso,Tráfico/Congestión,Furgón 1.5T,4100.0
ENV-2026-00454,2026-08-24 22:52:00,Quilicura,8.5,48.0,50.6,Entregado con Atraso,Cliente Ausente,Furgón 1.5T,4800.0
ENV-2026-00455,2026-07-13 16:53:00,Maipú,34.0,24.0,41.0,Fallido,Tráfico/Congestión,Furgón 1.5T,8600.0
ENV-2026-00456,2026-07-01 03:36:00,Puente Alto,34.3,24.0,16.6,Entregado a Tiempo,Sin Falla,Furgón 1.5T,8400.0
ENV-2026-00457,2026-08-09 20:02:00,Pudahuel,5.4,24.0,23.5,Entregado a Tiempo,Sin Falla,Motocicleta,4000.0
ENV-2026-00458,2026-08-17 18:18:00,Maipú,22.7,24.0,28.7,Entregado con Atraso,Tráfico/Congestión,Motocicleta,6600.0
ENV-2026-00459,2026-07-18 13:50:00,Pudahuel,17.6,12.0,16.7,Fallido,Tráfico/Congestión,Furgón Eléctrico,5700.0
ENV-2026-00460,2026-08-06 22:21:00,Puente Alto,5.2,24.0,23.2,Entregado a Tiempo,Sin Falla,Camión 3.5T,4200.0
ENV-2026-00461,2026-08-23 12:01:00,Las Condes,20.4,24.0,26.5,Entregado con Atraso,Cliente Ausente,Camión 3.5T,6000.0
ENV-2026-00462,2026-08-25 14:44:00,Quilicura,18.4,24.0,29.6,Entregado con Atraso,Cliente Ausente,Furgón 1.5T,5800.0
ENV-2026-00463,2026-07-26 11:34:00,Santiago,25.8,24.0,20.1,Entregado a Tiempo,Sin Falla,Motocicleta,6900.0
ENV-2026-00464,2026-08-04 20:02:00,San Bernardo,24.9,12.0,22.5,Fallido,Cliente Ausente,Furgón Eléctrico,7200.0
ENV-2026-00465,2026-08-26 14:35:00,Las Condes,12.4,24.0,30.3,Entregado con Atraso,Cliente Ausente,Furgón 1.5T,4800.0
ENV-2026-00466,2026-07-29 18:23:00,Santiago,32.7,24.0,44.3,Fallido,Cliente Ausente,Furgón 1.5T,8300.0
ENV-2026-00467,2026-08-29 19:56:00,San Bernardo,14.2,24.0,19.1,Entregado a Tiempo,Sin Falla,Motocicleta,5300.0
ENV-2026-00468,2026-08-26 15:54:00,Puente Alto,30.3,12.0,12.6,Entregado con Atraso,Tráfico/Congestión,Furgón 1.5T,7400.0
ENV-2026-00469,2026-07-30 11:18:00,Maipú,27.6,24.0,21.9,Entregado a Tiempo,Sin Falla,Motocicleta,7000.0
ENV-2026-00470,2026-07-25 13:33:00,San Bernardo,11.3,24.0,22.0,Entregado a Tiempo,Sin Falla,Furgón 1.5T,5000.0
ENV-2026-00471,2026-08-09 07:16:00,Pudahuel,24.3,48.0,23.2,Entregado a Tiempo,Sin Falla,Furgón 1.5T,6800.0
ENV-2026-00472,2026-08-03 14:12:00,Maipú,34.2,48.0,51.4,Entregado con Atraso,Tráfico/Congestión,Furgón 1.5T,8100.0
ENV-2026-00473,2026-07-10 01:31:00,San Bernardo,13.7,12.0,8.8,Entregado a Tiempo,Sin Falla,Furgón 1.5T,5000.0
ENV-2026-00474,2026-08-25 15:20:00,Las Condes,25.7,24.0,31.4,Fallido,Cliente Ausente,Furgón 1.5T,7200.0
ENV-2026-00475,2026-07-05 02:24:00,Las Condes,5.8,12.0,7.7,Entregado a Tiempo,Sin Falla,Motocicleta,3800.0
ENV-2026-00476,2026-08-15 00:03:00,Las Condes,14.5,24.0,39.4,Fallido,Dirección Incorrecta,Camión 3.5T,5000.0
ENV-2026-00477,2026-08-04 01:57:00,Las Condes,5.4,24.0,26.7,Entregado con Atraso,Cliente Ausente,Camión 3.5T,3800.0
ENV-2026-00478,2026-07-23 05:57:00,Pudahuel,8.5,12.0,12.5,Entregado con Atraso,Cliente Ausente,Furgón 1.5T,4600.0
ENV-2026-00479,2026-08-25 17:01:00,Santiago,25.7,24.0,21.1,Entregado a Tiempo,Sin Falla,Camión 3.5T,7300.0
ENV-2026-00480,2026-07-08 03:35:00,Santiago,7.3,24.0,27.8,Entregado con Atraso,Tráfico/Congestión,Motocicleta,4200.0
ENV-2026-00481,2026-08-28 07:03:00,Pudahuel,9.3,24.0,44.8,Fallido,Cliente Ausente,Furgón 1.5T,4400.0
ENV-2026-00482,2026-07-28 20:37:00,Maipú,17.3,12.0,15.9,Fallido,Dirección Incorrecta,Camión 3.5T,6000.0
ENV-2026-00483,2026-08-04 18:46:00,La Florida,18.2,12.0,16.2,Fallido,Dirección Incorrecta,Furgón 1.5T,5900.0
ENV-2026-00484,2026-07-24 01:43:00,La Florida,9.4,24.0,21.5,Entregado a Tiempo,Sin Falla,Motocicleta,4300.0
ENV-2026-00485,2026-07-07 23:32:00,Maipú,27.7,48.0,35.0,Entregado a Tiempo,Sin Falla,Furgón 1.5T,7000.0
ENV-2026-00486,2026-08-18 19:21:00,Maipú,30.3,12.0,10.7,Entregado a Tiempo,Sin Falla,Furgón Eléctrico,7500.0
ENV-2026-00487,2026-08-09 17:37:00,Santiago,30.9,12.0,9.0,Entregado a Tiempo,Sin Falla,Camión 3.5T,7500.0
ENV-2026-00488,2026-07-25 16:07:00,Las Condes,22.3,24.0,22.7,Entregado a Tiempo,Sin Falla,Motocicleta,6700.0
ENV-2026-00489,2026-08-04 23:35:00,Maipú,27.9,12.0,11.6,Entregado a Tiempo,Sin Falla,Furgón 1.5T,7400.0
ENV-2026-00490,2026-07-06 16:55:00,Puente Alto,3.7,24.0,48.8,Fallido,Cliente Ausente,Furgón 1.5T,3500.0
ENV-2026-00491,2026-07-27 13:46:00,Pudahuel,34.6,48.0,88.3,Fallido,Tráfico/Congestión,Furgón 1.5T,8400.0
ENV-2026-00492,2026-08-24 23:07:00,Quilicura,28.6,24.0,28.5,Entregado con Atraso,Tráfico/Congestión,Furgón 1.5T,7200.0
ENV-2026-00493,2026-07-04 17:35:00,Santiago,9.8,24.0,25.2,Entregado con Atraso,Tráfico/Congestión,Furgón 1.5T,4500.0
ENV-2026-00494,2026-08-04 01:59:00,Quilicura,5.5,24.0,32.4,Fallido,Cliente Ausente,Motocicleta,3800.0
ENV-2026-00495,2026-08-14 03:50:00,Maipú,14.2,24.0,24.9,Entregado con Atraso,Tráfico/Congestión,Furgón 1.5T,5500.0
ENV-2026-00496,2026-07-28 04:18:00,Quilicura,28.0,24.0,15.5,Entregado a Tiempo,Sin Falla,Furgón Eléctrico,7000.0
ENV-2026-00497,2026-08-03 17:51:00,San Bernardo,32.9,24.0,14.7,Entregado a Tiempo,Sin Falla,Furgón 1.5T,8400.0
ENV-2026-00498,2026-07-05 03:25:00,Quilicura,15.6,12.0,12.8,Entregado con Atraso,Tráfico/Congestión,Motocicleta,5400.0
ENV-2026-00499,2026-07-10 15:15:00,San Bernardo,21.6,24.0,28.4,Entregado con Atraso,Cliente Ausente,Motocicleta,6600.0
ENV-2026-00500,2026-07-26 18:26:00,Las Condes,34.1,24.0,15.3,Entregado a Tiempo,Sin Falla,Camión 3.5T,8500.0
ENV-2026-00501,2026-08-23 02:19:00,Pudahuel,18.8,24.0,21.5,Entregado a Tiempo,Sin Falla,Furgón Eléctrico,6000.0
ENV-2026-00502,2026-07-05 19:58:00,Las Condes,22.1,48.0,50.4,Entregado con Atraso,Tráfico/Congestión,Furgón 1.5T,6800.0
ENV-2026-00503,2026-07-09 03:01:00,Santiago,31.1,24.0,25.9,Entregado con Atraso,Cliente Ausente,Furgón 1.5T,8100.0
ENV-2026-00504,2026-08-22 01:57:00,Santiago,3.8,24.0,34.8,Fallido,Tráfico/Congestión,Motocicleta,3900.0
ENV-2026-00505,2026-08-09 19:22:00,Santiago,28.6,48.0,47.0,Entregado a Tiempo,Sin Falla,Furgón 1.5T,7300.0
ENV-2026-00506,2026-07-09 16:52:00,Quilicura,23.9,24.0,14.7,Entregado a Tiempo,Sin Falla,Furgón 1.5T,6700.0
ENV-2026-00507,2026-08-19 20:09:00,Puente Alto,19.5,24.0,19.4,Entregado a Tiempo,Sin Falla,Furgón 1.5T,5900.0
ENV-2026-00508,2026-07-04 05:23:00,Maipú,23.7,12.0,9.8,Entregado a Tiempo,Sin Falla,Motocicleta,6900.0
ENV-2026-00509,2026-08-14 12:12:00,San Bernardo,9.4,48.0,28.4,Entregado a Tiempo,Sin Falla,Furgón 1.5T,4500.0
ENV-2026-00510,2026-07-28 21:17:00,La Florida,32.1,24.0,17.4,Entregado a Tiempo,Sin Falla,Furgón 1.5T,8200.0
ENV-2026-00511,2026-07-20 18:13:00,San Bernardo,16.0,24.0,25.5,Entregado con Atraso,Tráfico/Congestión,Camión 3.5T,5800.0
ENV-2026-00512,2026-07-27 17:07:00,Santiago,22.0,24.0,24.4,Entregado con Atraso,Tráfico/Congestión,Furgón 1.5T,6600.0
ENV-2026-00513,2026-08-22 09:28:00,Maipú,12.4,24.0,19.3,Entregado a Tiempo,Sin Falla,Furgón 1.5T,5200.0
ENV-2026-00514,2026-08-17 13:59:00,Maipú,28.9,24.0,40.0,Fallido,Tráfico/Congestión,Motocicleta,7700.0
ENV-2026-00515,2026-07-16 15:58:00,La Florida,21.2,24.0,35.1,Fallido,Zona Inaccesible,Motocicleta,6600.0
ENV-2026-00516,2026-08-25 03:31:00,Pudahuel,21.3,24.0,15.9,Entregado a Tiempo,Sin Falla,Furgón 1.5T,6600.0
ENV-2026-00517,2026-08-19 16:31:00,Pudahuel,30.5,24.0,19.5,Entregado a Tiempo,Sin Falla,Motocicleta,7800.0
ENV-2026-00518,2026-07-31 21:34:00,San Bernardo,33.0,24.0,26.7,Entregado con Atraso,Tráfico/Congestión,Furgón 1.5T,7900.0
ENV-2026-00519,2026-07-15 07:54:00,Pudahuel,24.8,24.0,18.6,Entregado a Tiempo,Sin Falla,Furgón 1.5T,7000.0
ENV-2026-00520,2026-08-25 07:56:00,Santiago,8.0,48.0,54.4,Entregado con Atraso,Cliente Ausente,Furgón 1.5T,4300.0
ENV-2026-00521,2026-07-29 08:55:00,Santiago,5.4,24.0,18.2,Entregado a Tiempo,Sin Falla,Camión 3.5T,4000.0
ENV-2026-00522,2026-07-18 13:24:00,Maipú,12.7,24.0,15.6,Entregado a Tiempo,Sin Falla,Furgón 1.5T,5100.0
ENV-2026-00523,2026-07-11 15:40:00,Puente Alto,16.1,24.0,77.5,Fallido,Tráfico/Congestión,Camión 3.5T,5700.0
ENV-2026-00524,2026-08-17 01:17:00,Santiago,21.8,12.0,17.9,Fallido,Dirección Incorrecta,Furgón 1.5T,6200.0
ENV-2026-00525,2026-07-17 22:23:00,Las Condes,33.5,12.0,10.1,Entregado a Tiempo,Sin Falla,Furgón 1.5T,8400.0
ENV-2026-00526,2026-08-13 10:19:00,La Florida,14.4,24.0,24.6,Entregado con Atraso,Cliente Ausente,Motocicleta,5100.0
ENV-2026-00527,2026-08-07 23:05:00,Pudahuel,9.6,48.0,32.5,Entregado a Tiempo,Sin Falla,Motocicleta,4900.0
ENV-2026-00528,2026-08-15 10:10:00,Quilicura,35.0,24.0,36.2,Fallido,Cliente Ausente,Motocicleta,8300.0
ENV-2026-00529,2026-07-09 20:47:00,Santiago,6.0,24.0,23.7,Entregado a Tiempo,Sin Falla,Furgón 1.5T,3800.0
ENV-2026-00530,2026-07-03 13:13:00,La Florida,28.7,12.0,4.2,Entregado a Tiempo,Sin Falla,Camión 3.5T,7500.0
ENV-2026-00531,2026-08-21 13:52:00,Maipú,31.9,48.0,32.8,Entregado a Tiempo,Sin Falla,Furgón 1.5T,8000.0
ENV-2026-00532,2026-08-06 21:29:00,Pudahuel,5.5,24.0,58.1,Fallido,Tráfico/Congestión,Furgón 1.5T,3700.0
ENV-2026-00533,2026-07-15 10:14:00,Las Condes,26.9,12.0,8.4,Entregado a Tiempo,Sin Falla,Motocicleta,7400.0
ENV-2026-00534,2026-07-02 19:40:00,Las Condes,25.8,24.0,28.5,Entregado con Atraso,Cliente Ausente,Furgón 1.5T,7100.0
ENV-2026-00535,2026-08-20 01:24:00,Las Condes,20.3,48.0,57.1,Entregado con Atraso,Tráfico/Congestión,Furgón 1.5T,5800.0
ENV-2026-00536,2026-07-05 04:10:00,Las Condes,27.6,24.0,35.2,Fallido,Dirección Incorrecta,Furgón 1.5T,7400.0
ENV-2026-00537,2026-08-22 17:02:00,Puente Alto,21.3,12.0,11.3,Entregado a Tiempo,Sin Falla,Furgón Eléctrico,6400.0
ENV-2026-00538,2026-07-20 22:28:00,La Florida,9.1,48.0,86.0,Fallido,Cliente Ausente,Motocicleta,4600.0
ENV-2026-00539,2026-08-08 09:33:00,Quilicura,14.0,24.0,19.9,Entregado a Tiempo,Sin Falla,Camión 3.5T,5100.0
ENV-2026-00540,2026-08-09 17:16:00,Maipú,34.8,48.0,38.6,Entregado a Tiempo,Sin Falla,Camión 3.5T,8600.0
ENV-2026-00541,2026-07-16 11:24:00,Las Condes,14.8,24.0,25.4,Entregado con Atraso,Tráfico/Congestión,Furgón 1.5T,5200.0
ENV-2026-00542,2026-07-03 19:51:00,Puente Alto,17.6,12.0,15.6,Entregado con Atraso,Tráfico/Congestión,Camión 3.5T,5600.0
ENV-2026-00543,2026-07-22 05:16:00,San Bernardo,8.0,24.0,25.9,Entregado con Atraso,Tráfico/Congestión,Furgón 1.5T,4500.0
ENV-2026-00544,2026-08-02 04:37:00,Maipú,17.4,24.0,23.2,Entregado a Tiempo,Sin Falla,Motocicleta,5700.0
ENV-2026-00545,2026-08-11 22:10:00,Puente Alto,7.5,48.0,28.9,Entregado a Tiempo,Sin Falla,Furgón 1.5T,4500.0
ENV-2026-00546,2026-07-16 04:38:00,La Florida,19.6,12.0,8.7,Entregado a Tiempo,Sin Falla,Furgón 1.5T,6300.0
ENV-2026-00547,2026-07-19 07:55:00,La Florida,15.3,12.0,8.0,Entregado a Tiempo,Sin Falla,Furgón Eléctrico,5700.0
ENV-2026-00548,2026-08-06 20:40:00,La Florida,5.7,24.0,20.5,Entregado a Tiempo,Sin Falla,Furgón 1.5T,4200.0
ENV-2026-00549,2026-07-22 13:58:00,Quilicura,12.9,24.0,23.9,Entregado a Tiempo,Sin Falla,Furgón 1.5T,4900.0
ENV-2026-00550,2026-07-07 09:27:00,Maipú,20.6,12.0,11.4,Entregado a Tiempo,Sin Falla,Camión 3.5T,6200.0
ENV-2026-00551,2026-07-14 11:03:00,Puente Alto,17.2,24.0,24.1,Entregado con Atraso,Tráfico/Congestión,Furgón 1.5T,5900.0
ENV-2026-00552,2026-07-24 05:09:00,Puente Alto,11.0,12.0,11.3,Entregado a Tiempo,Sin Falla,Motocicleta,4800.0
ENV-2026-00553,2026-08-11 18:58:00,Quilicura,25.5,24.0,41.7,Fallido,Dirección Incorrecta,Furgón 1.5T,7200.0
ENV-2026-00554,2026-08-03 18:50:00,San Bernardo,18.7,48.0,54.1,Entregado con Atraso,Cliente Ausente,Furgón 1.5T,5700.0
ENV-2026-00555,2026-08-02 06:20:00,San Bernardo,16.5,48.0,53.0,Entregado con Atraso,Tráfico/Congestión,Motocicleta,5900.0
ENV-2026-00556,2026-08-26 08:51:00,Puente Alto,23.7,24.0,30.7,Entregado con Atraso,Cliente Ausente,Furgón 1.5T,6800.0
ENV-2026-00557,2026-08-11 07:59:00,Maipú,14.2,24.0,19.8,Entregado a Tiempo,Sin Falla,Furgón 1.5T,5500.0
ENV-2026-00558,2026-08-15 06:36:00,Puente Alto,32.9,12.0,8.7,Entregado a Tiempo,Sin Falla,Motocicleta,8200.0
ENV-2026-00559,2026-07-02 14:31:00,Las Condes,16.6,24.0,20.3,Entregado a Tiempo,Sin Falla,Furgón 1.5T,5900.0
ENV-2026-00560,2026-07-11 15:00:00,La Florida,15.2,24.0,18.6,Entregado a Tiempo,Sin Falla,Furgón Eléctrico,5200.0
ENV-2026-00561,2026-08-21 14:46:00,Quilicura,12.5,24.0,38.2,Fallido,Zona Inaccesible,Motocicleta,5200.0
ENV-2026-00562,2026-07-15 09:00:00,Puente Alto,24.2,24.0,26.9,Entregado con Atraso,Cliente Ausente,Furgón Eléctrico,7000.0
ENV-2026-00563,2026-08-20 18:45:00,Las Condes,12.3,48.0,28.5,Entregado a Tiempo,Sin Falla,Furgón 1.5T,5300.0
ENV-2026-00564,2026-08-21 18:59:00,La Florida,22.6,12.0,30.7,Fallido,Cliente Ausente,Furgón 1.5T,6900.0
ENV-2026-00565,2026-08-26 03:50:00,San Bernardo,32.3,48.0,56.3,Entregado con Atraso,Tráfico/Congestión,Furgón 1.5T,7800.0
ENV-2026-00566,2026-08-06 07:03:00,Pudahuel,12.8,12.0,8.5,Entregado a Tiempo,Sin Falla,Motocicleta,4700.0
ENV-2026-00567,2026-07-23 02:05:00,San Bernardo,14.3,24.0,29.1,Entregado con Atraso,Tráfico/Congestión,Motocicleta,5100.0
ENV-2026-00568,2026-08-17 20:20:00,San Bernardo,12.8,48.0,97.8,Fallido,Cliente Ausente,Motocicleta,5400.0
ENV-2026-00569,2026-08-12 00:01:00,San Bernardo,30.8,24.0,25.7,Entregado con Atraso,Cliente Ausente,Camión 3.5T,7700.0
ENV-2026-00570,2026-07-26 06:22:00,La Florida,31.8,48.0,27.7,Entregado a Tiempo,Sin Falla,Furgón Eléctrico,7800.0
ENV-2026-00571,2026-08-22 06:54:00,Maipú,27.5,24.0,20.9,Entregado a Tiempo,Sin Falla,Furgón 1.5T,7000.0
ENV-2026-00572,2026-07-24 20:04:00,Puente Alto,25.9,24.0,34.7,Fallido,Cliente Ausente,Camión 3.5T,6800.0
ENV-2026-00573,2026-08-29 19:08:00,Maipú,12.9,24.0,40.8,Fallido,Tráfico/Congestión,Furgón 1.5T,4800.0
ENV-2026-00574,2026-07-24 20:42:00,Puente Alto,27.6,24.0,27.0,Entregado con Atraso,Tráfico/Congestión,Motocicleta,7200.0
ENV-2026-00575,2026-07-28 17:45:00,La Florida,23.9,48.0,129.6,Fallido,Dirección Incorrecta,Furgón 1.5T,6400.0
ENV-2026-00576,2026-08-11 05:20:00,Puente Alto,10.2,24.0,24.6,Entregado con Atraso,Tráfico/Congestión,Camión 3.5T,4400.0
ENV-2026-00577,2026-08-03 05:26:00,Maipú,28.8,24.0,19.2,Entregado a Tiempo,Sin Falla,Furgón 1.5T,7300.0
ENV-2026-00578,2026-08-26 10:38:00,Santiago,34.7,48.0,47.3,Entregado a Tiempo,Sin Falla,Furgón 1.5T,8300.0
ENV-2026-00579,2026-07-28 04:33:00,Las Condes,10.6,24.0,17.4,Entregado a Tiempo,Sin Falla,Furgón 1.5T,4800.0
ENV-2026-00580,2026-07-07 03:03:00,Quilicura,34.2,24.0,36.1,Fallido,Zona Inaccesible,Furgón Eléctrico,8600.0
ENV-2026-00581,2026-07-24 12:43:00,Santiago,17.2,24.0,27.5,Entregado con Atraso,Tráfico/Congestión,Furgón 1.5T,5400.0
ENV-2026-00582,2026-07-06 04:26:00,Pudahuel,14.1,24.0,26.0,Entregado con Atraso,Cliente Ausente,Camión 3.5T,5400.0
ENV-2026-00583,2026-07-31 22:27:00,Puente Alto,16.1,48.0,26.5,Entregado a Tiempo,Sin Falla,Furgón 1.5T,5300.0
ENV-2026-00584,2026-07-23 23:22:00,Santiago,10.2,12.0,13.8,Entregado con Atraso,Tráfico/Congestión,Furgón 1.5T,4600.0
ENV-2026-00585,2026-08-07 22:16:00,Las Condes,24.0,24.0,18.8,Entregado a Tiempo,Sin Falla,Furgón 1.5T,7000.0
ENV-2026-00586,2026-07-31 09:23:00,Maipú,21.9,24.0,15.7,Entregado a Tiempo,Sin Falla,Furgón 1.5T,6400.0
ENV-2026-00587,2026-07-18 11:31:00,San Bernardo,9.9,24.0,19.9,Entregado a Tiempo,Sin Falla,Motocicleta,4400.0
ENV-2026-00588,2026-07-15 23:01:00,La Florida,13.7,24.0,14.8,Entregado a Tiempo,Sin Falla,Motocicleta,5500.0
ENV-2026-00589,2026-07-20 21:25:00,Santiago,32.1,24.0,15.0,Entregado a Tiempo,Sin Falla,Motocicleta,8100.0
ENV-2026-00590,2026-07-19 23:13:00,Las Condes,5.8,12.0,17.6,Fallido,Cliente Ausente,Motocicleta,4200.0
ENV-2026-00591,2026-07-03 09:54:00,Quilicura,28.4,24.0,26.0,Entregado con Atraso,Tráfico/Congestión,Furgón 1.5T,7300.0
ENV-2026-00592,2026-07-16 22:17:00,Santiago,7.8,24.0,32.5,Fallido,Cliente Ausente,Furgón 1.5T,4400.0
ENV-2026-00593,2026-08-06 18:36:00,San Bernardo,10.9,24.0,28.3,Entregado con Atraso,Tráfico/Congestión,Furgón 1.5T,4800.0
ENV-2026-00594,2026-07-13 21:25:00,La Florida,34.4,12.0,7.8,Entregado a Tiempo,Sin Falla,Furgón Eléctrico,8100.0
ENV-2026-00595,2026-08-19 01:42:00,Santiago,4.0,48.0,59.4,Entregado con Atraso,Tráfico/Congestión,Motocicleta,3900.0
ENV-2026-00596,2026-08-19 08:47:00,Quilicura,26.5,12.0,15.0,Entregado con Atraso,Tráfico/Congestión,Motocicleta,7500.0
ENV-2026-00597,2026-08-14 11:14:00,Maipú,31.3,24.0,24.9,Entregado con Atraso,Tráfico/Congestión,Camión 3.5T,8200.0
ENV-2026-00598,2026-08-20 22:00:00,Pudahuel,19.5,12.0,10.8,Entregado a Tiempo,Sin Falla,Furgón 1.5T,5900.0
ENV-2026-00599,2026-07-08 05:53:00,Maipú,15.4,24.0,16.4,Entregado a Tiempo,Sin Falla,Camión 3.5T,5400.0
ENV-2026-00600,2026-07-20 21:03:00,Las Condes,29.2,12.0,21.8,Fallido,Cliente Ausente,Furgón 1.5T,7500.0
ENV-2026-00601,2026-07-09 21:17:00,Maipú,28.0,48.0,94.6,Fallido,Tráfico/Congestión,Furgón 1.5T,7600.0
ENV-2026-00602,2026-08-03 12:23:00,Puente Alto,19.5,24.0,18.7,Entregado a Tiempo,Sin Falla,Furgón Eléctrico,6300.0
ENV-2026-00603,2026-08-15 14:05:00,Santiago,11.4,48.0,60.2,Entregado con Atraso,Tráfico/Congestión,Motocicleta,5100.0
ENV-2026-00604,2026-08-21 01:06:00,Las Condes,13.7,48.0,19.0,Entregado a Tiempo,Sin Falla,Camión 3.5T,5000.0
ENV-2026-00605,2026-08-23 02:01:00,Maipú,31.1,24.0,20.7,Entregado a Tiempo,Sin Falla,Furgón 1.5T,7900.0
ENV-2026-00606,2026-08-18 02:12:00,Quilicura,9.9,48.0,45.8,Entregado a Tiempo,Sin Falla,Furgón 1.5T,4400.0
ENV-2026-00607,2026-07-27 00:54:00,Quilicura,11.8,12.0,8.7,Entregado a Tiempo,Sin Falla,Furgón 1.5T,4800.0
ENV-2026-00608,2026-08-07 07:07:00,Santiago,30.6,12.0,13.3,Entregado con Atraso,Tráfico/Congestión,Furgón 1.5T,7700.0
ENV-2026-00609,2026-08-07 11:48:00,Maipú,21.1,24.0,30.0,Entregado con Atraso,Tráfico/Congestión,Furgón 1.5T,6100.0
ENV-2026-00610,2026-08-04 17:35:00,Quilicura,25.9,24.0,22.0,Entregado a Tiempo,Sin Falla,Motocicleta,6900.0
ENV-2026-00611,2026-07-29 15:50:00,Quilicura,8.0,24.0,11.9,Entregado a Tiempo,Sin Falla,Furgón 1.5T,4100.0
ENV-2026-00612,2026-07-10 14:05:00,Santiago,34.6,24.0,25.2,Entregado con Atraso,Tráfico/Congestión,Camión 3.5T,8100.0
ENV-2026-00613,2026-07-17 07:07:00,Quilicura,12.1,48.0,91.4,Fallido,Cliente Ausente,Furgón 1.5T,5000.0
ENV-2026-00614,2026-07-11 21:54:00,Pudahuel,7.1,24.0,20.1,Entregado a Tiempo,Sin Falla,Camión 3.5T,3900.0
ENV-2026-00615,2026-07-20 04:33:00,Puente Alto,34.6,24.0,28.3,Entregado con Atraso,Tráfico/Congestión,Furgón 1.5T,8500.0
ENV-2026-00616,2026-08-17 19:37:00,San Bernardo,26.0,48.0,56.0,Entregado con Atraso,Cliente Ausente,Furgón 1.5T,7000.0
ENV-2026-00617,2026-07-13 17:33:00,La Florida,7.4,48.0,142.2,Fallido,Zona Inaccesible,Motocicleta,4000.0
ENV-2026-00618,2026-08-28 07:05:00,Las Condes,31.2,24.0,22.1,Entregado a Tiempo,Sin Falla,Motocicleta,8000.0
ENV-2026-00619,2026-08-11 19:47:00,Maipú,15.6,24.0,22.4,Entregado a Tiempo,Sin Falla,Furgón Eléctrico,5800.0
ENV-2026-00620,2026-07-06 10:20:00,Maipú,7.7,12.0,15.3,Entregado con Atraso,Tráfico/Congestión,Furgón Eléctrico,4600.0
ENV-2026-00621,2026-08-27 08:41:00,La Florida,3.5,24.0,20.6,Entregado a Tiempo,Sin Falla,Furgón Eléctrico,3300.0
ENV-2026-00622,2026-07-12 18:10:00,Puente Alto,10.1,12.0,13.4,Entregado con Atraso,Tráfico/Congestión,Motocicleta,4600.0
ENV-2026-00623,2026-07-18 04:21:00,Puente Alto,8.2,24.0,16.3,Entregado a Tiempo,Sin Falla,Furgón Eléctrico,4500.0
ENV-2026-00624,2026-08-23 11:25:00,Quilicura,33.1,24.0,23.0,Entregado a Tiempo,Sin Falla,Motocicleta,8100.0
ENV-2026-00625,2026-08-01 04:20:00,Pudahuel,9.4,24.0,25.8,Entregado con Atraso,Tráfico/Congestión,Furgón 1.5T,4300.0
ENV-2026-00626,2026-08-10 03:26:00,Puente Alto,4.6,24.0,31.7,Fallido,Dirección Incorrecta,Furgón 1.5T,4000.0
ENV-2026-00627,2026-07-16 23:04:00,Maipú,18.4,24.0,19.2,Entregado a Tiempo,Sin Falla,Furgón Eléctrico,6100.0
ENV-2026-00628,2026-08-23 16:05:00,Maipú,4.0,24.0,17.0,Entregado a Tiempo,Sin Falla,Camión 3.5T,4000.0
ENV-2026-00629,2026-08-07 09:22:00,Santiago,14.5,24.0,51.3,Fallido,Cliente Ausente,Furgón 1.5T,5500.0
ENV-2026-00630,2026-08-10 10:41:00,Maipú,28.5,12.0,6.9,Entregado a Tiempo,Sin Falla,Furgón 1.5T,7400.0
ENV-2026-00631,2026-08-13 17:43:00,Pudahuel,19.8,24.0,24.7,Entregado con Atraso,Tráfico/Congestión,Furgón 1.5T,6200.0
ENV-2026-00632,2026-08-17 09:25:00,Santiago,13.1,24.0,56.3,Fallido,Cliente Ausente,Furgón Eléctrico,5000.0
ENV-2026-00633,2026-07-01 08:15:00,Santiago,18.2,24.0,48.1,Fallido,Cliente Ausente,Furgón 1.5T,6200.0
ENV-2026-00634,2026-07-28 14:33:00,La Florida,15.1,24.0,18.5,Entregado a Tiempo,Sin Falla,Furgón 1.5T,5100.0
ENV-2026-00635,2026-07-29 19:34:00,Las Condes,5.3,48.0,109.2,Fallido,Cliente Ausente,Furgón Eléctrico,3900.0
ENV-2026-00636,2026-07-01 20:23:00,Santiago,13.8,24.0,39.7,Fallido,Tráfico/Congestión,Furgón 1.5T,5000.0
ENV-2026-00637,2026-07-28 22:02:00,La Florida,26.8,24.0,21.5,Entregado a Tiempo,Sin Falla,Furgón 1.5T,7500.0
ENV-2026-00638,2026-08-21 11:26:00,San Bernardo,31.4,24.0,19.1,Entregado a Tiempo,Sin Falla,Furgón 1.5T,7800.0
ENV-2026-00639,2026-08-20 12:31:00,La Florida,11.7,24.0,38.4,Fallido,Tráfico/Congestión,Furgón 1.5T,5200.0
ENV-2026-00640,2026-08-11 03:35:00,San Bernardo,11.3,24.0,19.7,Entregado a Tiempo,Sin Falla,Furgón Eléctrico,5100.0
ENV-2026-00641,2026-08-03 17:34:00,Maipú,9.0,24.0,17.4,Entregado a Tiempo,Sin Falla,Furgón Eléctrico,4800.0
ENV-2026-00642,2026-07-19 23:33:00,Puente Alto,21.0,24.0,23.7,Entregado a Tiempo,Sin Falla,Furgón 1.5T,6300.0
ENV-2026-00643,2026-08-05 00:03:00,Las Condes,21.9,48.0,27.8,Entregado a Tiempo,Sin Falla,Furgón 1.5T,6300.0
ENV-2026-00644,2026-07-30 05:23:00,Maipú,34.1,24.0,23.7,Entregado a Tiempo,Sin Falla,Furgón 1.5T,8100.0
ENV-2026-00645,2026-08-15 12:11:00,La Florida,15.2,24.0,29.6,Entregado con Atraso,Tráfico/Congestión,Camión 3.5T,5200.0
ENV-2026-00646,2026-08-11 23:06:00,Puente Alto,30.9,12.0,11.4,Entregado a Tiempo,Sin Falla,Motocicleta,7400.0
ENV-2026-00647,2026-08-20 22:38:00,Maipú,33.5,24.0,21.4,Entregado a Tiempo,Sin Falla,Furgón Eléctrico,7800.0
ENV-2026-00648,2026-07-12 08:28:00,Las Condes,8.1,24.0,40.6,Fallido,Dirección Incorrecta,Furgón Eléctrico,4400.0
ENV-2026-00649,2026-07-29 21:13:00,La Florida,27.9,48.0,26.7,Entregado a Tiempo,Sin Falla,Motocicleta,7000.0
ENV-2026-00650,2026-07-03 13:21:00,Santiago,3.9,12.0,18.0,Fallido,Zona Inaccesible,Furgón 1.5T,3900.0
ENV-2026-00651,2026-07-26 02:43:00,Las Condes,25.3,48.0,68.8,Fallido,Dirección Incorrecta,Camión 3.5T,7100.0
ENV-2026-00652,2026-07-18 23:52:00,Pudahuel,9.2,24.0,26.5,Entregado con Atraso,Cliente Ausente,Motocicleta,4500.0
ENV-2026-00653,2026-08-19 08:30:00,Puente Alto,9.3,48.0,30.1,Entregado a Tiempo,Sin Falla,Camión 3.5T,4700.0
ENV-2026-00654,2026-07-23 00:13:00,Maipú,6.8,12.0,19.0,Fallido,Cliente Ausente,Furgón 1.5T,4100.0
ENV-2026-00655,2026-07-30 22:31:00,Las Condes,3.7,12.0,9.2,Entregado a Tiempo,Sin Falla,Motocicleta,3600.0
ENV-2026-00656,2026-08-07 02:17:00,Pudahuel,33.1,24.0,45.3,Fallido,Zona Inaccesible,Furgón 1.5T,8300.0
ENV-2026-00657,2026-07-16 07:33:00,Puente Alto,16.7,24.0,13.5,Entregado a Tiempo,Sin Falla,Camión 3.5T,5700.0
ENV-2026-00658,2026-08-16 06:56:00,San Bernardo,12.4,24.0,46.8,Fallido,Tráfico/Congestión,Furgón 1.5T,5100.0
ENV-2026-00659,2026-07-12 19:56:00,Quilicura,13.8,12.0,12.7,Entregado con Atraso,Cliente Ausente,Furgón 1.5T,5400.0
ENV-2026-00660,2026-07-06 10:09:00,Santiago,8.2,24.0,20.1,Entregado a Tiempo,Sin Falla,Furgón 1.5T,4500.0
ENV-2026-00661,2026-08-17 07:00:00,San Bernardo,19.8,24.0,17.3,Entregado a Tiempo,Sin Falla,Furgón 1.5T,6300.0
ENV-2026-00662,2026-08-03 07:27:00,Pudahuel,17.4,48.0,45.9,Entregado a Tiempo,Sin Falla,Motocicleta,5900.0
ENV-2026-00663,2026-08-01 16:36:00,Maipú,24.1,24.0,19.4,Entregado a Tiempo,Sin Falla,Furgón 1.5T,6900.0
ENV-2026-00664,2026-08-13 01:18:00,Las Condes,26.2,24.0,11.8,Entregado a Tiempo,Sin Falla,Furgón 1.5T,7400.0
ENV-2026-00665,2026-07-10 15:38:00,Las Condes,32.6,24.0,38.0,Fallido,Dirección Incorrecta,Motocicleta,7700.0
ENV-2026-00666,2026-08-03 18:12:00,Las Condes,11.9,24.0,45.5,Fallido,Dirección Incorrecta,Motocicleta,5100.0
ENV-2026-00667,2026-08-20 08:55:00,Las Condes,31.6,12.0,9.4,Entregado a Tiempo,Sin Falla,Furgón 1.5T,8100.0
ENV-2026-00668,2026-07-07 07:52:00,Puente Alto,17.4,12.0,14.1,Entregado con Atraso,Cliente Ausente,Furgón 1.5T,5900.0
ENV-2026-00669,2026-07-07 18:50:00,La Florida,28.3,48.0,28.0,Entregado a Tiempo,Sin Falla,Furgón 1.5T,7300.0
ENV-2026-00670,2026-08-07 06:30:00,Las Condes,28.4,12.0,15.1,Entregado con Atraso,Cliente Ausente,Motocicleta,7700.0
ENV-2026-00671,2026-07-26 22:22:00,Quilicura,30.5,12.0,16.1,Fallido,Cliente Ausente,Motocicleta,8000.0
ENV-2026-00672,2026-07-18 19:29:00,Las Condes,30.4,24.0,16.4,Entregado a Tiempo,Sin Falla,Furgón 1.5T,8000.0
ENV-2026-00673,2026-08-13 13:00:00,San Bernardo,7.9,24.0,48.5,Fallido,Tráfico/Congestión,Furgón Eléctrico,4200.0
ENV-2026-00674,2026-07-13 04:38:00,Puente Alto,11.5,24.0,11.6,Entregado a Tiempo,Sin Falla,Motocicleta,5200.0
ENV-2026-00675,2026-07-29 08:35:00,Quilicura,24.8,24.0,42.2,Fallido,Cliente Ausente,Motocicleta,6900.0
ENV-2026-00676,2026-07-15 11:27:00,La Florida,17.7,12.0,9.4,Entregado a Tiempo,Sin Falla,Furgón 1.5T,5800.0
ENV-2026-00677,2026-07-16 15:07:00,Maipú,31.2,24.0,16.9,Entregado a Tiempo,Sin Falla,Furgón 1.5T,7600.0
ENV-2026-00678,2026-07-30 23:15:00,La Florida,9.6,48.0,84.1,Fallido,Tráfico/Congestión,Furgón 1.5T,4500.0
ENV-2026-00679,2026-07-13 11:47:00,Las Condes,28.1,24.0,14.1,Entregado a Tiempo,Sin Falla,Camión 3.5T,7100.0
ENV-2026-00680,2026-07-31 16:51:00,San Bernardo,9.4,24.0,51.3,Fallido,Cliente Ausente,Motocicleta,4600.0
ENV-2026-00681,2026-07-05 10:07:00,La Florida,31.1,24.0,46.0,Fallido,Dirección Incorrecta,Furgón 1.5T,8100.0
ENV-2026-00682,2026-07-15 15:29:00,Pudahuel,11.3,24.0,18.2,Entregado a Tiempo,Sin Falla,Camión 3.5T,4600.0
ENV-2026-00683,2026-07-27 06:32:00,Las Condes,28.2,24.0,19.7,Entregado a Tiempo,Sin Falla,Motocicleta,7600.0
ENV-2026-00684,2026-08-23 11:10:00,San Bernardo,5.1,24.0,16.4,Entregado a Tiempo,Sin Falla,Furgón 1.5T,3900.0
ENV-2026-00685,2026-07-26 23:45:00,Santiago,24.9,24.0,21.0,Entregado a Tiempo,Sin Falla,Motocicleta,7200.0
ENV-2026-00686,2026-07-15 15:34:00,Santiago,22.9,24.0,16.4,Entregado a Tiempo,Sin Falla,Furgón Eléctrico,6500.0
ENV-2026-00687,2026-08-14 07:49:00,Las Condes,32.4,12.0,12.9,Entregado con Atraso,Tráfico/Congestión,Furgón 1.5T,8100.0
ENV-2026-00688,2026-07-09 12:00:00,Las Condes,4.2,24.0,18.8,Entregado a Tiempo,Sin Falla,Furgón 1.5T,3800.0
ENV-2026-00689,2026-08-21 22:26:00,Pudahuel,16.2,48.0,68.6,Fallido,Dirección Incorrecta,Motocicleta,5300.0
ENV-2026-00690,2026-08-27 14:01:00,Quilicura,34.5,12.0,12.3,Entregado con Atraso,Cliente Ausente,Motocicleta,8500.0
ENV-2026-00691,2026-07-30 13:36:00,Puente Alto,32.6,12.0,7.7,Entregado a Tiempo,Sin Falla,Furgón 1.5T,8000.0
ENV-2026-00692,2026-07-07 16:14:00,Las Condes,19.8,24.0,18.2,Entregado a Tiempo,Sin Falla,Motocicleta,6200.0
ENV-2026-00693,2026-07-28 06:47:00,Pudahuel,14.6,48.0,32.1,Entregado a Tiempo,Sin Falla,Furgón 1.5T,5600.0
ENV-2026-00694,2026-07-27 00:41:00,Las Condes,17.4,24.0,19.6,Entregado a Tiempo,Sin Falla,Camión 3.5T,5500.0
ENV-2026-00695,2026-07-09 04:10:00,Las Condes,26.7,24.0,15.7,Entregado a Tiempo,Sin Falla,Furgón 1.5T,7100.0
ENV-2026-00696,2026-07-12 23:42:00,Maipú,3.1,24.0,11.8,Entregado a Tiempo,Sin Falla,Camión 3.5T,3600.0
ENV-2026-00697,2026-07-03 17:15:00,La Florida,30.3,24.0,49.0,Fallido,Cliente Ausente,Motocicleta,7700.0
ENV-2026-00698,2026-07-07 21:58:00,San Bernardo,11.6,24.0,21.5,Entregado a Tiempo,Sin Falla,Motocicleta,4800.0
ENV-2026-00699,2026-08-23 18:10:00,La Florida,11.5,24.0,19.7,Entregado a Tiempo,Sin Falla,Motocicleta,4600.0
ENV-2026-00700,2026-07-28 01:44:00,Maipú,32.8,24.0,27.3,Entregado con Atraso,Tráfico/Congestión,Furgón Eléctrico,8300.0
ENV-2026-00701,2026-07-01 08:46:00,La Florida,32.5,24.0,16.6,Entregado a Tiempo,Sin Falla,Furgón 1.5T,7800.0
ENV-2026-00702,2026-08-28 20:38:00,Maipú,14.6,24.0,18.4,Entregado a Tiempo,Sin Falla,Camión 3.5T,5200.0
ENV-2026-00703,2026-08-17 03:27:00,Quilicura,32.6,48.0,47.5,Entregado a Tiempo,Sin Falla,Motocicleta,8400.0
ENV-2026-00704,2026-07-04 21:26:00,Quilicura,15.9,24.0,34.6,Fallido,Tráfico/Congestión,Furgón Eléctrico,5200.0
ENV-2026-00705,2026-07-16 12:22:00,San Bernardo,11.6,48.0,26.4,Entregado a Tiempo,Sin Falla,Furgón 1.5T,5200.0
ENV-2026-00706,2026-07-30 21:15:00,La Florida,4.6,12.0,14.0,Entregado con Atraso,Cliente Ausente,Furgón 1.5T,4000.0
ENV-2026-00707,2026-07-10 21:08:00,Las Condes,14.8,24.0,27.1,Entregado con Atraso,Tráfico/Congestión,Furgón 1.5T,5200.0
ENV-2026-00708,2026-07-23 01:38:00,La Florida,13.3,24.0,16.9,Entregado a Tiempo,Sin Falla,Camión 3.5T,5200.0
ENV-2026-00709,2026-07-22 20:07:00,Las Condes,9.8,48.0,56.7,Entregado con Atraso,Tráfico/Congestión,Motocicleta,4300.0
ENV-2026-00710,2026-08-15 18:09:00,Puente Alto,18.8,24.0,16.2,Entregado a Tiempo,Sin Falla,Camión 3.5T,6000.0
ENV-2026-00711,2026-08-16 04:13:00,San Bernardo,20.2,24.0,33.2,Fallido,Cliente Ausente,Motocicleta,6500.0
ENV-2026-00712,2026-07-21 12:41:00,Quilicura,24.0,24.0,27.9,Entregado con Atraso,Cliente Ausente,Camión 3.5T,6500.0
ENV-2026-00713,2026-07-21 02:09:00,Santiago,17.7,24.0,39.0,Fallido,Dirección Incorrecta,Motocicleta,5700.0
ENV-2026-00714,2026-07-14 03:21:00,Quilicura,11.7,48.0,58.8,Entregado con Atraso,Cliente Ausente,Furgón Eléctrico,4800.0
ENV-2026-00715,2026-07-30 09:22:00,Quilicura,21.3,24.0,16.7,Entregado a Tiempo,Sin Falla,Camión 3.5T,6400.0
ENV-2026-00716,2026-08-25 08:47:00,Puente Alto,5.7,24.0,59.5,Fallido,Cliente Ausente,Furgón 1.5T,3800.0
ENV-2026-00717,2026-08-03 08:33:00,Puente Alto,32.2,24.0,15.8,Entregado a Tiempo,Sin Falla,Camión 3.5T,8100.0
ENV-2026-00718,2026-08-11 07:32:00,Puente Alto,5.2,48.0,84.4,Fallido,Cliente Ausente,Motocicleta,3900.0
ENV-2026-00719,2026-08-18 00:56:00,San Bernardo,25.0,24.0,46.4,Fallido,Dirección Incorrecta,Motocicleta,6800.0
ENV-2026-00720,2026-08-17 17:29:00,Santiago,26.6,48.0,96.1,Fallido,Tráfico/Congestión,Furgón 1.5T,7300.0
ENV-2026-00721,2026-07-17 02:00:00,La Florida,14.9,24.0,9.7,Entregado a Tiempo,Sin Falla,Motocicleta,5300.0
ENV-2026-00722,2026-07-10 23:19:00,Maipú,12.4,48.0,50.8,Entregado con Atraso,Cliente Ausente,Furgón 1.5T,4900.0
ENV-2026-00723,2026-08-23 03:36:00,Las Condes,11.2,24.0,33.4,Fallido,Tráfico/Congestión,Furgón Eléctrico,4500.0
ENV-2026-00724,2026-08-09 13:53:00,Santiago,15.1,24.0,22.2,Entregado a Tiempo,Sin Falla,Furgón 1.5T,5600.0
ENV-2026-00725,2026-07-28 14:50:00,Maipú,31.9,24.0,47.7,Fallido,Dirección Incorrecta,Motocicleta,7900.0
ENV-2026-00726,2026-07-15 00:27:00,San Bernardo,7.9,24.0,22.8,Entregado a Tiempo,Sin Falla,Furgón 1.5T,4100.0
ENV-2026-00727,2026-08-24 06:11:00,San Bernardo,18.1,24.0,25.4,Entregado con Atraso,Cliente Ausente,Furgón Eléctrico,5900.0
ENV-2026-00728,2026-07-31 01:47:00,Santiago,18.5,48.0,79.5,Fallido,Zona Inaccesible,Furgón 1.5T,5600.0
ENV-2026-00729,2026-07-26 12:44:00,La Florida,16.1,48.0,67.5,Fallido,Dirección Incorrecta,Motocicleta,5600.0
ENV-2026-00730,2026-07-14 03:22:00,Quilicura,19.5,12.0,8.8,Entregado a Tiempo,Sin Falla,Furgón 1.5T,6300.0
ENV-2026-00731,2026-08-13 00:38:00,Maipú,20.6,24.0,18.2,Entregado a Tiempo,Sin Falla,Motocicleta,6300.0
ENV-2026-00732,2026-07-05 03:33:00,Quilicura,32.1,24.0,48.6,Fallido,Dirección Incorrecta,Furgón 1.5T,8300.0
ENV-2026-00733,2026-07-12 07:15:00,Quilicura,15.2,24.0,44.0,Fallido,Dirección Incorrecta,Furgón 1.5T,5100.0
ENV-2026-00734,2026-08-16 17:10:00,Maipú,23.9,24.0,16.8,Entregado a Tiempo,Sin Falla,Furgón 1.5T,6700.0
ENV-2026-00735,2026-07-21 06:45:00,San Bernardo,8.1,24.0,12.4,Entregado a Tiempo,Sin Falla,Motocicleta,4100.0
ENV-2026-00736,2026-08-09 02:18:00,Pudahuel,6.0,12.0,8.0,Entregado a Tiempo,Sin Falla,Furgón 1.5T,4100.0
ENV-2026-00737,2026-07-09 09:36:00,La Florida,33.7,24.0,18.5,Entregado a Tiempo,Sin Falla,Furgón 1.5T,8200.0
ENV-2026-00738,2026-08-25 04:43:00,Quilicura,28.6,24.0,15.2,Entregado a Tiempo,Sin Falla,Furgón 1.5T,7600.0
ENV-2026-00739,2026-07-06 10:15:00,Santiago,29.5,12.0,10.3,Entregado a Tiempo,Sin Falla,Motocicleta,7900.0
ENV-2026-00740,2026-07-02 22:55:00,San Bernardo,3.1,48.0,34.8,Entregado a Tiempo,Sin Falla,Furgón 1.5T,3300.0
ENV-2026-00741,2026-07-26 23:43:00,San Bernardo,21.6,24.0,18.1,Entregado a Tiempo,Sin Falla,Motocicleta,6300.0
ENV-2026-00742,2026-07-25 09:46:00,San Bernardo,16.0,24.0,32.9,Fallido,Dirección Incorrecta,Furgón Eléctrico,5900.0
ENV-2026-00743,2026-08-11 22:22:00,San Bernardo,12.0,48.0,42.3,Entregado a Tiempo,Sin Falla,Furgón 1.5T,4600.0
ENV-2026-00744,2026-08-23 23:52:00,Pudahuel,20.7,24.0,31.5,Fallido,Cliente Ausente,Furgón 1.5T,6400.0
ENV-2026-00745,2026-08-13 15:33:00,San Bernardo,14.3,12.0,8.1,Entregado a Tiempo,Sin Falla,Furgón 1.5T,5600.0
ENV-2026-00746,2026-08-27 11:38:00,Maipú,26.0,24.0,21.7,Entregado a Tiempo,Sin Falla,Motocicleta,7000.0
ENV-2026-00747,2026-08-11 06:20:00,Pudahuel,11.7,24.0,56.9,Fallido,Tráfico/Congestión,Furgón 1.5T,5100.0
ENV-2026-00748,2026-08-11 02:22:00,Las Condes,8.8,48.0,32.9,Entregado a Tiempo,Sin Falla,Furgón 1.5T,4300.0
ENV-2026-00749,2026-08-02 10:09:00,San Bernardo,16.6,24.0,46.7,Fallido,Dirección Incorrecta,Furgón Eléctrico,5900.0
ENV-2026-00750,2026-07-29 22:27:00,Las Condes,7.4,48.0,43.0,Entregado a Tiempo,Sin Falla,Furgón 1.5T,4100.0
ENV-2026-00751,2026-07-11 15:54:00,Maipú,34.4,24.0,22.2,Entregado a Tiempo,Sin Falla,Furgón 1.5T,8000.0
ENV-2026-00752,2026-07-03 10:55:00,Pudahuel,4.0,24.0,15.7,Entregado a Tiempo,Sin Falla,Motocicleta,4000.0
ENV-2026-00753,2026-08-11 18:22:00,La Florida,9.0,12.0,9.0,Entregado a Tiempo,Sin Falla,Furgón 1.5T,4600.0
ENV-2026-00754,2026-07-18 09:39:00,La Florida,22.2,12.0,20.7,Fallido,Cliente Ausente,Furgón 1.5T,6800.0
ENV-2026-00755,2026-07-23 06:54:00,Puente Alto,19.3,24.0,23.5,Entregado a Tiempo,Sin Falla,Motocicleta,6200.0
ENV-2026-00756,2026-07-26 09:34:00,San Bernardo,5.4,12.0,10.2,Entregado a Tiempo,Sin Falla,Motocicleta,3700.0
ENV-2026-00757,2026-08-17 11:04:00,Quilicura,33.5,48.0,68.9,Fallido,Cliente Ausente,Furgón 1.5T,8400.0
ENV-2026-00758,2026-07-08 05:59:00,Pudahuel,17.8,48.0,33.5,Entregado a Tiempo,Sin Falla,Motocicleta,5800.0
ENV-2026-00759,2026-07-23 07:25:00,Puente Alto,26.3,12.0,11.1,Entregado a Tiempo,Sin Falla,Furgón Eléctrico,6900.0
ENV-2026-00760,2026-07-19 13:00:00,Las Condes,33.7,48.0,28.6,Entregado a Tiempo,Sin Falla,Furgón Eléctrico,8400.0
ENV-2026-00761,2026-08-02 04:22:00,San Bernardo,14.9,24.0,22.9,Entregado a Tiempo,Sin Falla,Motocicleta,5600.0
ENV-2026-00762,2026-08-20 06:45:00,Las Condes,25.8,24.0,18.6,Entregado a Tiempo,Sin Falla,Furgón 1.5T,6700.0
ENV-2026-00763,2026-08-20 10:46:00,Las Condes,14.4,24.0,19.6,Entregado a Tiempo,Sin Falla,Furgón 1.5T,5300.0
ENV-2026-00764,2026-08-28 10:44:00,San Bernardo,10.0,48.0,57.7,Entregado con Atraso,Tráfico/Congestión,Motocicleta,4800.0
ENV-2026-00765,2026-07-30 13:54:00,La Florida,5.2,24.0,16.7,Entregado a Tiempo,Sin Falla,Furgón 1.5T,3700.0
ENV-2026-00766,2026-07-27 07:20:00,San Bernardo,4.8,24.0,19.5,Entregado a Tiempo,Sin Falla,Furgón 1.5T,3800.0
ENV-2026-00767,2026-08-24 17:05:00,Las Condes,11.0,24.0,34.6,Fallido,Zona Inaccesible,Furgón 1.5T,4900.0
ENV-2026-00768,2026-07-20 12:46:00,Pudahuel,26.1,12.0,11.1,Entregado a Tiempo,Sin Falla,Furgón 1.5T,6900.0
ENV-2026-00769,2026-07-25 03:27:00,Maipú,28.2,12.0,9.4,Entregado a Tiempo,Sin Falla,Furgón 1.5T,7200.0
ENV-2026-00770,2026-07-05 11:46:00,Puente Alto,21.2,24.0,37.9,Fallido,Dirección Incorrecta,Motocicleta,6500.0
ENV-2026-00771,2026-08-23 23:06:00,San Bernardo,5.1,12.0,12.7,Entregado con Atraso,Cliente Ausente,Furgón Eléctrico,3700.0
ENV-2026-00772,2026-08-27 21:11:00,Maipú,3.8,24.0,26.3,Entregado con Atraso,Cliente Ausente,Furgón 1.5T,3600.0
ENV-2026-00773,2026-08-09 23:22:00,Santiago,4.4,24.0,46.6,Fallido,Cliente Ausente,Motocicleta,3900.0
ENV-2026-00774,2026-08-02 16:23:00,Santiago,31.7,48.0,39.5,Entregado a Tiempo,Sin Falla,Furgón Eléctrico,8100.0
ENV-2026-00775,2026-08-15 04:57:00,Maipú,30.6,24.0,17.4,Entregado a Tiempo,Sin Falla,Furgón 1.5T,8100.0
ENV-2026-00776,2026-07-26 23:23:00,San Bernardo,25.9,24.0,41.0,Fallido,Dirección Incorrecta,Camión 3.5T,7100.0
ENV-2026-00777,2026-07-05 07:39:00,Pudahuel,9.7,48.0,106.2,Fallido,Tráfico/Congestión,Furgón 1.5T,4300.0
ENV-2026-00778,2026-08-12 00:43:00,Maipú,16.5,12.0,11.1,Entregado a Tiempo,Sin Falla,Furgón 1.5T,5500.0
ENV-2026-00779,2026-07-10 10:33:00,Puente Alto,33.0,12.0,13.3,Entregado con Atraso,Tráfico/Congestión,Motocicleta,8400.0
ENV-2026-00780,2026-08-17 15:12:00,Santiago,21.7,24.0,38.8,Fallido,Dirección Incorrecta,Furgón 1.5T,6200.0
ENV-2026-00781,2026-08-23 03:18:00,San Bernardo,30.8,24.0,18.2,Entregado a Tiempo,Sin Falla,Motocicleta,7900.0
ENV-2026-00782,2026-07-04 01:15:00,Puente Alto,8.5,12.0,13.4,Entregado con Atraso,Tráfico/Congestión,Motocicleta,4700.0
ENV-2026-00783,2026-08-19 18:23:00,Quilicura,14.1,24.0,16.3,Entregado a Tiempo,Sin Falla,Furgón Eléctrico,5500.0
ENV-2026-00784,2026-07-20 23:05:00,Santiago,5.9,12.0,16.6,Fallido,Cliente Ausente,Motocicleta,4100.0
ENV-2026-00785,2026-08-29 03:49:00,San Bernardo,30.1,12.0,13.7,Entregado con Atraso,Tráfico/Congestión,Motocicleta,7400.0
ENV-2026-00786,2026-08-11 21:44:00,Puente Alto,5.2,12.0,7.8,Entregado a Tiempo,Sin Falla,Furgón 1.5T,3700.0
ENV-2026-00787,2026-07-17 19:47:00,San Bernardo,19.0,12.0,21.6,Fallido,Cliente Ausente,Furgón 1.5T,5800.0
ENV-2026-00788,2026-07-13 17:11:00,La Florida,11.5,24.0,13.6,Entregado a Tiempo,Sin Falla,Furgón Eléctrico,5000.0
ENV-2026-00789,2026-07-23 08:15:00,Puente Alto,20.0,12.0,24.6,Fallido,Cliente Ausente,Furgón 1.5T,6400.0
ENV-2026-00790,2026-07-25 09:28:00,Las Condes,28.2,24.0,17.8,Entregado a Tiempo,Sin Falla,Furgón 1.5T,7500.0
ENV-2026-00791,2026-08-17 21:47:00,Santiago,6.3,12.0,8.3,Entregado a Tiempo,Sin Falla,Camión 3.5T,4300.0
ENV-2026-00792,2026-08-22 18:27:00,San Bernardo,6.5,12.0,6.7,Entregado a Tiempo,Sin Falla,Furgón 1.5T,4200.0
ENV-2026-00793,2026-08-15 07:37:00,Pudahuel,24.6,24.0,15.1,Entregado a Tiempo,Sin Falla,Motocicleta,6700.0
ENV-2026-00794,2026-07-04 08:06:00,San Bernardo,34.8,24.0,35.3,Fallido,Zona Inaccesible,Furgón 1.5T,8100.0
ENV-2026-00795,2026-07-26 01:27:00,Pudahuel,27.3,12.0,13.8,Entregado con Atraso,Cliente Ausente,Furgón 1.5T,7500.0
ENV-2026-00796,2026-08-27 18:13:00,La Florida,29.2,48.0,43.6,Entregado a Tiempo,Sin Falla,Furgón 1.5T,7700.0
ENV-2026-00797,2026-07-28 03:12:00,Pudahuel,16.6,48.0,41.0,Entregado a Tiempo,Sin Falla,Furgón 1.5T,5600.0
ENV-2026-00798,2026-08-18 10:46:00,San Bernardo,5.6,24.0,23.6,Entregado a Tiempo,Sin Falla,Motocicleta,4300.0
ENV-2026-00799,2026-08-09 08:09:00,Puente Alto,12.2,12.0,29.6,Fallido,Dirección Incorrecta,Furgón Eléctrico,5000.0
ENV-2026-00800,2026-07-28 10:45:00,Quilicura,22.3,12.0,11.9,Entregado a Tiempo,Sin Falla,Furgón 1.5T,6600.0
ENV-2026-00801,2026-07-01 05:44:00,Las Condes,15.2,24.0,20.3,Entregado a Tiempo,Sin Falla,Furgón 1.5T,5200.0
ENV-2026-00802,2026-07-02 16:06:00,San Bernardo,10.7,24.0,23.3,Entregado a Tiempo,Sin Falla,Motocicleta,4600.0
ENV-2026-00803,2026-07-05 16:02:00,Santiago,22.9,24.0,28.0,Entregado con Atraso,Tráfico/Congestión,Motocicleta,6900.0
ENV-2026-00804,2026-07-27 18:50:00,Quilicura,4.0,12.0,20.7,Fallido,Dirección Incorrecta,Motocicleta,3400.0
ENV-2026-00805,2026-08-17 18:48:00,Maipú,21.5,48.0,44.2,Entregado a Tiempo,Sin Falla,Motocicleta,6300.0
ENV-2026-00806,2026-07-03 04:47:00,Santiago,27.5,24.0,11.6,Entregado a Tiempo,Sin Falla,Furgón Eléctrico,7200.0
ENV-2026-00807,2026-07-24 02:03:00,San Bernardo,13.7,24.0,41.2,Fallido,Cliente Ausente,Furgón 1.5T,5200.0
ENV-2026-00808,2026-07-12 20:11:00,La Florida,14.3,24.0,16.4,Entregado a Tiempo,Sin Falla,Furgón Eléctrico,5200.0
ENV-2026-00809,2026-08-08 20:01:00,Maipú,18.6,12.0,11.6,Entregado a Tiempo,Sin Falla,Motocicleta,5700.0
ENV-2026-00810,2026-07-20 21:24:00,Maipú,17.2,48.0,23.3,Entregado a Tiempo,Sin Falla,Motocicleta,5700.0
ENV-2026-00811,2026-07-08 00:12:00,Santiago,21.0,48.0,38.9,Entregado a Tiempo,Sin Falla,Furgón Eléctrico,6000.0
ENV-2026-00812,2026-07-28 13:46:00,La Florida,26.3,24.0,12.4,Entregado a Tiempo,Sin Falla,Furgón 1.5T,6800.0
ENV-2026-00813,2026-07-07 15:30:00,Santiago,21.1,12.0,9.9,Entregado a Tiempo,Sin Falla,Furgón 1.5T,6200.0
ENV-2026-00814,2026-08-11 09:39:00,Las Condes,26.6,12.0,7.3,Entregado a Tiempo,Sin Falla,Furgón 1.5T,7300.0
ENV-2026-00815,2026-08-08 22:50:00,Las Condes,33.4,24.0,12.1,Entregado a Tiempo,Sin Falla,Motocicleta,8200.0
ENV-2026-00816,2026-08-21 21:25:00,Pudahuel,28.8,24.0,35.9,Fallido,Cliente Ausente,Furgón 1.5T,7700.0
ENV-2026-00817,2026-08-05 17:20:00,San Bernardo,13.0,24.0,25.6,Entregado con Atraso,Cliente Ausente,Furgón 1.5T,5200.0
ENV-2026-00818,2026-08-15 11:27:00,Santiago,21.5,12.0,7.9,Entregado a Tiempo,Sin Falla,Motocicleta,6600.0
ENV-2026-00819,2026-07-14 02:49:00,San Bernardo,23.4,48.0,51.8,Entregado con Atraso,Tráfico/Congestión,Furgón 1.5T,6400.0
ENV-2026-00820,2026-08-06 04:19:00,Maipú,33.6,12.0,11.6,Entregado a Tiempo,Sin Falla,Motocicleta,7900.0
ENV-2026-00821,2026-08-23 17:57:00,Santiago,30.3,24.0,22.6,Entregado a Tiempo,Sin Falla,Furgón 1.5T,7900.0
ENV-2026-00822,2026-07-15 14:31:00,San Bernardo,25.4,48.0,95.5,Fallido,Tráfico/Congestión,Furgón 1.5T,7100.0
ENV-2026-00823,2026-08-03 13:51:00,Las Condes,3.5,48.0,47.9,Entregado a Tiempo,Sin Falla,Camión 3.5T,3400.0
ENV-2026-00824,2026-07-26 13:51:00,San Bernardo,23.1,48.0,58.1,Entregado con Atraso,Cliente Ausente,Camión 3.5T,6600.0
ENV-2026-00825,2026-07-22 13:14:00,Santiago,27.4,24.0,21.9,Entregado a Tiempo,Sin Falla,Furgón 1.5T,7200.0
ENV-2026-00826,2026-07-02 04:09:00,Quilicura,17.6,24.0,35.4,Fallido,Zona Inaccesible,Furgón 1.5T,6000.0
ENV-2026-00827,2026-08-12 20:04:00,Pudahuel,30.4,48.0,26.0,Entregado a Tiempo,Sin Falla,Furgón Eléctrico,7500.0
ENV-2026-00828,2026-07-12 07:36:00,Puente Alto,10.7,24.0,13.9,Entregado a Tiempo,Sin Falla,Motocicleta,4600.0
ENV-2026-00829,2026-08-09 07:24:00,Puente Alto,9.3,24.0,14.0,Entregado a Tiempo,Sin Falla,Furgón 1.5T,4300.0
ENV-2026-00830,2026-07-25 02:24:00,Maipú,23.0,48.0,73.1,Fallido,Cliente Ausente,Motocicleta,6600.0
ENV-2026-00831,2026-08-12 20:11:00,Maipú,11.7,24.0,19.6,Entregado a Tiempo,Sin Falla,Furgón 1.5T,5000.0
ENV-2026-00832,2026-07-02 19:53:00,Santiago,31.0,24.0,11.2,Entregado a Tiempo,Sin Falla,Motocicleta,8000.0
ENV-2026-00833,2026-07-14 23:12:00,Las Condes,3.9,24.0,25.6,Entregado con Atraso,Tráfico/Congestión,Furgón 1.5T,3400.0
ENV-2026-00834,2026-08-27 17:16:00,Santiago,34.2,24.0,34.9,Fallido,Cliente Ausente,Motocicleta,8500.0
ENV-2026-00835,2026-08-16 13:05:00,San Bernardo,15.7,12.0,7.1,Entregado a Tiempo,Sin Falla,Camión 3.5T,5200.0
ENV-2026-00836,2026-08-02 23:02:00,Pudahuel,32.6,12.0,21.6,Fallido,Tráfico/Congestión,Furgón 1.5T,8000.0
ENV-2026-00837,2026-07-04 14:54:00,Maipú,33.7,24.0,24.3,Entregado con Atraso,Tráfico/Congestión,Furgón 1.5T,8300.0
ENV-2026-00838,2026-07-10 05:02:00,Quilicura,16.8,12.0,16.8,Fallido,Dirección Incorrecta,Furgón Eléctrico,5400.0
ENV-2026-00839,2026-08-20 14:22:00,San Bernardo,13.4,48.0,20.4,Entregado a Tiempo,Sin Falla,Motocicleta,5200.0
ENV-2026-00840,2026-07-14 02:02:00,Las Condes,12.8,48.0,34.5,Entregado a Tiempo,Sin Falla,Camión 3.5T,5000.0
ENV-2026-00841,2026-07-05 11:23:00,Las Condes,6.0,24.0,35.7,Fallido,Dirección Incorrecta,Furgón 1.5T,3700.0
ENV-2026-00842,2026-07-12 23:16:00,Santiago,14.4,24.0,23.1,Entregado a Tiempo,Sin Falla,Furgón 1.5T,5000.0
ENV-2026-00843,2026-07-03 06:18:00,Maipú,22.3,48.0,45.5,Entregado a Tiempo,Sin Falla,Motocicleta,6500.0
ENV-2026-00844,2026-08-03 15:07:00,Santiago,30.8,48.0,51.8,Entregado con Atraso,Cliente Ausente,Motocicleta,8000.0
ENV-2026-00845,2026-07-29 02:32:00,Las Condes,15.8,24.0,23.2,Entregado a Tiempo,Sin Falla,Furgón 1.5T,5200.0
ENV-2026-00846,2026-08-12 08:05:00,Quilicura,28.0,24.0,19.3,Entregado a Tiempo,Sin Falla,Furgón Eléctrico,7100.0
ENV-2026-00847,2026-07-29 21:12:00,San Bernardo,24.3,24.0,18.9,Entregado a Tiempo,Sin Falla,Camión 3.5T,6500.0
ENV-2026-00848,2026-08-23 04:08:00,Quilicura,3.9,48.0,34.9,Entregado a Tiempo,Sin Falla,Motocicleta,3700.0
ENV-2026-00849,2026-07-08 15:20:00,Pudahuel,22.3,48.0,58.1,Entregado con Atraso,Tráfico/Congestión,Camión 3.5T,6400.0
ENV-2026-00850,2026-07-04 17:16:00,Las Condes,30.5,12.0,5.8,Entregado a Tiempo,Sin Falla,Furgón 1.5T,7400.0
ENV-2026-00851,2026-07-04 15:57:00,Pudahuel,8.0,24.0,29.3,Entregado con Atraso,Tráfico/Congestión,Furgón 1.5T,4400.0
ENV-2026-00852,2026-07-13 06:23:00,San Bernardo,22.3,24.0,37.2,Fallido,Zona Inaccesible,Motocicleta,6500.0
ENV-2026-00853,2026-08-25 10:08:00,Quilicura,12.5,12.0,10.0,Entregado a Tiempo,Sin Falla,Furgón 1.5T,4900.0
ENV-2026-00854,2026-08-10 02:24:00,San Bernardo,5.5,24.0,29.0,Entregado con Atraso,Cliente Ausente,Motocicleta,3900.0
ENV-2026-00855,2026-07-03 16:18:00,Santiago,32.9,24.0,18.4,Entregado a Tiempo,Sin Falla,Camión 3.5T,8200.0
ENV-2026-00856,2026-08-12 01:53:00,Quilicura,5.9,24.0,16.7,Entregado a Tiempo,Sin Falla,Furgón 1.5T,3800.0
ENV-2026-00857,2026-08-05 09:12:00,San Bernardo,25.8,12.0,14.8,Entregado con Atraso,Tráfico/Congestión,Furgón 1.5T,7200.0
ENV-2026-00858,2026-08-14 08:36:00,Las Condes,32.4,48.0,110.6,Fallido,Dirección Incorrecta,Furgón 1.5T,7900.0
ENV-2026-00859,2026-07-12 16:17:00,Las Condes,3.8,12.0,11.1,Entregado a Tiempo,Sin Falla,Camión 3.5T,3600.0
ENV-2026-00860,2026-08-13 05:43:00,Puente Alto,14.9,12.0,10.8,Entregado a Tiempo,Sin Falla,Furgón 1.5T,5200.0
ENV-2026-00861,2026-07-24 01:30:00,Puente Alto,15.8,24.0,25.2,Entregado con Atraso,Tráfico/Congestión,Furgón 1.5T,5600.0
ENV-2026-00862,2026-08-09 20:48:00,San Bernardo,10.2,24.0,15.9,Entregado a Tiempo,Sin Falla,Furgón Eléctrico,4700.0
ENV-2026-00863,2026-07-18 12:52:00,Quilicura,6.6,12.0,25.5,Fallido,Cliente Ausente,Furgón Eléctrico,4100.0
ENV-2026-00864,2026-07-31 17:46:00,Puente Alto,24.0,48.0,67.0,Fallido,Tráfico/Congestión,Furgón 1.5T,6800.0
ENV-2026-00865,2026-07-24 02:02:00,La Florida,31.6,48.0,34.7,Entregado a Tiempo,Sin Falla,Motocicleta,8000.0
ENV-2026-00866,2026-07-30 13:39:00,Maipú,8.3,24.0,23.0,Entregado a Tiempo,Sin Falla,Furgón 1.5T,4200.0
ENV-2026-00867,2026-07-23 05:13:00,Quilicura,10.0,24.0,25.1,Entregado con Atraso,Tráfico/Congestión,Motocicleta,4800.0
ENV-2026-00868,2026-07-19 05:16:00,La Florida,12.7,48.0,66.1,Fallido,Cliente Ausente,Furgón Eléctrico,4900.0
ENV-2026-00869,2026-07-12 23:48:00,Pudahuel,17.2,24.0,17.0,Entregado a Tiempo,Sin Falla,Furgón 1.5T,5800.0
ENV-2026-00870,2026-07-18 13:47:00,San Bernardo,18.5,24.0,33.7,Fallido,Cliente Ausente,Camión 3.5T,6200.0
ENV-2026-00871,2026-08-09 03:41:00,San Bernardo,22.2,24.0,25.7,Entregado con Atraso,Tráfico/Congestión,Motocicleta,6700.0
ENV-2026-00872,2026-07-15 07:59:00,Puente Alto,24.6,24.0,42.7,Fallido,Cliente Ausente,Furgón Eléctrico,7000.0
ENV-2026-00873,2026-08-22 09:25:00,Santiago,27.2,12.0,10.1,Entregado a Tiempo,Sin Falla,Motocicleta,7100.0
ENV-2026-00874,2026-07-13 00:59:00,Santiago,27.0,24.0,29.2,Entregado con Atraso,Tráfico/Congestión,Motocicleta,6900.0
ENV-2026-00875,2026-08-22 01:01:00,Pudahuel,18.5,48.0,30.3,Entregado a Tiempo,Sin Falla,Camión 3.5T,6200.0
ENV-2026-00876,2026-08-24 02:30:00,La Florida,25.5,24.0,42.8,Fallido,Dirección Incorrecta,Furgón Eléctrico,7000.0
ENV-2026-00877,2026-08-08 16:43:00,Quilicura,17.3,24.0,13.4,Entregado a Tiempo,Sin Falla,Furgón 1.5T,5600.0
ENV-2026-00878,2026-08-20 15:18:00,Las Condes,16.8,24.0,27.9,Entregado con Atraso,Tráfico/Congestión,Motocicleta,5500.0
ENV-2026-00879,2026-07-12 04:28:00,Puente Alto,19.8,12.0,10.4,Entregado a Tiempo,Sin Falla,Furgón 1.5T,6200.0
ENV-2026-00880,2026-08-25 04:08:00,San Bernardo,4.3,24.0,16.1,Entregado a Tiempo,Sin Falla,Motocicleta,3500.0
ENV-2026-00881,2026-08-26 22:18:00,Santiago,24.0,24.0,29.5,Entregado con Atraso,Tráfico/Congestión,Furgón 1.5T,6900.0
ENV-2026-00882,2026-07-24 17:14:00,La Florida,9.7,48.0,89.8,Fallido,Cliente Ausente,Furgón 1.5T,4300.0
ENV-2026-00883,2026-07-19 10:26:00,San Bernardo,21.1,48.0,55.0,Entregado con Atraso,Tráfico/Congestión,Furgón 1.5T,6500.0
ENV-2026-00884,2026-07-16 21:38:00,La Florida,23.0,24.0,34.9,Fallido,Cliente Ausente,Furgón Eléctrico,6900.0
ENV-2026-00885,2026-08-18 19:15:00,Pudahuel,15.8,24.0,12.8,Entregado a Tiempo,Sin Falla,Furgón 1.5T,5800.0
ENV-2026-00886,2026-08-22 13:28:00,Puente Alto,26.6,12.0,12.7,Entregado con Atraso,Tráfico/Congestión,Furgón Eléctrico,7500.0
ENV-2026-00887,2026-07-28 18:17:00,Quilicura,9.1,24.0,24.8,Entregado con Atraso,Tráfico/Congestión,Motocicleta,4600.0
ENV-2026-00888,2026-08-09 07:18:00,Las Condes,29.4,24.0,15.0,Entregado a Tiempo,Sin Falla,Furgón 1.5T,7900.0
ENV-2026-00889,2026-07-15 18:07:00,Las Condes,7.9,24.0,52.6,Fallido,Dirección Incorrecta,Furgón 1.5T,4200.0
ENV-2026-00890,2026-07-13 22:27:00,San Bernardo,4.4,24.0,18.3,Entregado a Tiempo,Sin Falla,Motocicleta,4000.0
ENV-2026-00891,2026-08-10 00:43:00,Pudahuel,28.5,24.0,23.2,Entregado a Tiempo,Sin Falla,Furgón Eléctrico,7300.0
ENV-2026-00892,2026-07-30 00:26:00,Pudahuel,29.9,12.0,10.7,Entregado a Tiempo,Sin Falla,Furgón 1.5T,7800.0
ENV-2026-00893,2026-08-19 21:42:00,Puente Alto,27.9,24.0,20.7,Entregado a Tiempo,Sin Falla,Furgón Eléctrico,7100.0
ENV-2026-00894,2026-07-30 10:54:00,Pudahuel,7.3,24.0,18.8,Entregado a Tiempo,Sin Falla,Motocicleta,4200.0
ENV-2026-00895,2026-07-26 03:28:00,La Florida,10.1,24.0,22.1,Entregado a Tiempo,Sin Falla,Furgón 1.5T,4600.0
ENV-2026-00896,2026-07-26 21:45:00,Puente Alto,32.9,48.0,29.8,Entregado a Tiempo,Sin Falla,Furgón 1.5T,8000.0
ENV-2026-00897,2026-08-19 05:52:00,San Bernardo,23.9,48.0,25.8,Entregado a Tiempo,Sin Falla,Camión 3.5T,6500.0
ENV-2026-00898,2026-08-04 06:03:00,Pudahuel,33.6,12.0,8.2,Entregado a Tiempo,Sin Falla,Motocicleta,7900.0
ENV-2026-00899,2026-07-31 15:57:00,Santiago,24.0,24.0,25.6,Entregado con Atraso,Tráfico/Congestión,Furgón 1.5T,6500.0
ENV-2026-00900,2026-08-26 07:18:00,Maipú,10.2,24.0,9.9,Entregado a Tiempo,Sin Falla,Furgón 1.5T,4400.0
ENV-2026-00901,2026-07-19 12:23:00,Pudahuel,21.3,12.0,6.6,Entregado a Tiempo,Sin Falla,Camión 3.5T,6300.0
ENV-2026-00902,2026-07-11 05:13:00,San Bernardo,34.0,24.0,19.4,Entregado a Tiempo,Sin Falla,Furgón 1.5T,8300.0
ENV-2026-00903,2026-08-12 16:41:00,Puente Alto,14.9,12.0,11.7,Entregado a Tiempo,Sin Falla,Furgón 1.5T,5500.0
ENV-2026-00904,2026-07-22 21:25:00,San Bernardo,26.8,24.0,36.9,Fallido,Cliente Ausente,Furgón Eléctrico,7300.0
ENV-2026-00905,2026-08-29 03:33:00,Pudahuel,31.7,24.0,45.2,Fallido,Dirección Incorrecta,Furgón Eléctrico,7900.0
ENV-2026-00906,2026-07-02 16:51:00,La Florida,9.4,24.0,20.1,Entregado a Tiempo,Sin Falla,Motocicleta,4300.0
ENV-2026-00907,2026-07-25 05:23:00,Pudahuel,31.2,12.0,13.9,Entregado con Atraso,Tráfico/Congestión,Furgón 1.5T,7900.0
ENV-2026-00908,2026-07-21 12:13:00,Pudahuel,10.8,24.0,22.9,Entregado a Tiempo,Sin Falla,Furgón 1.5T,4700.0
ENV-2026-00909,2026-07-27 07:18:00,Santiago,28.9,48.0,53.5,Entregado con Atraso,Cliente Ausente,Furgón Eléctrico,7800.0
ENV-2026-00910,2026-08-04 23:08:00,Pudahuel,33.9,48.0,48.4,Entregado con Atraso,Tráfico/Congestión,Furgón 1.5T,8400.0
ENV-2026-00911,2026-07-10 08:04:00,La Florida,20.4,12.0,10.0,Entregado a Tiempo,Sin Falla,Motocicleta,6500.0
ENV-2026-00912,2026-07-03 04:00:00,Puente Alto,20.7,48.0,42.5,Entregado a Tiempo,Sin Falla,Motocicleta,6300.0
ENV-2026-00913,2026-07-31 08:48:00,Puente Alto,31.2,24.0,19.4,Entregado a Tiempo,Sin Falla,Furgón 1.5T,8000.0
ENV-2026-00914,2026-08-01 23:54:00,Santiago,10.7,24.0,11.0,Entregado a Tiempo,Sin Falla,Furgón 1.5T,4600.0
ENV-2026-00915,2026-07-12 07:42:00,Santiago,10.9,24.0,29.8,Entregado con Atraso,Tráfico/Congestión,Furgón 1.5T,4700.0
ENV-2026-00916,2026-08-23 01:04:00,La Florida,17.2,24.0,30.3,Entregado con Atraso,Tráfico/Congestión,Furgón Eléctrico,5700.0
ENV-2026-00917,2026-08-24 12:35:00,Pudahuel,29.5,24.0,20.4,Entregado a Tiempo,Sin Falla,Furgón 1.5T,7700.0
ENV-2026-00918,2026-08-16 16:23:00,Maipú,27.1,12.0,13.8,Entregado con Atraso,Cliente Ausente,Camión 3.5T,7300.0
ENV-2026-00919,2026-07-25 04:01:00,Pudahuel,17.5,24.0,20.4,Entregado a Tiempo,Sin Falla,Furgón Eléctrico,6100.0
ENV-2026-00920,2026-07-09 01:07:00,Maipú,24.3,24.0,17.2,Entregado a Tiempo,Sin Falla,Furgón Eléctrico,7000.0
ENV-2026-00921,2026-07-16 23:40:00,San Bernardo,33.5,24.0,16.2,Entregado a Tiempo,Sin Falla,Furgón 1.5T,7800.0
ENV-2026-00922,2026-07-31 12:52:00,Santiago,20.6,48.0,46.2,Entregado a Tiempo,Sin Falla,Camión 3.5T,6000.0
ENV-2026-00923,2026-07-15 14:57:00,La Florida,29.6,24.0,14.4,Entregado a Tiempo,Sin Falla,Motocicleta,7800.0
ENV-2026-00924,2026-08-21 02:22:00,La Florida,14.5,48.0,43.7,Entregado a Tiempo,Sin Falla,Furgón 1.5T,5300.0
ENV-2026-00925,2026-07-24 12:58:00,Pudahuel,24.9,12.0,8.6,Entregado a Tiempo,Sin Falla,Furgón 1.5T,7100.0
ENV-2026-00926,2026-07-08 15:29:00,La Florida,32.1,24.0,20.3,Entregado a Tiempo,Sin Falla,Motocicleta,8200.0
ENV-2026-00927,2026-07-08 13:33:00,Santiago,20.5,48.0,49.4,Entregado con Atraso,Tráfico/Congestión,Furgón 1.5T,5900.0
ENV-2026-00928,2026-07-19 06:08:00,La Florida,3.2,24.0,20.9,Entregado a Tiempo,Sin Falla,Furgón 1.5T,3400.0
ENV-2026-00929,2026-08-02 00:31:00,Quilicura,24.4,24.0,20.2,Entregado a Tiempo,Sin Falla,Furgón 1.5T,6700.0
ENV-2026-00930,2026-08-13 05:17:00,San Bernardo,27.4,24.0,43.5,Fallido,Cliente Ausente,Motocicleta,7100.0
ENV-2026-00931,2026-08-21 06:49:00,Puente Alto,12.7,12.0,11.2,Entregado a Tiempo,Sin Falla,Camión 3.5T,5100.0
ENV-2026-00932,2026-07-25 08:26:00,Las Condes,3.0,24.0,15.9,Entregado a Tiempo,Sin Falla,Furgón Eléctrico,3500.0
ENV-2026-00933,2026-08-23 01:06:00,San Bernardo,28.7,24.0,12.7,Entregado a Tiempo,Sin Falla,Furgón Eléctrico,7700.0
ENV-2026-00934,2026-07-17 07:55:00,Las Condes,10.2,24.0,34.1,Fallido,Cliente Ausente,Furgón 1.5T,4600.0
ENV-2026-00935,2026-07-07 01:44:00,Puente Alto,15.9,24.0,11.7,Entregado a Tiempo,Sin Falla,Furgón Eléctrico,5200.0
ENV-2026-00936,2026-08-29 22:27:00,Las Condes,11.9,48.0,63.8,Fallido,Dirección Incorrecta,Motocicleta,5000.0
ENV-2026-00937,2026-08-12 16:30:00,Puente Alto,15.2,12.0,12.3,Entregado con Atraso,Cliente Ausente,Furgón 1.5T,5700.0
ENV-2026-00938,2026-08-04 16:15:00,Pudahuel,28.0,24.0,25.3,Entregado con Atraso,Tráfico/Congestión,Furgón 1.5T,7000.0
ENV-2026-00939,2026-07-23 20:06:00,Maipú,33.4,12.0,16.0,Fallido,Cliente Ausente,Furgón Eléctrico,8300.0
ENV-2026-00940,2026-07-17 01:55:00,Las Condes,29.9,24.0,33.5,Fallido,Cliente Ausente,Motocicleta,7800.0
ENV-2026-00941,2026-08-29 12:36:00,Las Condes,24.5,48.0,27.1,Entregado a Tiempo,Sin Falla,Furgón 1.5T,6800.0
ENV-2026-00942,2026-07-05 12:58:00,La Florida,15.6,12.0,20.9,Fallido,Cliente Ausente,Camión 3.5T,5200.0
ENV-2026-00943,2026-07-30 11:35:00,Las Condes,33.5,24.0,34.5,Fallido,Tráfico/Congestión,Furgón 1.5T,8000.0
ENV-2026-00944,2026-08-20 06:04:00,La Florida,29.4,24.0,16.6,Entregado a Tiempo,Sin Falla,Furgón 1.5T,7300.0
ENV-2026-00945,2026-08-27 11:36:00,Maipú,13.3,24.0,20.7,Entregado a Tiempo,Sin Falla,Furgón Eléctrico,5300.0
ENV-2026-00946,2026-07-30 05:34:00,Santiago,18.5,24.0,12.3,Entregado a Tiempo,Sin Falla,Furgón Eléctrico,5700.0
ENV-2026-00947,2026-07-15 01:21:00,La Florida,33.9,24.0,30.1,Entregado con Atraso,Tráfico/Congestión,Furgón 1.5T,8300.0
ENV-2026-00948,2026-07-14 08:20:00,Quilicura,25.7,12.0,20.8,Fallido,Cliente Ausente,Furgón 1.5T,7000.0
ENV-2026-00949,2026-07-04 02:48:00,San Bernardo,22.1,24.0,18.8,Entregado a Tiempo,Sin Falla,Furgón 1.5T,6100.0
ENV-2026-00950,2026-08-11 10:01:00,Santiago,34.9,48.0,55.0,Entregado con Atraso,Tráfico/Congestión,Camión 3.5T,8500.0
ENV-2026-00951,2026-08-22 02:00:00,San Bernardo,26.1,24.0,27.4,Entregado con Atraso,Tráfico/Congestión,Furgón 1.5T,7000.0
ENV-2026-00952,2026-07-24 07:26:00,Maipú,34.3,12.0,11.3,Entregado a Tiempo,Sin Falla,Furgón Eléctrico,8200.0
ENV-2026-00953,2026-08-20 19:56:00,Pudahuel,16.9,48.0,67.8,Fallido,Tráfico/Congestión,Furgón 1.5T,5500.0
ENV-2026-00954,2026-07-30 04:18:00,La Florida,24.0,48.0,18.3,Entregado a Tiempo,Sin Falla,Furgón Eléctrico,6700.0
ENV-2026-00955,2026-07-28 11:48:00,Maipú,4.3,24.0,16.9,Entregado a Tiempo,Sin Falla,Furgón 1.5T,3600.0
ENV-2026-00956,2026-08-26 19:35:00,Las Condes,24.6,24.0,25.9,Entregado con Atraso,Cliente Ausente,Furgón 1.5T,6600.0
ENV-2026-00957,2026-08-11 04:36:00,San Bernardo,21.6,24.0,23.8,Entregado a Tiempo,Sin Falla,Furgón Eléctrico,6300.0
ENV-2026-00958,2026-07-09 13:05:00,Maipú,19.5,24.0,17.8,Entregado a Tiempo,Sin Falla,Motocicleta,6300.0
ENV-2026-00959,2026-07-17 00:17:00,Las Condes,24.6,24.0,27.8,Entregado con Atraso,Tráfico/Congestión,Motocicleta,6600.0
ENV-2026-00960,2026-08-27 23:32:00,Quilicura,27.4,24.0,13.2,Entregado a Tiempo,Sin Falla,Furgón 1.5T,7200.0
ENV-2026-00961,2026-07-15 20:18:00,Quilicura,33.6,12.0,10.9,Entregado a Tiempo,Sin Falla,Furgón 1.5T,7900.0
ENV-2026-00962,2026-08-06 06:18:00,Santiago,31.5,24.0,9.9,Entregado a Tiempo,Sin Falla,Furgón Eléctrico,7600.0
ENV-2026-00963,2026-08-05 12:42:00,Puente Alto,24.5,24.0,13.9,Entregado a Tiempo,Sin Falla,Furgón 1.5T,6900.0
ENV-2026-00964,2026-08-11 06:13:00,Las Condes,34.0,48.0,53.9,Entregado con Atraso,Cliente Ausente,Furgón 1.5T,8100.0
ENV-2026-00965,2026-07-08 06:16:00,La Florida,11.5,24.0,25.3,Entregado con Atraso,Tráfico/Congestión,Furgón Eléctrico,5000.0
ENV-2026-00966,2026-08-10 01:00:00,San Bernardo,15.0,24.0,16.4,Entregado a Tiempo,Sin Falla,Furgón 1.5T,5700.0
ENV-2026-00967,2026-08-17 20:27:00,Las Condes,22.0,24.0,15.7,Entregado a Tiempo,Sin Falla,Motocicleta,6100.0
ENV-2026-00968,2026-08-13 18:46:00,La Florida,29.3,24.0,44.9,Fallido,Dirección Incorrecta,Furgón Eléctrico,7700.0
ENV-2026-00969,2026-07-01 08:54:00,Maipú,15.7,24.0,22.4,Entregado a Tiempo,Sin Falla,Furgón 1.5T,5700.0
ENV-2026-00970,2026-07-16 13:54:00,Pudahuel,32.8,48.0,62.0,Entregado con Atraso,Tráfico/Congestión,Furgón 1.5T,8200.0
ENV-2026-00971,2026-07-07 08:45:00,Pudahuel,3.7,48.0,47.1,Entregado a Tiempo,Sin Falla,Camión 3.5T,3800.0
ENV-2026-00972,2026-08-15 04:18:00,San Bernardo,10.6,24.0,14.8,Entregado a Tiempo,Sin Falla,Furgón 1.5T,4600.0
ENV-2026-00973,2026-08-23 08:12:00,La Florida,18.2,12.0,15.7,Fallido,Cliente Ausente,Furgón 1.5T,5700.0
ENV-2026-00974,2026-07-08 15:42:00,Pudahuel,5.0,12.0,12.1,Entregado con Atraso,Tráfico/Congestión,Furgón 1.5T,4000.0
ENV-2026-00975,2026-07-25 18:34:00,Puente Alto,9.8,24.0,19.2,Entregado a Tiempo,Sin Falla,Motocicleta,4300.0
ENV-2026-00976,2026-08-19 03:47:00,Puente Alto,15.0,24.0,16.8,Entregado a Tiempo,Sin Falla,Furgón 1.5T,5600.0
ENV-2026-00977,2026-07-25 22:50:00,San Bernardo,19.1,24.0,40.9,Fallido,Dirección Incorrecta,Camión 3.5T,5700.0
ENV-2026-00978,2026-08-17 22:52:00,Santiago,6.9,24.0,22.9,Entregado a Tiempo,Sin Falla,Motocicleta,4200.0
ENV-2026-00979,2026-08-05 02:18:00,Pudahuel,20.4,24.0,24.3,Entregado con Atraso,Tráfico/Congestión,Motocicleta,6000.0
ENV-2026-00980,2026-08-07 17:21:00,San Bernardo,5.9,12.0,10.1,Entregado a Tiempo,Sin Falla,Motocicleta,4300.0
ENV-2026-00981,2026-07-21 23:36:00,La Florida,6.5,24.0,21.2,Entregado a Tiempo,Sin Falla,Motocicleta,4500.0
ENV-2026-00982,2026-08-18 13:08:00,Quilicura,5.4,24.0,18.3,Entregado a Tiempo,Sin Falla,Furgón 1.5T,4200.0
ENV-2026-00983,2026-08-20 16:35:00,Quilicura,12.5,48.0,21.8,Entregado a Tiempo,Sin Falla,Furgón 1.5T,5300.0
ENV-2026-00984,2026-08-02 05:33:00,Las Condes,12.4,12.0,6.3,Entregado a Tiempo,Sin Falla,Motocicleta,4900.0
ENV-2026-00985,2026-07-01 10:53:00,Quilicura,16.3,24.0,18.2,Entregado a Tiempo,Sin Falla,Furgón 1.5T,5900.0
ENV-2026-00986,2026-08-24 05:22:00,Maipú,26.5,12.0,12.9,Entregado con Atraso,Tráfico/Congestión,Furgón 1.5T,7400.0
ENV-2026-00987,2026-08-11 08:58:00,Maipú,10.6,24.0,13.4,Entregado a Tiempo,Sin Falla,Furgón Eléctrico,4700.0
ENV-2026-00988,2026-08-14 21:59:00,Maipú,19.6,24.0,24.7,Entregado con Atraso,Tráfico/Congestión,Furgón 1.5T,5800.0
ENV-2026-00989,2026-07-06 04:03:00,San Bernardo,25.5,48.0,20.6,Entregado a Tiempo,Sin Falla,Furgón Eléctrico,7300.0
ENV-2026-00990,2026-08-27 17:51:00,Santiago,13.8,48.0,46.2,Entregado a Tiempo,Sin Falla,Furgón 1.5T,5500.0
ENV-2026-00991,2026-07-16 19:09:00,Maipú,20.3,24.0,21.5,Entregado a Tiempo,Sin Falla,Furgón 1.5T,6400.0
ENV-2026-00992,2026-07-07 20:49:00,Pudahuel,19.2,48.0,65.5,Fallido,Cliente Ausente,Furgón Eléctrico,5900.0
ENV-2026-00993,2026-08-27 17:28:00,Pudahuel,7.9,48.0,60.2,Entregado con Atraso,Tráfico/Congestión,Furgón Eléctrico,4200.0
ENV-2026-00994,2026-07-10 11:11:00,Puente Alto,7.3,24.0,26.4,Entregado con Atraso,Tráfico/Congestión,Furgón 1.5T,4400.0
ENV-2026-00995,2026-07-05 11:44:00,Quilicura,11.4,24.0,33.2,Fallido,Cliente Ausente,Furgón 1.5T,5000.0
ENV-2026-00996,2026-07-23 18:34:00,Maipú,32.0,24.0,26.3,Entregado con Atraso,Tráfico/Congestión,Furgón 1.5T,7600.0
ENV-2026-00997,2026-08-18 08:05:00,La Florida,6.2,24.0,20.7,Entregado a Tiempo,Sin Falla,Furgón 1.5T,4400.0
ENV-2026-00998,2026-08-23 21:01:00,Santiago,21.7,24.0,24.7,Entregado con Atraso,Tráfico/Congestión,Motocicleta,6200.0
ENV-2026-00999,2026-08-27 12:51:00,San Bernardo,14.2,24.0,13.6,Entregado a Tiempo,Sin Falla,Furgón 1.5T,5300.0
ENV-2026-01000,2026-07-12 02:28:00,Puente Alto,3.4,24.0,18.0,Entregado a Tiempo,Sin Falla,Furgón 1.5T,3700.0
ENV-2026-01001,2026-07-28 07:21:00,Santiago,15.8,24.0,33.8,Fallido,Zona Inaccesible,Furgón Eléctrico,5300.0
ENV-2026-01002,2026-08-23 06:02:00,Puente Alto,3.6,12.0,16.8,Fallido,Cliente Ausente,Motocicleta,3600.0
ENV-2026-01003,2026-08-26 11:52:00,San Bernardo,21.1,24.0,27.9,Entregado con Atraso,Tráfico/Congestión,Furgón 1.5T,6100.0
ENV-2026-01004,2026-07-01 04:48:00,Santiago,30.4,24.0,34.2,Fallido,Cliente Ausente,Motocicleta,7500.0
ENV-2026-01005,2026-08-22 20:37:00,Las Condes,17.4,48.0,47.1,Entregado a Tiempo,Sin Falla,Furgón Eléctrico,6100.0
ENV-2026-01006,2026-07-04 14:47:00,Santiago,30.4,24.0,27.4,Entregado con Atraso,Tráfico/Congestión,Furgón 1.5T,7800.0
ENV-2026-01007,2026-07-27 05:23:00,Las Condes,6.0,12.0,11.5,Entregado a Tiempo,Sin Falla,Furgón Eléctrico,4100.0
ENV-2026-01008,2026-08-14 15:24:00,Quilicura,34.5,24.0,22.1,Entregado a Tiempo,Sin Falla,Furgón 1.5T,8600.0
ENV-2026-01009,2026-08-02 16:59:00,Puente Alto,22.7,24.0,16.6,Entregado a Tiempo,Sin Falla,Furgón 1.5T,6300.0
ENV-2026-01010,2026-07-01 20:18:00,Santiago,3.1,24.0,27.2,Entregado con Atraso,Cliente Ausente,Camión 3.5T,3800.0
ENV-2026-01011,2026-08-16 16:15:00,Pudahuel,14.5,12.0,14.0,Entregado con Atraso,Tráfico/Congestión,Motocicleta,5400.0
ENV-2026-01012,2026-07-23 13:32:00,Quilicura,9.3,48.0,73.7,Fallido,Cliente Ausente,Furgón 1.5T,4600.0
ENV-2026-01013,2026-08-01 12:36:00,Maipú,21.4,12.0,19.0,Fallido,Dirección Incorrecta,Furgón 1.5T,6200.0
ENV-2026-01014,2026-08-29 22:36:00,Puente Alto,24.7,24.0,25.8,Entregado con Atraso,Tráfico/Congestión,Motocicleta,7200.0
ENV-2026-01015,2026-08-14 03:45:00,Maipú,22.3,24.0,25.0,Entregado con Atraso,Tráfico/Congestión,Motocicleta,6700.0
ENV-2026-01016,2026-07-13 20:36:00,Santiago,30.3,24.0,12.9,Entregado a Tiempo,Sin Falla,Furgón 1.5T,8000.0
ENV-2026-01017,2026-07-25 06:59:00,Las Condes,24.8,24.0,17.9,Entregado a Tiempo,Sin Falla,Motocicleta,6700.0
ENV-2026-01018,2026-08-02 12:37:00,Maipú,16.0,12.0,12.5,Entregado con Atraso,Cliente Ausente,Camión 3.5T,5200.0
ENV-2026-01019,2026-07-28 10:36:00,La Florida,30.6,24.0,25.9,Entregado con Atraso,Tráfico/Congestión,Furgón Eléctrico,7700.0
ENV-2026-01020,2026-08-08 17:15:00,La Florida,25.5,24.0,11.8,Entregado a Tiempo,Sin Falla,Furgón 1.5T,7300.0
ENV-2026-01021,2026-07-22 12:04:00,Quilicura,27.7,24.0,26.9,Entregado con Atraso,Tráfico/Congestión,Motocicleta,7300.0
ENV-2026-01022,2026-07-20 15:40:00,San Bernardo,31.5,24.0,21.1,Entregado a Tiempo,Sin Falla,Motocicleta,7700.0
ENV-2026-01023,2026-08-05 21:51:00,Quilicura,15.4,12.0,10.8,Entregado a Tiempo,Sin Falla,Furgón 1.5T,5500.0
ENV-2026-01024,2026-07-15 20:51:00,San Bernardo,18.2,12.0,9.4,Entregado a Tiempo,Sin Falla,Motocicleta,5500.0
ENV-2026-01025,2026-07-24 15:55:00,Pudahuel,18.6,48.0,66.2,Fallido,Dirección Incorrecta,Furgón 1.5T,6100.0
ENV-2026-01026,2026-08-04 04:17:00,Las Condes,9.3,12.0,11.7,Entregado a Tiempo,Sin Falla,Furgón 1.5T,4200.0
ENV-2026-01027,2026-08-03 23:19:00,Las Condes,15.5,48.0,57.1,Entregado con Atraso,Tráfico/Congestión,Motocicleta,5500.0
ENV-2026-01028,2026-07-10 09:39:00,La Florida,33.0,24.0,37.3,Fallido,Cliente Ausente,Motocicleta,8300.0
ENV-2026-01029,2026-07-14 22:37:00,Maipú,24.9,48.0,57.4,Entregado con Atraso,Tráfico/Congestión,Motocicleta,6800.0
ENV-2026-01030,2026-07-15 16:52:00,Quilicura,16.9,24.0,18.8,Entregado a Tiempo,Sin Falla,Camión 3.5T,5800.0
ENV-2026-01031,2026-07-24 20:48:00,Las Condes,9.0,24.0,39.5,Fallido,Tráfico/Congestión,Furgón 1.5T,4300.0
ENV-2026-01032,2026-07-22 00:50:00,La Florida,33.9,12.0,8.7,Entregado a Tiempo,Sin Falla,Motocicleta,8300.0
ENV-2026-01033,2026-07-31 13:43:00,San Bernardo,22.1,24.0,30.1,Entregado con Atraso,Cliente Ausente,Furgón 1.5T,6500.0
ENV-2026-01034,2026-08-07 10:56:00,Quilicura,30.0,12.0,31.7,Fallido,Dirección Incorrecta,Motocicleta,7600.0
ENV-2026-01035,2026-08-01 06:44:00,Las Condes,7.6,24.0,23.7,Entregado a Tiempo,Sin Falla,Motocicleta,4200.0
ENV-2026-01036,2026-07-17 16:53:00,San Bernardo,22.8,24.0,13.1,Entregado a Tiempo,Sin Falla,Furgón Eléctrico,6200.0
ENV-2026-01037,2026-08-22 21:07:00,Quilicura,19.9,24.0,42.9,Fallido,Cliente Ausente,Furgón 1.5T,6100.0
ENV-2026-01038,2026-07-30 05:01:00,La Florida,26.8,12.0,12.7,Entregado con Atraso,Tráfico/Congestión,Camión 3.5T,6900.0
ENV-2026-01039,2026-08-10 00:41:00,San Bernardo,27.2,48.0,68.0,Fallido,Cliente Ausente,Motocicleta,7500.0
ENV-2026-01040,2026-07-18 12:30:00,Las Condes,34.7,12.0,13.1,Entregado con Atraso,Tráfico/Congestión,Motocicleta,8200.0
ENV-2026-01041,2026-07-15 07:32:00,Maipú,33.2,24.0,29.9,Entregado con Atraso,Tráfico/Congestión,Motocicleta,7900.0
ENV-2026-01042,2026-08-06 00:02:00,Santiago,19.5,24.0,34.7,Fallido,Cliente Ausente,Motocicleta,5900.0
ENV-2026-01043,2026-08-23 12:07:00,Pudahuel,26.5,48.0,53.5,Entregado con Atraso,Tráfico/Congestión,Furgón 1.5T,7200.0
ENV-2026-01044,2026-07-31 11:54:00,San Bernardo,9.5,24.0,37.5,Fallido,Dirección Incorrecta,Furgón 1.5T,4600.0
ENV-2026-01045,2026-07-02 12:23:00,Maipú,11.5,24.0,19.2,Entregado a Tiempo,Sin Falla,Motocicleta,4700.0
ENV-2026-01046,2026-08-17 22:33:00,Maipú,31.7,24.0,29.9,Entregado con Atraso,Tráfico/Congestión,Motocicleta,7800.0
ENV-2026-01047,2026-07-12 18:14:00,San Bernardo,24.2,24.0,23.5,Entregado a Tiempo,Sin Falla,Furgón 1.5T,6900.0
ENV-2026-01048,2026-07-16 11:00:00,La Florida,12.4,48.0,63.8,Fallido,Zona Inaccesible,Furgón 1.5T,4700.0
ENV-2026-01049,2026-07-07 20:39:00,Las Condes,22.4,24.0,23.4,Entregado a Tiempo,Sin Falla,Motocicleta,6800.0
ENV-2026-01050,2026-07-03 11:25:00,San Bernardo,22.2,12.0,20.7,Fallido,Tráfico/Congestión,Furgón 1.5T,6400.0
ENV-2026-01051,2026-08-03 18:55:00,Quilicura,21.8,24.0,41.4,Fallido,Tráfico/Congestión,Furgón 1.5T,6300.0
ENV-2026-01052,2026-08-22 05:51:00,Puente Alto,31.1,24.0,35.2,Fallido,Tráfico/Congestión,Motocicleta,7900.0
ENV-2026-01053,2026-07-04 07:25:00,Puente Alto,31.9,24.0,24.1,Entregado con Atraso,Cliente Ausente,Furgón Eléctrico,8000.0
ENV-2026-01054,2026-07-21 03:08:00,San Bernardo,18.4,24.0,25.0,Entregado con Atraso,Tráfico/Congestión,Furgón 1.5T,5700.0
ENV-2026-01055,2026-08-14 08:49:00,Las Condes,26.1,24.0,15.2,Entregado a Tiempo,Sin Falla,Motocicleta,6900.0
ENV-2026-01056,2026-07-01 06:42:00,Pudahuel,4.2,24.0,15.1,Entregado a Tiempo,Sin Falla,Furgón 1.5T,3900.0
ENV-2026-01057,2026-08-28 10:46:00,San Bernardo,5.5,12.0,9.2,Entregado a Tiempo,Sin Falla,Furgón Eléctrico,4000.0
ENV-2026-01058,2026-08-18 16:26:00,Las Condes,18.4,12.0,11.5,Entregado a Tiempo,Sin Falla,Furgón 1.5T,6200.0
ENV-2026-01059,2026-07-21 04:31:00,Maipú,16.4,24.0,12.8,Entregado a Tiempo,Sin Falla,Motocicleta,5900.0
ENV-2026-01060,2026-08-01 12:28:00,San Bernardo,25.1,24.0,18.3,Entregado a Tiempo,Sin Falla,Furgón 1.5T,6800.0
ENV-2026-01061,2026-08-11 14:37:00,La Florida,23.2,24.0,18.3,Entregado a Tiempo,Sin Falla,Motocicleta,6900.0
ENV-2026-01062,2026-08-15 03:45:00,Santiago,8.2,24.0,22.0,Entregado a Tiempo,Sin Falla,Furgón Eléctrico,4700.0
ENV-2026-01063,2026-08-22 23:19:00,Pudahuel,15.4,24.0,14.4,Entregado a Tiempo,Sin Falla,Furgón 1.5T,5800.0
ENV-2026-01064,2026-08-23 03:07:00,Maipú,11.2,48.0,78.7,Fallido,Cliente Ausente,Motocicleta,5000.0
ENV-2026-01065,2026-07-23 07:49:00,San Bernardo,27.4,24.0,6.5,Entregado a Tiempo,Sin Falla,Furgón 1.5T,7100.0
ENV-2026-01066,2026-07-10 22:13:00,Las Condes,29.1,24.0,29.6,Entregado con Atraso,Cliente Ausente,Furgón 1.5T,7200.0
ENV-2026-01067,2026-07-12 06:18:00,Quilicura,11.6,24.0,36.4,Fallido,Dirección Incorrecta,Furgón 1.5T,4800.0
ENV-2026-01068,2026-08-22 18:46:00,Santiago,3.3,24.0,32.7,Fallido,Cliente Ausente,Furgón 1.5T,3900.0
ENV-2026-01069,2026-07-21 03:05:00,La Florida,14.4,48.0,50.0,Entregado con Atraso,Tráfico/Congestión,Furgón 1.5T,5100.0
ENV-2026-01070,2026-08-16 09:46:00,Maipú,3.4,24.0,14.7,Entregado a Tiempo,Sin Falla,Furgón 1.5T,3500.0
ENV-2026-01071,2026-07-31 20:33:00,Maipú,3.4,24.0,17.0,Entregado a Tiempo,Sin Falla,Camión 3.5T,3300.0
ENV-2026-01072,2026-08-16 13:43:00,Quilicura,7.5,24.0,36.3,Fallido,Dirección Incorrecta,Motocicleta,3900.0
ENV-2026-01073,2026-08-19 01:22:00,Pudahuel,26.5,48.0,67.0,Fallido,Dirección Incorrecta,Furgón 1.5T,7200.0
ENV-2026-01074,2026-07-19 08:07:00,Quilicura,13.0,48.0,47.6,Entregado a Tiempo,Sin Falla,Camión 3.5T,5400.0
ENV-2026-01075,2026-08-02 17:24:00,Santiago,26.3,48.0,45.0,Entregado a Tiempo,Sin Falla,Furgón 1.5T,7300.0
ENV-2026-01076,2026-07-21 00:58:00,Santiago,19.6,24.0,22.2,Entregado a Tiempo,Sin Falla,Furgón 1.5T,6000.0
ENV-2026-01077,2026-07-29 05:59:00,La Florida,18.3,24.0,33.3,Fallido,Dirección Incorrecta,Camión 3.5T,6100.0
ENV-2026-01078,2026-08-06 17:14:00,Santiago,33.2,12.0,18.2,Fallido,Cliente Ausente,Furgón 1.5T,8100.0
ENV-2026-01079,2026-07-24 08:26:00,La Florida,27.6,12.0,21.9,Fallido,Dirección Incorrecta,Furgón 1.5T,7100.0
ENV-2026-01080,2026-07-19 10:58:00,Santiago,34.8,12.0,9.9,Entregado a Tiempo,Sin Falla,Camión 3.5T,8700.0
ENV-2026-01081,2026-08-06 21:53:00,Pudahuel,22.3,24.0,11.7,Entregado a Tiempo,Sin Falla,Furgón 1.5T,6800.0
ENV-2026-01082,2026-07-09 03:04:00,Santiago,6.5,48.0,25.3,Entregado a Tiempo,Sin Falla,Motocicleta,4400.0
ENV-2026-01083,2026-07-02 04:15:00,Maipú,6.0,24.0,16.6,Entregado a Tiempo,Sin Falla,Furgón 1.5T,3800.0
ENV-2026-01084,2026-07-14 20:42:00,Quilicura,16.3,24.0,41.1,Fallido,Cliente Ausente,Furgón 1.5T,5400.0
ENV-2026-01085,2026-07-21 17:15:00,Santiago,27.2,24.0,21.3,Entregado a Tiempo,Sin Falla,Furgón 1.5T,7400.0
ENV-2026-01086,2026-07-30 16:29:00,Las Condes,19.8,24.0,22.2,Entregado a Tiempo,Sin Falla,Motocicleta,6100.0
ENV-2026-01087,2026-08-04 19:47:00,San Bernardo,24.9,24.0,27.9,Entregado con Atraso,Tráfico/Congestión,Furgón 1.5T,6600.0
ENV-2026-01088,2026-07-15 09:28:00,La Florida,9.4,12.0,12.5,Entregado con Atraso,Cliente Ausente,Motocicleta,4400.0
ENV-2026-01089,2026-08-26 12:48:00,San Bernardo,27.9,24.0,11.8,Entregado a Tiempo,Sin Falla,Furgón Eléctrico,7500.0
ENV-2026-01090,2026-08-23 22:29:00,Puente Alto,33.7,12.0,17.9,Fallido,Tráfico/Congestión,Motocicleta,8000.0
ENV-2026-01091,2026-08-12 20:50:00,Santiago,30.4,24.0,33.3,Fallido,Dirección Incorrecta,Furgón 1.5T,7800.0
ENV-2026-01092,2026-08-11 03:29:00,La Florida,3.7,24.0,23.6,Entregado a Tiempo,Sin Falla,Camión 3.5T,3700.0
ENV-2026-01093,2026-08-04 10:08:00,Puente Alto,5.8,24.0,28.3,Entregado con Atraso,Tráfico/Congestión,Furgón 1.5T,4000.0
ENV-2026-01094,2026-07-26 09:39:00,Quilicura,32.5,24.0,22.0,Entregado a Tiempo,Sin Falla,Motocicleta,8300.0
ENV-2026-01095,2026-07-04 14:11:00,Quilicura,7.7,24.0,12.7,Entregado a Tiempo,Sin Falla,Furgón Eléctrico,4000.0
ENV-2026-01096,2026-08-26 10:27:00,Maipú,23.6,24.0,21.2,Entregado a Tiempo,Sin Falla,Furgón 1.5T,6700.0
ENV-2026-01097,2026-07-26 20:42:00,La Florida,34.9,48.0,28.4,Entregado a Tiempo,Sin Falla,Motocicleta,8400.0
ENV-2026-01098,2026-08-07 17:44:00,Puente Alto,33.3,24.0,25.3,Entregado con Atraso,Tráfico/Congestión,Furgón 1.5T,8200.0
ENV-2026-01099,2026-08-05 04:14:00,Maipú,6.0,12.0,10.8,Entregado a Tiempo,Sin Falla,Camión 3.5T,4100.0
ENV-2026-01100,2026-07-06 00:02:00,La Florida,13.7,24.0,29.5,Entregado con Atraso,Tráfico/Congestión,Furgón 1.5T,5200.0
ENV-2026-01101,2026-08-24 16:20:00,Las Condes,7.7,24.0,13.1,Entregado a Tiempo,Sin Falla,Furgón 1.5T,4100.0
ENV-2026-01102,2026-08-06 05:38:00,Santiago,5.2,24.0,16.8,Entregado a Tiempo,Sin Falla,Motocicleta,3900.0
ENV-2026-01103,2026-08-04 18:03:00,Pudahuel,24.3,24.0,64.0,Fallido,Cliente Ausente,Furgón 1.5T,7100.0
ENV-2026-01104,2026-08-01 20:03:00,Puente Alto,33.8,48.0,74.8,Fallido,Zona Inaccesible,Furgón 1.5T,7900.0
ENV-2026-01105,2026-07-01 00:51:00,La Florida,33.8,12.0,8.5,Entregado a Tiempo,Sin Falla,Furgón 1.5T,7900.0
ENV-2026-01106,2026-08-06 23:20:00,Maipú,33.1,24.0,41.4,Fallido,Cliente Ausente,Furgón 1.5T,8000.0
ENV-2026-01107,2026-07-11 02:46:00,Maipú,17.7,24.0,41.2,Fallido,Tráfico/Congestión,Furgón Eléctrico,5700.0
ENV-2026-01108,2026-07-04 17:52:00,Puente Alto,22.8,24.0,15.2,Entregado a Tiempo,Sin Falla,Motocicleta,6600.0
ENV-2026-01109,2026-07-22 14:53:00,San Bernardo,14.9,24.0,17.0,Entregado a Tiempo,Sin Falla,Furgón 1.5T,5000.0
ENV-2026-01110,2026-07-23 23:51:00,Quilicura,24.4,24.0,23.5,Entregado a Tiempo,Sin Falla,Furgón 1.5T,6700.0
ENV-2026-01111,2026-07-27 18:26:00,Puente Alto,6.3,24.0,34.1,Fallido,Cliente Ausente,Motocicleta,4000.0
ENV-2026-01112,2026-07-02 20:20:00,Quilicura,11.8,12.0,18.7,Fallido,Tráfico/Congestión,Motocicleta,5100.0
ENV-2026-01113,2026-08-22 12:28:00,Quilicura,5.9,24.0,24.0,Entregado a Tiempo,Sin Falla,Camión 3.5T,4200.0
ENV-2026-01114,2026-07-12 11:27:00,Quilicura,9.5,24.0,17.0,Entregado a Tiempo,Sin Falla,Furgón 1.5T,4500.0
ENV-2026-01115,2026-08-15 11:39:00,La Florida,34.4,24.0,47.0,Fallido,Cliente Ausente,Furgón 1.5T,8000.0
ENV-2026-01116,2026-07-17 04:25:00,Quilicura,15.6,48.0,94.8,Fallido,Cliente Ausente,Motocicleta,5200.0
ENV-2026-01117,2026-08-05 06:10:00,Maipú,27.3,24.0,21.3,Entregado a Tiempo,Sin Falla,Furgón Eléctrico,7200.0
ENV-2026-01118,2026-07-14 21:55:00,Maipú,10.9,24.0,28.2,Entregado con Atraso,Cliente Ausente,Furgón 1.5T,5000.0
ENV-2026-01119,2026-08-25 09:53:00,Pudahuel,27.0,24.0,43.3,Fallido,Tráfico/Congestión,Motocicleta,7000.0
ENV-2026-01120,2026-07-22 01:50:00,Las Condes,26.5,48.0,49.9,Entregado con Atraso,Tráfico/Congestión,Furgón 1.5T,7000.0
ENV-2026-01121,2026-07-25 02:08:00,San Bernardo,26.9,24.0,31.8,Fallido,Cliente Ausente,Motocicleta,7400.0
ENV-2026-01122,2026-07-04 11:21:00,Quilicura,15.0,24.0,20.9,Entregado a Tiempo,Sin Falla,Furgón Eléctrico,5500.0
ENV-2026-01123,2026-07-11 09:15:00,Pudahuel,27.8,48.0,41.4,Entregado a Tiempo,Sin Falla,Furgón 1.5T,7100.0
ENV-2026-01124,2026-08-21 08:46:00,Maipú,29.2,24.0,26.9,Entregado con Atraso,Cliente Ausente,Motocicleta,7800.0
ENV-2026-01125,2026-07-05 07:49:00,Las Condes,26.6,24.0,14.1,Entregado a Tiempo,Sin Falla,Furgón 1.5T,7000.0
ENV-2026-01126,2026-07-17 18:57:00,Las Condes,11.1,24.0,15.1,Entregado a Tiempo,Sin Falla,Furgón 1.5T,4800.0
ENV-2026-01127,2026-08-03 05:24:00,Pudahuel,34.5,48.0,108.9,Fallido,Cliente Ausente,Furgón 1.5T,8100.0
ENV-2026-01128,2026-08-24 18:27:00,La Florida,9.9,24.0,17.2,Entregado a Tiempo,Sin Falla,Motocicleta,4300.0
ENV-2026-01129,2026-07-25 23:09:00,Puente Alto,33.5,48.0,75.6,Fallido,Cliente Ausente,Furgón 1.5T,8000.0
ENV-2026-01130,2026-07-16 13:53:00,Quilicura,18.8,24.0,21.5,Entregado a Tiempo,Sin Falla,Furgón 1.5T,5700.0
ENV-2026-01131,2026-07-26 19:57:00,Santiago,24.3,24.0,33.3,Fallido,Tráfico/Congestión,Furgón 1.5T,7100.0
ENV-2026-01132,2026-07-24 15:56:00,La Florida,16.0,24.0,27.7,Entregado con Atraso,Cliente Ausente,Furgón Eléctrico,5300.0
ENV-2026-01133,2026-07-30 02:06:00,Maipú,32.2,24.0,24.0,Entregado a Tiempo,Sin Falla,Furgón Eléctrico,8100.0
ENV-2026-01134,2026-07-29 14:30:00,Maipú,34.5,12.0,12.4,Entregado con Atraso,Tráfico/Congestión,Motocicleta,8200.0
ENV-2026-01135,2026-07-28 00:53:00,Quilicura,7.8,12.0,15.5,Entregado con Atraso,Tráfico/Congestión,Camión 3.5T,4500.0
ENV-2026-01136,2026-08-13 19:48:00,Maipú,11.2,48.0,34.9,Entregado a Tiempo,Sin Falla,Furgón 1.5T,4700.0
ENV-2026-01137,2026-07-04 05:34:00,Santiago,20.4,12.0,10.2,Entregado a Tiempo,Sin Falla,Furgón Eléctrico,6000.0
ENV-2026-01138,2026-07-19 00:30:00,Las Condes,33.3,48.0,42.6,Entregado a Tiempo,Sin Falla,Motocicleta,8400.0
ENV-2026-01139,2026-08-06 22:37:00,Santiago,15.4,24.0,19.1,Entregado a Tiempo,Sin Falla,Motocicleta,5700.0
ENV-2026-01140,2026-08-23 00:43:00,San Bernardo,32.0,48.0,57.6,Entregado con Atraso,Tráfico/Congestión,Furgón 1.5T,7900.0
ENV-2026-01141,2026-08-12 18:05:00,San Bernardo,22.7,12.0,13.8,Entregado con Atraso,Tráfico/Congestión,Motocicleta,6400.0
ENV-2026-01142,2026-07-20 12:22:00,Puente Alto,11.7,24.0,28.1,Entregado con Atraso,Cliente Ausente,Camión 3.5T,4900.0
ENV-2026-01143,2026-08-16 22:01:00,Puente Alto,10.1,48.0,85.2,Fallido,Cliente Ausente,Motocicleta,4400.0
ENV-2026-01144,2026-07-18 01:27:00,Maipú,29.0,48.0,40.1,Entregado a Tiempo,Sin Falla,Motocicleta,7500.0
ENV-2026-01145,2026-08-17 18:37:00,Maipú,21.0,48.0,52.7,Entregado con Atraso,Tráfico/Congestión,Furgón 1.5T,6500.0
ENV-2026-01146,2026-07-08 18:46:00,Las Condes,23.3,24.0,26.1,Entregado con Atraso,Tráfico/Congestión,Furgón 1.5T,6600.0
ENV-2026-01147,2026-07-31 10:48:00,San Bernardo,5.0,24.0,12.5,Entregado a Tiempo,Sin Falla,Furgón 1.5T,3900.0
ENV-2026-01148,2026-08-14 19:49:00,Las Condes,4.4,24.0,40.2,Fallido,Dirección Incorrecta,Motocicleta,3500.0
ENV-2026-01149,2026-07-07 00:32:00,Pudahuel,22.4,12.0,15.6,Entregado con Atraso,Tráfico/Congestión,Furgón 1.5T,6500.0
ENV-2026-01150,2026-07-05 14:18:00,Puente Alto,19.8,12.0,15.3,Entregado con Atraso,Tráfico/Congestión,Furgón 1.5T,5900.0
ENV-2026-01151,2026-07-02 14:54:00,Pudahuel,27.7,12.0,14.9,Entregado con Atraso,Tráfico/Congestión,Furgón 1.5T,7200.0
ENV-2026-01152,2026-07-20 11:32:00,San Bernardo,22.3,12.0,8.2,Entregado a Tiempo,Sin Falla,Furgón 1.5T,6800.0
ENV-2026-01153,2026-08-22 02:38:00,La Florida,14.4,24.0,17.5,Entregado a Tiempo,Sin Falla,Furgón Eléctrico,5000.0
ENV-2026-01154,2026-07-20 18:17:00,Puente Alto,24.8,24.0,26.4,Entregado con Atraso,Tráfico/Congestión,Furgón 1.5T,7100.0
ENV-2026-01155,2026-08-29 00:53:00,San Bernardo,9.1,24.0,16.2,Entregado a Tiempo,Sin Falla,Motocicleta,4500.0
ENV-2026-01156,2026-08-12 03:13:00,San Bernardo,19.8,12.0,15.8,Fallido,Tráfico/Congestión,Furgón 1.5T,5800.0
ENV-2026-01157,2026-07-07 13:15:00,Puente Alto,14.8,24.0,37.1,Fallido,Dirección Incorrecta,Furgón 1.5T,5200.0
ENV-2026-01158,2026-07-28 16:14:00,La Florida,15.1,48.0,46.6,Entregado a Tiempo,Sin Falla,Furgón Eléctrico,5700.0
ENV-2026-01159,2026-08-13 23:56:00,Pudahuel,30.2,48.0,35.9,Entregado a Tiempo,Sin Falla,Camión 3.5T,7500.0
ENV-2026-01160,2026-08-09 20:28:00,Santiago,32.3,12.0,5.9,Entregado a Tiempo,Sin Falla,Furgón 1.5T,8100.0
ENV-2026-01161,2026-07-11 22:30:00,Maipú,33.7,24.0,28.0,Entregado con Atraso,Cliente Ausente,Camión 3.5T,8100.0
ENV-2026-01162,2026-07-07 07:09:00,Maipú,11.2,24.0,14.3,Entregado a Tiempo,Sin Falla,Furgón 1.5T,5100.0
ENV-2026-01163,2026-07-04 08:32:00,Quilicura,18.7,24.0,23.8,Entregado a Tiempo,Sin Falla,Furgón 1.5T,5700.0
ENV-2026-01164,2026-08-24 05:19:00,San Bernardo,24.5,24.0,19.8,Entregado a Tiempo,Sin Falla,Furgón 1.5T,6500.0
ENV-2026-01165,2026-08-06 01:49:00,La Florida,34.2,12.0,15.4,Entregado con Atraso,Tráfico/Congestión,Furgón 1.5T,8200.0
ENV-2026-01166,2026-07-29 08:49:00,San Bernardo,24.5,24.0,54.1,Fallido,Cliente Ausente,Furgón 1.5T,6900.0
ENV-2026-01167,2026-07-20 10:10:00,La Florida,14.9,24.0,35.6,Fallido,Cliente Ausente,Furgón 1.5T,5000.0
ENV-2026-01168,2026-08-08 10:09:00,San Bernardo,16.6,24.0,23.0,Entregado a Tiempo,Sin Falla,Furgón 1.5T,5400.0
ENV-2026-01169,2026-08-07 21:04:00,Maipú,6.2,48.0,41.9,Entregado a Tiempo,Sin Falla,Furgón 1.5T,4100.0
ENV-2026-01170,2026-08-05 13:54:00,Pudahuel,22.7,24.0,26.5,Entregado con Atraso,Cliente Ausente,Furgón 1.5T,6500.0
ENV-2026-01171,2026-08-24 05:20:00,Maipú,13.0,24.0,20.0,Entregado a Tiempo,Sin Falla,Furgón 1.5T,4900.0
ENV-2026-01172,2026-07-19 15:32:00,Las Condes,14.3,24.0,16.5,Entregado a Tiempo,Sin Falla,Motocicleta,5600.0
ENV-2026-01173,2026-07-27 05:43:00,Las Condes,32.8,24.0,23.0,Entregado a Tiempo,Sin Falla,Motocicleta,8000.0
ENV-2026-01174,2026-08-22 16:35:00,Maipú,21.3,48.0,49.1,Entregado con Atraso,Tráfico/Congestión,Motocicleta,6300.0
ENV-2026-01175,2026-08-02 18:00:00,Pudahuel,4.0,24.0,47.8,Fallido,Cliente Ausente,Motocicleta,4000.0
ENV-2026-01176,2026-07-14 22:31:00,Maipú,11.9,12.0,16.5,Fallido,Cliente Ausente,Furgón 1.5T,4900.0
ENV-2026-01177,2026-08-08 09:44:00,Pudahuel,13.2,24.0,14.3,Entregado a Tiempo,Sin Falla,Furgón 1.5T,5200.0
ENV-2026-01178,2026-08-14 02:50:00,Puente Alto,29.1,24.0,28.3,Entregado con Atraso,Tráfico/Congestión,Furgón Eléctrico,7700.0
ENV-2026-01179,2026-07-29 22:06:00,San Bernardo,14.2,48.0,86.6,Fallido,Cliente Ausente,Furgón Eléctrico,5400.0
ENV-2026-01180,2026-08-02 03:17:00,Santiago,25.9,12.0,11.1,Entregado a Tiempo,Sin Falla,Furgón 1.5T,7200.0
ENV-2026-01181,2026-08-17 03:44:00,San Bernardo,4.2,24.0,20.6,Entregado a Tiempo,Sin Falla,Motocicleta,3500.0
ENV-2026-01182,2026-08-16 05:05:00,Quilicura,19.6,24.0,11.9,Entregado a Tiempo,Sin Falla,Furgón 1.5T,6200.0
ENV-2026-01183,2026-07-28 13:23:00,La Florida,24.7,24.0,15.6,Entregado a Tiempo,Sin Falla,Furgón 1.5T,6800.0
ENV-2026-01184,2026-08-01 06:41:00,Pudahuel,18.1,48.0,29.2,Entregado a Tiempo,Sin Falla,Furgón 1.5T,5700.0
ENV-2026-01185,2026-07-12 09:40:00,Maipú,19.1,12.0,11.4,Entregado a Tiempo,Sin Falla,Camión 3.5T,5800.0
ENV-2026-01186,2026-07-13 18:41:00,San Bernardo,19.7,24.0,18.7,Entregado a Tiempo,Sin Falla,Furgón 1.5T,6400.0
ENV-2026-01187,2026-08-12 14:43:00,Quilicura,19.5,48.0,31.7,Entregado a Tiempo,Sin Falla,Furgón 1.5T,5800.0
ENV-2026-01188,2026-07-10 14:35:00,Las Condes,17.2,24.0,24.1,Entregado con Atraso,Tráfico/Congestión,Furgón 1.5T,5700.0
ENV-2026-01189,2026-07-25 06:57:00,La Florida,4.3,24.0,14.7,Entregado a Tiempo,Sin Falla,Motocicleta,4100.0
ENV-2026-01190,2026-08-11 03:46:00,Santiago,22.1,48.0,47.8,Entregado a Tiempo,Sin Falla,Camión 3.5T,6200.0
ENV-2026-01191,2026-08-12 07:19:00,Quilicura,5.7,48.0,26.2,Entregado a Tiempo,Sin Falla,Furgón 1.5T,4300.0
ENV-2026-01192,2026-08-29 02:52:00,San Bernardo,7.2,24.0,11.0,Entregado a Tiempo,Sin Falla,Furgón Eléctrico,3900.0
ENV-2026-01193,2026-08-18 11:32:00,La Florida,34.8,12.0,11.0,Entregado a Tiempo,Sin Falla,Furgón 1.5T,8300.0
ENV-2026-01194,2026-07-11 13:19:00,Quilicura,15.7,24.0,32.7,Fallido,Cliente Ausente,Motocicleta,5500.0
ENV-2026-01195,2026-08-08 10:22:00,Pudahuel,8.4,48.0,66.5,Fallido,Cliente Ausente,Furgón Eléctrico,4400.0
ENV-2026-01196,2026-08-21 00:02:00,Maipú,25.4,12.0,13.3,Entregado con Atraso,Cliente Ausente,Motocicleta,7100.0
ENV-2026-01197,2026-08-12 18:25:00,Maipú,15.3,24.0,24.6,Entregado con Atraso,Tráfico/Congestión,Motocicleta,5200.0
ENV-2026-01198,2026-08-06 03:25:00,Las Condes,4.9,12.0,15.5,Entregado con Atraso,Tráfico/Congestión,Furgón Eléctrico,4000.0
ENV-2026-01199,2026-08-05 02:45:00,San Bernardo,32.5,12.0,13.2,Entregado con Atraso,Tráfico/Congestión,Furgón 1.5T,8300.0
ENV-2026-01200,2026-08-20 09:30:00,Puente Alto,20.7,24.0,26.0,Entregado con Atraso,Tráfico/Congestión,Furgón 1.5T,6200.0
