ID_Transaccion,Fecha_Hora,Monto_CLP,Medio_Pago,Pasarela_Origen,Pais_IP,Dispositivo,Score_Riesgo_Engine,Intentos_Fallidos_Previos,Es_Fraude
TXN-2026-00001,2026-01-04 03:57:00,18000.0,Tarjeta Credito,Mercado Pago,Chile,Web Desktop,0.4,0,0
TXN-2026-00002,2026-05-24 22:11:00,20400.0,Prepago Digital,Kushki,Chile,Web Mobile,0.35,0,0
TXN-2026-00003,2026-08-08 08:23:00,24400.0,Tarjeta Credito,Getnet,Chile,Web Mobile,0.43,0,0
TXN-2026-00004,2026-02-06 19:51:00,92900.0,Tarjeta Debito,Kushki,Chile,Mobile App Android,0.38,0,0
TXN-2026-00005,2026-04-05 01:40:00,39900.0,Tarjeta Debito,Kushki,Chile,Mobile App Android,0.23,1,0
TXN-2026-00006,2026-04-26 17:33:00,54400.0,Tarjeta Debito,Getnet,Perú,Mobile App iOS,0.9,5,1
TXN-2026-00007,2026-05-28 01:46:00,18700.0,Tarjeta Credito,Webpay Plus,Chile,Web Mobile,0.29,0,0
TXN-2026-00008,2026-05-16 14:12:00,22200.0,Tarjeta Debito,Mercado Pago,Chile,Mobile App Android,0.35,0,0
TXN-2026-00009,2026-03-01 11:06:00,151600.0,Tarjeta Debito,Getnet,Chile,Web Desktop,0.3,0,0
TXN-2026-00010,2026-05-31 05:34:00,96300.0,Tarjeta Credito,Mercado Pago,Chile,Mobile App iOS,0.06,0,0
TXN-2026-00011,2026-07-23 14:51:00,11400.0,Tarjeta Debito,Webpay Plus,Chile,Web Desktop,0.16,0,0
TXN-2026-00012,2026-05-25 10:06:00,15200.0,Tarjeta Debito,Mercado Pago,Chile,Mobile App Android,0.45,0,0
TXN-2026-00013,2026-01-07 15:09:00,4100.0,Tarjeta Credito,Mercado Pago,Chile,Web Mobile,0.43,0,0
TXN-2026-00014,2026-07-16 16:05:00,314800.0,Tarjeta Debito,Getnet,Chile,Web Mobile,0.66,4,1
TXN-2026-00015,2026-02-16 13:00:00,9400.0,Tarjeta Credito,Webpay Plus,Chile,Mobile App iOS,0.22,0,0
TXN-2026-00016,2026-07-07 04:49:00,20100.0,Tarjeta Debito,Kushki,Chile,Web Mobile,0.37,0,0
TXN-2026-00017,2026-03-09 21:36:00,25200.0,Tarjeta Credito,Mercado Pago,Chile,Mobile App Android,0.04,0,0
TXN-2026-00018,2026-01-01 05:07:00,51400.0,Prepago Digital,Kushki,EE.UU.,Mobile App iOS,0.31,0,0
TXN-2026-00019,2026-03-16 02:46:00,108600.0,Tarjeta Credito,Getnet,Perú,Mobile App iOS,0.79,3,1
TXN-2026-00020,2026-03-13 17:31:00,6900.0,Tarjeta Credito,Getnet,Chile,Mobile App Android,0.2,0,0
TXN-2026-00021,2026-01-07 19:09:00,28400.0,Prepago Digital,Mercado Pago,Chile,Mobile App Android,0.3,0,0
TXN-2026-00022,2026-02-01 16:34:00,4800.0,Tarjeta Credito,Mercado Pago,EE.UU.,Web Mobile,0.4,0,0
TXN-2026-00023,2026-01-15 15:48:00,14000.0,Transferencia Khipu,Mercado Pago,Chile,Mobile App Android,0.39,0,0
TXN-2026-00024,2026-07-12 19:09:00,5400.0,Tarjeta Debito,Mercado Pago,Chile,Mobile App Android,0.3,0,0
TXN-2026-00025,2026-06-23 14:48:00,20700.0,Tarjeta Credito,Getnet,Chile,Mobile App iOS,0.44,0,0
TXN-2026-00026,2026-02-24 09:49:00,33000.0,Tarjeta Credito,Kushki,Chile,Web Desktop,0.39,0,0
TXN-2026-00027,2026-03-09 15:24:00,24800.0,Tarjeta Debito,Webpay Plus,Argentina,Mobile App Android,0.19,1,0
TXN-2026-00028,2026-06-23 04:18:00,554000.0,Tarjeta Debito,Kushki,Chile,Mobile App iOS,0.66,2,1
TXN-2026-00029,2026-08-17 07:32:00,7000.0,Tarjeta Credito,Mercado Pago,Chile,Mobile App Android,0.14,0,0
TXN-2026-00030,2026-03-18 01:36:00,1600.0,Tarjeta Debito,Getnet,Chile,Mobile App Android,0.44,0,0
TXN-2026-00031,2026-07-05 05:59:00,73100.0,Tarjeta Debito,Webpay Plus,Chile,Mobile App Android,0.15,0,0
TXN-2026-00032,2026-08-16 12:23:00,40000.0,Tarjeta Credito,Getnet,Chile,Web Desktop,0.34,0,0
TXN-2026-00033,2026-08-21 18:57:00,8400.0,Tarjeta Debito,Getnet,Chile,Web Mobile,0.27,0,0
TXN-2026-00034,2026-05-27 18:47:00,11200.0,Tarjeta Credito,Kushki,Perú,Mobile App Android,0.26,0,0
TXN-2026-00035,2026-01-31 00:25:00,18400.0,Tarjeta Credito,Webpay Plus,Chile,Web Mobile,0.42,1,0
TXN-2026-00036,2026-05-16 06:00:00,48500.0,Tarjeta Debito,Mercado Pago,Chile,Mobile App iOS,0.35,0,0
TXN-2026-00037,2026-05-22 13:07:00,10800.0,Tarjeta Debito,Webpay Plus,Argentina,Mobile App iOS,0.22,0,0
TXN-2026-00038,2026-02-26 03:55:00,108700.0,Tarjeta Debito,Webpay Plus,Perú,Web Desktop,0.66,3,1
TXN-2026-00039,2026-06-22 12:46:00,5600.0,Tarjeta Credito,Webpay Plus,EE.UU.,Web Mobile,0.24,0,0
TXN-2026-00040,2026-05-09 18:04:00,49500.0,Tarjeta Credito,Webpay Plus,Chile,Web Mobile,0.15,0,0
TXN-2026-00041,2026-04-02 09:16:00,12600.0,Tarjeta Credito,Webpay Plus,Argentina,Web Mobile,0.12,0,0
TXN-2026-00042,2026-04-02 03:17:00,6800.0,Tarjeta Credito,Getnet,Chile,Mobile App Android,0.3,0,0
TXN-2026-00043,2026-07-17 12:45:00,41300.0,Tarjeta Credito,Mercado Pago,Chile,Web Desktop,0.02,1,0
TXN-2026-00044,2026-08-17 04:30:00,72800.0,Tarjeta Debito,Getnet,Perú,Mobile App iOS,0.05,1,0
TXN-2026-00045,2026-04-24 09:36:00,12900.0,Tarjeta Credito,Mercado Pago,Chile,Web Mobile,0.26,0,0
TXN-2026-00046,2026-01-05 00:17:00,7800.0,Tarjeta Credito,Webpay Plus,Chile,Mobile App Android,0.1,0,0
TXN-2026-00047,2026-03-11 03:51:00,33900.0,Transferencia Khipu,Webpay Plus,Chile,Web Desktop,0.44,0,0
TXN-2026-00048,2026-05-06 05:43:00,16100.0,Tarjeta Debito,Getnet,Chile,Web Desktop,0.15,0,0
TXN-2026-00049,2026-06-12 18:07:00,2700.0,Prepago Digital,Webpay Plus,Chile,Mobile App iOS,0.15,0,0
TXN-2026-00050,2026-01-18 08:25:00,9900.0,Tarjeta Credito,Getnet,EE.UU.,Web Desktop,0.05,0,0
TXN-2026-00051,2026-08-04 23:55:00,7400.0,Tarjeta Credito,Kushki,Chile,Web Mobile,0.38,1,0
TXN-2026-00052,2026-07-21 10:18:00,42400.0,Tarjeta Debito,Mercado Pago,Chile,Mobile App Android,0.13,1,0
TXN-2026-00053,2026-07-16 17:22:00,9300.0,Tarjeta Credito,Webpay Plus,Chile,Mobile App Android,0.36,0,0
TXN-2026-00054,2026-01-20 14:54:00,40100.0,Transferencia Khipu,Mercado Pago,Chile,Mobile App iOS,0.33,0,0
TXN-2026-00055,2026-08-24 05:20:00,65500.0,Tarjeta Credito,Getnet,Chile,Web Desktop,0.05,1,0
TXN-2026-00056,2026-02-15 23:37:00,40800.0,Transferencia Khipu,Webpay Plus,Chile,Web Desktop,0.11,0,0
TXN-2026-00057,2026-07-14 06:12:00,22900.0,Tarjeta Credito,Getnet,Argentina,Web Desktop,0.29,1,0
TXN-2026-00058,2026-01-13 23:22:00,33400.0,Tarjeta Debito,Getnet,Chile,Mobile App iOS,0.09,0,0
TXN-2026-00059,2026-01-13 10:30:00,14600.0,Tarjeta Credito,Getnet,Chile,Web Desktop,0.35,0,0
TXN-2026-00060,2026-01-01 17:14:00,42300.0,Tarjeta Debito,Webpay Plus,Chile,Mobile App iOS,0.41,0,0
TXN-2026-00061,2026-08-25 04:28:00,13500.0,Tarjeta Debito,Kushki,Argentina,Mobile App iOS,0.31,0,0
TXN-2026-00062,2026-07-19 09:57:00,6300.0,Tarjeta Credito,Webpay Plus,Chile,Mobile App Android,0.01,0,0
TXN-2026-00063,2026-07-10 15:33:00,5100.0,Transferencia Khipu,Webpay Plus,Chile,Web Desktop,0.26,0,0
TXN-2026-00064,2026-02-25 07:25:00,3300.0,Tarjeta Debito,Kushki,Chile,Web Mobile,0.04,1,0
TXN-2026-00065,2026-06-15 23:05:00,15800.0,Transferencia Khipu,Getnet,Chile,Web Mobile,0.33,1,0
TXN-2026-00066,2026-05-22 17:51:00,2900.0,Tarjeta Debito,Kushki,Chile,Mobile App Android,0.42,0,0
TXN-2026-00067,2026-08-21 10:52:00,40000.0,Tarjeta Credito,Webpay Plus,Chile,Mobile App Android,0.44,0,0
TXN-2026-00068,2026-05-08 10:59:00,39100.0,Tarjeta Credito,Webpay Plus,Chile,Mobile App iOS,0.17,0,0
TXN-2026-00069,2026-05-24 15:11:00,49800.0,Tarjeta Debito,Getnet,Chile,Web Mobile,0.32,0,0
TXN-2026-00070,2026-03-10 11:16:00,47100.0,Tarjeta Debito,Getnet,Chile,Mobile App iOS,0.23,0,0
TXN-2026-00071,2026-06-13 17:54:00,13400.0,Tarjeta Debito,Webpay Plus,Chile,Mobile App iOS,0.05,0,0
TXN-2026-00072,2026-05-07 05:55:00,19400.0,Tarjeta Debito,Getnet,Chile,Mobile App iOS,0.27,1,0
TXN-2026-00073,2026-08-02 04:04:00,21000.0,Tarjeta Debito,Kushki,Chile,Mobile App iOS,0.26,0,0
TXN-2026-00074,2026-01-15 10:01:00,76600.0,Tarjeta Debito,Mercado Pago,Chile,Mobile App iOS,0.19,0,0
TXN-2026-00075,2026-03-17 05:01:00,3200.0,Transferencia Khipu,Webpay Plus,Chile,Mobile App Android,0.31,0,0
TXN-2026-00076,2026-01-05 18:13:00,217800.0,Tarjeta Credito,Webpay Plus,Chile,Web Desktop,0.41,0,0
TXN-2026-00077,2026-06-16 20:09:00,10600.0,Transferencia Khipu,Kushki,Chile,Mobile App Android,0.42,0,0
TXN-2026-00078,2026-05-19 16:19:00,9300.0,Tarjeta Debito,Getnet,Colombia,Web Mobile,0.33,0,0
TXN-2026-00079,2026-08-02 17:38:00,13700.0,Tarjeta Debito,Getnet,Chile,Mobile App Android,0.28,0,0
TXN-2026-00080,2026-03-01 02:31:00,366300.0,Tarjeta Credito,Getnet,Chile,Web Mobile,0.94,5,1
TXN-2026-00081,2026-06-23 09:36:00,6900.0,Tarjeta Credito,Mercado Pago,Chile,Web Desktop,0.39,0,0
TXN-2026-00082,2026-08-12 13:14:00,222600.0,Tarjeta Debito,Getnet,Chile,Web Desktop,0.96,5,1
TXN-2026-00083,2026-06-14 13:10:00,15200.0,Tarjeta Debito,Getnet,Chile,Mobile App iOS,0.25,0,0
TXN-2026-00084,2026-01-18 09:33:00,18200.0,Transferencia Khipu,Webpay Plus,Chile,Web Desktop,0.32,1,0
TXN-2026-00085,2026-04-16 04:11:00,7400.0,Tarjeta Debito,Mercado Pago,Chile,Web Desktop,0.02,0,0
TXN-2026-00086,2026-04-07 00:33:00,13000.0,Tarjeta Debito,Getnet,Perú,Web Desktop,0.15,0,0
TXN-2026-00087,2026-04-26 08:59:00,19000.0,Tarjeta Credito,Webpay Plus,Colombia,Web Mobile,0.17,0,0
TXN-2026-00088,2026-06-30 02:30:00,3700.0,Prepago Digital,Kushki,Chile,Web Desktop,0.06,1,0
TXN-2026-00089,2026-04-07 06:47:00,47100.0,Transferencia Khipu,Getnet,Chile,Web Desktop,0.43,0,0
TXN-2026-00090,2026-08-28 16:45:00,38700.0,Tarjeta Credito,Kushki,Chile,Web Mobile,0.24,0,0
TXN-2026-00091,2026-04-04 19:18:00,1800.0,Tarjeta Credito,Mercado Pago,Chile,Mobile App iOS,0.31,0,0
TXN-2026-00092,2026-05-14 03:54:00,33300.0,Tarjeta Debito,Webpay Plus,Chile,Web Desktop,0.86,3,1
TXN-2026-00093,2026-03-14 17:10:00,8400.0,Transferencia Khipu,Webpay Plus,Chile,Mobile App iOS,0.25,0,0
TXN-2026-00094,2026-01-23 14:11:00,3700.0,Transferencia Khipu,Mercado Pago,Chile,Mobile App Android,0.15,0,0
TXN-2026-00095,2026-01-04 09:16:00,16200.0,Tarjeta Credito,Getnet,Chile,Web Desktop,0.13,0,0
TXN-2026-00096,2026-06-13 09:01:00,4200.0,Prepago Digital,Webpay Plus,Chile,Mobile App Android,0.45,0,0
TXN-2026-00097,2026-08-10 07:00:00,20200.0,Tarjeta Credito,Webpay Plus,Chile,Mobile App Android,0.22,1,0
TXN-2026-00098,2026-05-28 19:18:00,3300.0,Tarjeta Credito,Mercado Pago,Chile,Mobile App Android,0.35,0,0
TXN-2026-00099,2026-01-22 07:40:00,10800.0,Tarjeta Credito,Mercado Pago,Chile,Mobile App Android,0.09,0,0
TXN-2026-00100,2026-04-28 16:23:00,7100.0,Transferencia Khipu,Kushki,EE.UU.,Web Desktop,0.08,0,0
TXN-2026-00101,2026-01-05 18:44:00,371900.0,Tarjeta Debito,Getnet,Colombia,Web Mobile,0.13,1,0
TXN-2026-00102,2026-03-24 20:45:00,37600.0,Tarjeta Debito,Webpay Plus,Chile,Mobile App Android,0.11,0,0
TXN-2026-00103,2026-04-21 09:37:00,32800.0,Tarjeta Credito,Mercado Pago,Perú,Mobile App iOS,0.38,0,0
TXN-2026-00104,2026-02-28 06:12:00,67400.0,Tarjeta Credito,Getnet,Chile,Web Desktop,0.15,0,0
TXN-2026-00105,2026-04-15 08:59:00,10600.0,Tarjeta Credito,Kushki,Perú,Web Mobile,0.07,0,0
TXN-2026-00106,2026-04-09 14:59:00,73000.0,Tarjeta Debito,Kushki,EE.UU.,Web Desktop,0.19,0,0
TXN-2026-00107,2026-01-09 03:14:00,437700.0,Tarjeta Credito,Kushki,Chile,Mobile App Android,0.93,4,1
TXN-2026-00108,2026-07-15 06:15:00,29400.0,Prepago Digital,Getnet,Chile,Mobile App Android,0.05,0,0
TXN-2026-00109,2026-01-16 10:46:00,18700.0,Tarjeta Credito,Webpay Plus,Chile,Mobile App iOS,0.16,0,0
TXN-2026-00110,2026-07-14 17:15:00,17000.0,Transferencia Khipu,Kushki,Chile,Mobile App Android,0.1,0,0
TXN-2026-00111,2026-06-17 18:21:00,32200.0,Tarjeta Debito,Kushki,Chile,Mobile App Android,0.15,0,0
TXN-2026-00112,2026-02-17 15:51:00,22500.0,Tarjeta Credito,Webpay Plus,Chile,Web Mobile,0.12,0,0
TXN-2026-00113,2026-08-13 02:22:00,18000.0,Tarjeta Credito,Webpay Plus,EE.UU.,Web Desktop,0.95,2,1
TXN-2026-00114,2026-01-23 23:08:00,23400.0,Tarjeta Debito,Webpay Plus,Chile,Mobile App iOS,0.33,0,0
TXN-2026-00115,2026-02-20 11:26:00,33500.0,Tarjeta Debito,Getnet,Chile,Web Mobile,0.31,0,0
TXN-2026-00116,2026-04-24 09:16:00,8800.0,Tarjeta Credito,Kushki,Argentina,Web Desktop,0.45,0,0
TXN-2026-00117,2026-06-16 03:09:00,22200.0,Tarjeta Debito,Getnet,Perú,Web Desktop,0.9,4,1
TXN-2026-00118,2026-02-19 07:17:00,40400.0,Tarjeta Credito,Getnet,Chile,Web Desktop,0.29,0,0
TXN-2026-00119,2026-06-22 23:56:00,75300.0,Tarjeta Debito,Mercado Pago,Chile,Mobile App iOS,0.17,0,0
TXN-2026-00120,2026-08-09 05:07:00,29700.0,Tarjeta Credito,Webpay Plus,Chile,Mobile App Android,0.4,0,0
TXN-2026-00121,2026-07-20 04:26:00,196400.0,Transferencia Khipu,Kushki,Chile,Web Mobile,0.75,4,1
TXN-2026-00122,2026-06-09 05:20:00,61000.0,Tarjeta Debito,Getnet,Chile,Web Desktop,0.09,1,0
TXN-2026-00123,2026-02-04 13:07:00,19000.0,Tarjeta Credito,Webpay Plus,Chile,Web Mobile,0.28,0,0
TXN-2026-00124,2026-01-17 22:58:00,4900.0,Tarjeta Credito,Mercado Pago,Chile,Mobile App Android,0.2,1,0
TXN-2026-00125,2026-04-18 19:04:00,21100.0,Tarjeta Debito,Mercado Pago,Chile,Mobile App Android,0.23,0,0
TXN-2026-00126,2026-01-06 19:21:00,14900.0,Tarjeta Credito,Mercado Pago,Chile,Mobile App iOS,0.41,0,0
TXN-2026-00127,2026-04-02 09:08:00,8700.0,Transferencia Khipu,Getnet,Chile,Mobile App iOS,0.12,0,0
TXN-2026-00128,2026-01-25 05:40:00,21400.0,Tarjeta Debito,Webpay Plus,Chile,Mobile App Android,0.34,1,0
TXN-2026-00129,2026-04-30 22:22:00,75000.0,Tarjeta Debito,Getnet,Chile,Web Mobile,0.22,0,0
TXN-2026-00130,2026-08-12 20:37:00,9600.0,Tarjeta Credito,Getnet,EE.UU.,Web Desktop,0.3,0,0
TXN-2026-00131,2026-06-23 23:24:00,47900.0,Prepago Digital,Kushki,Chile,Web Mobile,0.03,0,0
TXN-2026-00132,2026-08-10 08:40:00,12600.0,Prepago Digital,Mercado Pago,Chile,Web Desktop,0.34,0,0
TXN-2026-00133,2026-03-07 08:33:00,1600.0,Tarjeta Credito,Getnet,Chile,Mobile App Android,0.02,0,0
TXN-2026-00134,2026-06-29 14:50:00,57600.0,Tarjeta Debito,Getnet,Chile,Mobile App Android,0.07,0,0
TXN-2026-00135,2026-05-22 21:09:00,35300.0,Tarjeta Credito,Getnet,Chile,Mobile App iOS,0.26,0,0
TXN-2026-00136,2026-04-11 08:09:00,10600.0,Tarjeta Credito,Kushki,Chile,Mobile App iOS,0.1,0,0
TXN-2026-00137,2026-02-06 14:58:00,11500.0,Tarjeta Credito,Kushki,Chile,Web Desktop,0.41,0,0
TXN-2026-00138,2026-04-04 22:11:00,22000.0,Tarjeta Credito,Webpay Plus,Chile,Mobile App Android,0.12,1,0
TXN-2026-00139,2026-06-25 18:18:00,6500.0,Prepago Digital,Kushki,Chile,Web Mobile,0.02,0,0
TXN-2026-00140,2026-01-30 03:09:00,36700.0,Tarjeta Debito,Webpay Plus,Chile,Mobile App Android,0.66,4,1
TXN-2026-00141,2026-05-27 23:46:00,12900.0,Tarjeta Credito,Mercado Pago,Argentina,Mobile App Android,0.04,0,0
TXN-2026-00142,2026-01-05 12:28:00,62800.0,Tarjeta Credito,Getnet,Chile,Web Mobile,0.03,0,0
TXN-2026-00143,2026-04-12 05:24:00,16600.0,Tarjeta Credito,Mercado Pago,Chile,Web Desktop,0.1,0,0
TXN-2026-00144,2026-05-23 23:59:00,21800.0,Tarjeta Debito,Webpay Plus,Chile,Web Desktop,0.14,0,0
TXN-2026-00145,2026-05-10 14:01:00,36400.0,Tarjeta Debito,Getnet,Chile,Mobile App iOS,0.06,0,0
TXN-2026-00146,2026-01-15 18:23:00,25500.0,Tarjeta Credito,Mercado Pago,Chile,Web Desktop,0.17,0,0
TXN-2026-00147,2026-04-05 07:05:00,6000.0,Tarjeta Debito,Mercado Pago,Chile,Web Mobile,0.06,0,0
TXN-2026-00148,2026-08-04 18:01:00,9100.0,Tarjeta Debito,Mercado Pago,Chile,Mobile App iOS,0.18,0,0
TXN-2026-00149,2026-02-01 02:38:00,11900.0,Tarjeta Debito,Webpay Plus,Chile,Web Mobile,0.26,0,0
TXN-2026-00150,2026-04-25 07:57:00,3200.0,Tarjeta Debito,Mercado Pago,EE.UU.,Web Mobile,0.22,0,0
TXN-2026-00151,2026-03-13 18:32:00,55100.0,Tarjeta Credito,Mercado Pago,Chile,Mobile App iOS,0.4,1,0
TXN-2026-00152,2026-02-25 21:43:00,8600.0,Tarjeta Credito,Getnet,Chile,Web Desktop,0.25,1,0
TXN-2026-00153,2026-04-01 17:44:00,102800.0,Tarjeta Credito,Mercado Pago,Chile,Mobile App Android,0.42,0,0
TXN-2026-00154,2026-05-22 18:16:00,3000.0,Tarjeta Credito,Webpay Plus,Chile,Web Desktop,0.18,0,0
TXN-2026-00155,2026-02-05 09:55:00,13000.0,Tarjeta Credito,Webpay Plus,Argentina,Web Mobile,0.34,1,0
TXN-2026-00156,2026-02-12 19:30:00,9100.0,Tarjeta Debito,Mercado Pago,Colombia,Mobile App Android,0.25,0,0
TXN-2026-00157,2026-07-10 21:29:00,19000.0,Tarjeta Debito,Getnet,Chile,Mobile App Android,0.44,0,0
TXN-2026-00158,2026-05-16 00:16:00,51600.0,Tarjeta Credito,Mercado Pago,EE.UU.,Web Mobile,0.13,0,0
TXN-2026-00159,2026-08-01 03:12:00,34500.0,Tarjeta Credito,Kushki,Colombia,Web Desktop,0.2,0,0
TXN-2026-00160,2026-03-11 14:27:00,35300.0,Tarjeta Credito,Kushki,Chile,Web Desktop,0.4,0,0
TXN-2026-00161,2026-03-15 04:04:00,9200.0,Tarjeta Credito,Webpay Plus,Chile,Mobile App iOS,0.33,1,0
TXN-2026-00162,2026-04-10 16:13:00,2700.0,Tarjeta Credito,Kushki,Chile,Web Mobile,0.07,0,0
TXN-2026-00163,2026-01-18 04:42:00,37800.0,Tarjeta Credito,Kushki,Chile,Web Mobile,0.37,1,0
TXN-2026-00164,2026-04-20 00:58:00,20900.0,Tarjeta Credito,Webpay Plus,Chile,Web Desktop,0.07,0,0
TXN-2026-00165,2026-01-23 04:39:00,23300.0,Tarjeta Debito,Getnet,Chile,Web Desktop,0.39,0,0
TXN-2026-00166,2026-05-08 06:11:00,44800.0,Tarjeta Debito,Webpay Plus,Chile,Mobile App iOS,0.35,0,0
TXN-2026-00167,2026-07-06 03:27:00,42500.0,Tarjeta Credito,Getnet,Chile,Web Desktop,0.31,0,0
TXN-2026-00168,2026-02-09 07:56:00,162600.0,Tarjeta Debito,Mercado Pago,Chile,Mobile App iOS,0.06,1,0
TXN-2026-00169,2026-04-21 18:52:00,21400.0,Prepago Digital,Kushki,Chile,Web Mobile,0.44,1,0
TXN-2026-00170,2026-01-21 07:26:00,3600.0,Tarjeta Debito,Getnet,Chile,Mobile App Android,0.21,0,0
TXN-2026-00171,2026-08-01 08:29:00,5700.0,Tarjeta Credito,Mercado Pago,Chile,Web Mobile,0.45,0,0
TXN-2026-00172,2026-06-10 21:22:00,97100.0,Tarjeta Credito,Getnet,Chile,Web Desktop,0.4,0,0
TXN-2026-00173,2026-05-04 14:58:00,8600.0,Tarjeta Debito,Mercado Pago,Chile,Web Desktop,0.05,0,0
TXN-2026-00174,2026-01-11 16:06:00,12100.0,Tarjeta Debito,Getnet,Chile,Mobile App iOS,0.08,0,0
TXN-2026-00175,2026-03-07 09:34:00,7000.0,Tarjeta Credito,Webpay Plus,EE.UU.,Web Mobile,0.44,0,0
TXN-2026-00176,2026-02-03 08:04:00,21700.0,Tarjeta Credito,Mercado Pago,Chile,Mobile App iOS,0.12,0,0
TXN-2026-00177,2026-01-03 20:13:00,4500.0,Tarjeta Credito,Kushki,Chile,Web Mobile,0.08,1,0
TXN-2026-00178,2026-06-06 21:46:00,33900.0,Tarjeta Debito,Webpay Plus,Chile,Web Desktop,0.09,0,0
TXN-2026-00179,2026-06-24 03:50:00,71700.0,Tarjeta Credito,Getnet,Chile,Web Mobile,0.02,1,0
TXN-2026-00180,2026-02-27 12:53:00,9300.0,Transferencia Khipu,Mercado Pago,Chile,Mobile App Android,0.09,0,0
TXN-2026-00181,2026-04-11 18:22:00,8000.0,Tarjeta Debito,Getnet,Argentina,Mobile App iOS,0.26,0,0
TXN-2026-00182,2026-06-05 07:55:00,21800.0,Tarjeta Debito,Getnet,Perú,Mobile App iOS,0.2,0,0
TXN-2026-00183,2026-05-01 20:33:00,27000.0,Tarjeta Debito,Getnet,Chile,Mobile App Android,0.34,0,0
TXN-2026-00184,2026-03-04 19:17:00,20500.0,Tarjeta Credito,Kushki,Chile,Web Mobile,0.38,0,0
TXN-2026-00185,2026-06-22 17:46:00,5400.0,Tarjeta Credito,Kushki,Chile,Web Mobile,0.09,0,0
TXN-2026-00186,2026-07-13 08:42:00,16100.0,Tarjeta Debito,Webpay Plus,Colombia,Web Mobile,0.07,0,0
TXN-2026-00187,2026-06-24 04:21:00,11500.0,Tarjeta Debito,Mercado Pago,Chile,Mobile App Android,0.04,0,0
TXN-2026-00188,2026-06-07 04:40:00,62800.0,Tarjeta Credito,Webpay Plus,Chile,Web Mobile,0.35,1,0
TXN-2026-00189,2026-05-07 15:29:00,44400.0,Tarjeta Credito,Getnet,Chile,Web Desktop,0.43,0,0
TXN-2026-00190,2026-08-14 00:46:00,1900.0,Tarjeta Debito,Webpay Plus,Chile,Web Desktop,0.27,0,0
TXN-2026-00191,2026-06-15 11:51:00,28700.0,Tarjeta Credito,Webpay Plus,Argentina,Web Desktop,0.32,1,0
TXN-2026-00192,2026-06-13 09:05:00,6700.0,Prepago Digital,Kushki,Chile,Mobile App Android,0.44,1,0
TXN-2026-00193,2026-02-09 06:05:00,99900.0,Tarjeta Debito,Kushki,Chile,Web Mobile,0.07,0,0
TXN-2026-00194,2026-02-19 02:30:00,222100.0,Tarjeta Credito,Kushki,Chile,Web Desktop,0.42,0,0
TXN-2026-00195,2026-07-09 18:26:00,3900.0,Tarjeta Debito,Getnet,Chile,Mobile App iOS,0.19,0,0
TXN-2026-00196,2026-02-02 22:21:00,8800.0,Tarjeta Debito,Mercado Pago,Chile,Mobile App iOS,0.39,0,0
TXN-2026-00197,2026-02-14 22:37:00,35100.0,Tarjeta Debito,Kushki,Chile,Web Desktop,0.42,0,0
TXN-2026-00198,2026-05-19 20:29:00,27800.0,Tarjeta Debito,Getnet,Chile,Mobile App iOS,0.14,0,0
TXN-2026-00199,2026-01-27 09:22:00,1900.0,Prepago Digital,Kushki,Chile,Mobile App iOS,0.37,0,0
TXN-2026-00200,2026-03-20 19:01:00,18100.0,Tarjeta Credito,Webpay Plus,Argentina,Mobile App Android,0.18,0,0
TXN-2026-00201,2026-04-04 15:11:00,11900.0,Tarjeta Debito,Kushki,Argentina,Web Desktop,0.14,0,0
TXN-2026-00202,2026-06-22 07:39:00,1100.0,Tarjeta Debito,Kushki,Argentina,Web Desktop,0.22,0,0
TXN-2026-00203,2026-01-06 20:10:00,9300.0,Prepago Digital,Mercado Pago,Chile,Web Mobile,0.04,0,0
TXN-2026-00204,2026-07-13 12:30:00,45500.0,Tarjeta Credito,Kushki,Chile,Web Mobile,0.27,0,0
TXN-2026-00205,2026-02-05 11:35:00,14800.0,Tarjeta Credito,Webpay Plus,Argentina,Web Mobile,0.42,0,0
TXN-2026-00206,2026-06-01 21:05:00,17000.0,Transferencia Khipu,Kushki,Perú,Mobile App Android,0.26,0,0
TXN-2026-00207,2026-01-15 06:01:00,10600.0,Prepago Digital,Mercado Pago,Chile,Mobile App iOS,0.12,0,0
TXN-2026-00208,2026-02-09 13:52:00,31100.0,Tarjeta Credito,Webpay Plus,Chile,Web Desktop,0.42,1,0
TXN-2026-00209,2026-01-02 16:39:00,12000.0,Tarjeta Credito,Webpay Plus,Chile,Mobile App Android,0.1,0,0
TXN-2026-00210,2026-05-28 14:38:00,15100.0,Tarjeta Debito,Mercado Pago,Colombia,Web Mobile,0.25,0,0
TXN-2026-00211,2026-06-29 02:03:00,4500.0,Tarjeta Credito,Kushki,Chile,Mobile App iOS,0.03,0,0
TXN-2026-00212,2026-01-18 20:21:00,7000.0,Tarjeta Debito,Mercado Pago,Chile,Web Mobile,0.39,0,0
TXN-2026-00213,2026-04-26 05:09:00,10400.0,Tarjeta Credito,Getnet,Chile,Web Desktop,0.21,0,0
TXN-2026-00214,2026-07-20 15:02:00,20200.0,Transferencia Khipu,Kushki,Chile,Web Mobile,0.15,0,0
TXN-2026-00215,2026-04-03 07:12:00,6200.0,Prepago Digital,Kushki,Chile,Mobile App Android,0.1,0,0
TXN-2026-00216,2026-07-13 00:43:00,10400.0,Tarjeta Credito,Kushki,Chile,Mobile App iOS,0.06,0,0
TXN-2026-00217,2026-02-22 20:40:00,4300.0,Tarjeta Credito,Getnet,EE.UU.,Mobile App iOS,0.43,0,0
TXN-2026-00218,2026-03-05 15:52:00,66200.0,Tarjeta Credito,Kushki,Chile,Web Desktop,0.02,0,0
TXN-2026-00219,2026-06-04 02:20:00,26700.0,Tarjeta Credito,Kushki,Chile,Web Mobile,0.14,0,0
TXN-2026-00220,2026-01-20 07:48:00,13000.0,Tarjeta Debito,Kushki,Chile,Web Mobile,0.33,0,0
TXN-2026-00221,2026-03-06 09:32:00,10000.0,Tarjeta Debito,Getnet,Chile,Mobile App Android,0.34,1,0
TXN-2026-00222,2026-03-26 05:14:00,5400.0,Tarjeta Credito,Kushki,Chile,Web Mobile,0.24,0,0
TXN-2026-00223,2026-01-27 08:38:00,42200.0,Tarjeta Debito,Webpay Plus,Chile,Web Desktop,0.24,0,0
TXN-2026-00224,2026-08-06 22:06:00,10400.0,Tarjeta Debito,Mercado Pago,Chile,Web Desktop,0.14,0,0
TXN-2026-00225,2026-07-27 23:32:00,85000.0,Tarjeta Credito,Kushki,Perú,Web Mobile,0.02,0,0
TXN-2026-00226,2026-02-05 23:53:00,16500.0,Transferencia Khipu,Getnet,Chile,Mobile App Android,0.43,0,0
TXN-2026-00227,2026-07-07 01:59:00,16500.0,Tarjeta Credito,Mercado Pago,Chile,Web Mobile,0.39,1,0
TXN-2026-00228,2026-05-12 22:20:00,26100.0,Tarjeta Credito,Webpay Plus,Chile,Web Desktop,0.12,0,0
TXN-2026-00229,2026-05-05 03:54:00,27700.0,Tarjeta Debito,Webpay Plus,Chile,Web Mobile,0.17,1,0
TXN-2026-00230,2026-02-13 13:55:00,5800.0,Tarjeta Credito,Webpay Plus,Chile,Mobile App iOS,0.14,0,0
TXN-2026-00231,2026-06-13 01:30:00,175300.0,Tarjeta Credito,Kushki,Argentina,Mobile App iOS,0.36,0,0
TXN-2026-00232,2026-05-24 08:56:00,13200.0,Transferencia Khipu,Mercado Pago,Chile,Mobile App Android,0.19,1,0
TXN-2026-00233,2026-06-08 21:03:00,9200.0,Tarjeta Credito,Getnet,Chile,Mobile App Android,0.24,0,0
TXN-2026-00234,2026-06-07 17:13:00,5600.0,Tarjeta Credito,Webpay Plus,Argentina,Mobile App iOS,0.26,0,0
TXN-2026-00235,2026-04-01 00:09:00,15600.0,Tarjeta Credito,Getnet,Chile,Web Desktop,0.02,0,0
TXN-2026-00236,2026-07-25 21:52:00,40200.0,Tarjeta Debito,Webpay Plus,Chile,Mobile App Android,0.1,0,0
TXN-2026-00237,2026-03-13 17:36:00,8600.0,Tarjeta Debito,Mercado Pago,Chile,Mobile App iOS,0.06,0,0
TXN-2026-00238,2026-07-29 02:31:00,112400.0,Tarjeta Credito,Webpay Plus,Argentina,Mobile App Android,0.96,2,1
TXN-2026-00239,2026-08-01 18:18:00,6500.0,Tarjeta Debito,Mercado Pago,Chile,Web Mobile,0.44,0,0
TXN-2026-00240,2026-07-16 17:17:00,67600.0,Prepago Digital,Getnet,Chile,Web Desktop,0.13,0,0
TXN-2026-00241,2026-05-11 09:37:00,13600.0,Tarjeta Debito,Kushki,Chile,Web Desktop,0.1,1,0
TXN-2026-00242,2026-06-19 23:57:00,61900.0,Tarjeta Debito,Kushki,Chile,Web Desktop,0.39,0,0
TXN-2026-00243,2026-03-18 05:17:00,15300.0,Tarjeta Credito,Webpay Plus,Chile,Mobile App Android,0.36,0,0
TXN-2026-00244,2026-08-24 00:11:00,22500.0,Tarjeta Debito,Mercado Pago,Chile,Web Desktop,0.34,1,0
TXN-2026-00245,2026-03-02 12:21:00,15500.0,Tarjeta Credito,Mercado Pago,EE.UU.,Mobile App Android,0.41,0,0
TXN-2026-00246,2026-03-26 13:20:00,8600.0,Tarjeta Credito,Webpay Plus,Argentina,Web Mobile,0.25,0,0
TXN-2026-00247,2026-04-09 16:10:00,64500.0,Prepago Digital,Getnet,Perú,Mobile App iOS,0.3,0,0
TXN-2026-00248,2026-07-16 12:13:00,10600.0,Tarjeta Credito,Mercado Pago,Chile,Web Mobile,0.38,1,0
TXN-2026-00249,2026-08-25 14:08:00,3800.0,Tarjeta Debito,Webpay Plus,Perú,Web Desktop,0.27,1,0
TXN-2026-00250,2026-01-28 08:10:00,5600.0,Tarjeta Credito,Mercado Pago,Perú,Web Mobile,0.32,1,0
TXN-2026-00251,2026-03-20 16:00:00,3700.0,Tarjeta Debito,Getnet,EE.UU.,Mobile App iOS,0.06,0,0
TXN-2026-00252,2026-07-25 04:33:00,41100.0,Tarjeta Debito,Webpay Plus,Colombia,Mobile App Android,0.37,1,0
TXN-2026-00253,2026-02-15 20:21:00,101200.0,Tarjeta Credito,Kushki,Chile,Web Mobile,0.15,0,0
TXN-2026-00254,2026-04-27 08:24:00,65800.0,Tarjeta Debito,Webpay Plus,Chile,Web Desktop,0.23,0,0
TXN-2026-00255,2026-05-20 05:06:00,8500.0,Tarjeta Credito,Webpay Plus,Chile,Web Desktop,0.15,1,0
TXN-2026-00256,2026-08-09 12:58:00,3400.0,Transferencia Khipu,Webpay Plus,Chile,Mobile App Android,0.39,1,0
TXN-2026-00257,2026-06-30 03:11:00,22700.0,Tarjeta Debito,Getnet,Chile,Mobile App iOS,0.02,0,0
TXN-2026-00258,2026-04-22 23:16:00,109000.0,Tarjeta Credito,Webpay Plus,Chile,Mobile App iOS,0.3,0,0
TXN-2026-00259,2026-07-31 04:44:00,30100.0,Transferencia Khipu,Mercado Pago,Chile,Mobile App iOS,0.06,0,0
TXN-2026-00260,2026-08-28 03:49:00,15000.0,Tarjeta Credito,Getnet,Perú,Mobile App iOS,0.24,0,0
TXN-2026-00261,2026-01-22 05:39:00,3600.0,Tarjeta Debito,Getnet,Chile,Web Desktop,0.33,0,0
TXN-2026-00262,2026-05-27 20:02:00,6600.0,Tarjeta Debito,Mercado Pago,Chile,Web Mobile,0.3,0,0
TXN-2026-00263,2026-05-23 05:30:00,34700.0,Tarjeta Credito,Webpay Plus,Chile,Web Desktop,0.02,0,0
TXN-2026-00264,2026-01-02 05:49:00,25400.0,Tarjeta Credito,Webpay Plus,Chile,Mobile App iOS,0.28,1,0
TXN-2026-00265,2026-07-09 11:14:00,22900.0,Tarjeta Debito,Mercado Pago,Chile,Web Mobile,0.07,0,0
TXN-2026-00266,2026-02-12 15:30:00,10000.0,Prepago Digital,Mercado Pago,Chile,Mobile App Android,0.11,0,0
TXN-2026-00267,2026-06-02 01:35:00,6900.0,Tarjeta Credito,Kushki,Perú,Web Desktop,0.38,0,0
TXN-2026-00268,2026-08-29 00:20:00,35200.0,Tarjeta Credito,Kushki,Colombia,Web Mobile,0.71,5,1
TXN-2026-00269,2026-02-16 05:19:00,12500.0,Tarjeta Credito,Webpay Plus,Chile,Web Desktop,0.42,0,0
TXN-2026-00270,2026-03-20 12:34:00,130700.0,Tarjeta Credito,Getnet,Chile,Mobile App iOS,0.08,0,0
TXN-2026-00271,2026-02-27 14:33:00,17700.0,Tarjeta Credito,Getnet,Chile,Web Mobile,0.39,1,0
TXN-2026-00272,2026-01-06 07:13:00,75700.0,Tarjeta Credito,Webpay Plus,Chile,Web Desktop,0.3,0,0
TXN-2026-00273,2026-01-07 03:42:00,26800.0,Tarjeta Debito,Kushki,Chile,Web Desktop,0.1,0,0
TXN-2026-00274,2026-02-19 17:51:00,30500.0,Tarjeta Credito,Mercado Pago,Chile,Web Desktop,0.19,0,0
TXN-2026-00275,2026-04-07 17:55:00,25700.0,Tarjeta Credito,Getnet,Chile,Mobile App Android,0.44,0,0
TXN-2026-00276,2026-07-24 21:10:00,4000.0,Tarjeta Debito,Getnet,Chile,Mobile App Android,0.38,0,0
TXN-2026-00277,2026-01-21 02:19:00,17500.0,Tarjeta Credito,Mercado Pago,Argentina,Web Desktop,0.42,1,0
TXN-2026-00278,2026-01-09 10:35:00,2700.0,Tarjeta Debito,Getnet,Chile,Mobile App iOS,0.24,0,0
TXN-2026-00279,2026-05-18 07:34:00,1100.0,Prepago Digital,Webpay Plus,Chile,Mobile App iOS,0.43,0,0
TXN-2026-00280,2026-07-10 22:01:00,23400.0,Tarjeta Debito,Kushki,Chile,Web Desktop,0.24,0,0
TXN-2026-00281,2026-01-31 03:50:00,8700.0,Transferencia Khipu,Getnet,Chile,Mobile App iOS,0.25,0,0
TXN-2026-00282,2026-01-02 21:12:00,17900.0,Transferencia Khipu,Webpay Plus,Chile,Mobile App iOS,0.34,1,0
TXN-2026-00283,2026-08-06 04:00:00,11600.0,Tarjeta Debito,Mercado Pago,Chile,Mobile App iOS,0.36,0,0
TXN-2026-00284,2026-05-06 12:11:00,8500.0,Tarjeta Credito,Getnet,Chile,Mobile App Android,0.23,0,0
TXN-2026-00285,2026-04-22 23:55:00,1700.0,Tarjeta Debito,Getnet,Perú,Mobile App Android,0.01,0,0
TXN-2026-00286,2026-04-10 23:45:00,21400.0,Tarjeta Debito,Kushki,Chile,Web Desktop,0.33,1,0
TXN-2026-00287,2026-04-13 08:25:00,46100.0,Tarjeta Debito,Kushki,EE.UU.,Web Mobile,0.39,0,0
TXN-2026-00288,2026-03-11 03:41:00,6400.0,Tarjeta Debito,Getnet,Chile,Web Mobile,0.18,0,0
TXN-2026-00289,2026-06-05 22:28:00,5400.0,Tarjeta Debito,Kushki,Chile,Mobile App iOS,0.11,0,0
TXN-2026-00290,2026-08-22 16:10:00,3500.0,Transferencia Khipu,Webpay Plus,Chile,Web Desktop,0.34,0,0
TXN-2026-00291,2026-07-17 08:05:00,9000.0,Tarjeta Debito,Mercado Pago,Chile,Mobile App iOS,0.32,1,0
TXN-2026-00292,2026-08-14 01:05:00,11600.0,Tarjeta Debito,Getnet,Chile,Mobile App iOS,0.22,0,0
TXN-2026-00293,2026-05-13 00:56:00,249200.0,Tarjeta Debito,Mercado Pago,Chile,Mobile App Android,0.24,0,0
TXN-2026-00294,2026-07-04 07:57:00,28100.0,Tarjeta Credito,Getnet,Chile,Mobile App iOS,0.34,0,0
TXN-2026-00295,2026-06-06 03:57:00,8600.0,Tarjeta Credito,Kushki,Perú,Web Desktop,0.4,0,0
TXN-2026-00296,2026-05-01 11:22:00,22200.0,Prepago Digital,Webpay Plus,Chile,Web Desktop,0.21,0,0
TXN-2026-00297,2026-06-04 04:11:00,31700.0,Tarjeta Credito,Webpay Plus,Chile,Web Mobile,0.28,1,0
TXN-2026-00298,2026-04-17 21:06:00,13600.0,Tarjeta Debito,Mercado Pago,Chile,Mobile App Android,0.07,0,0
TXN-2026-00299,2026-01-14 21:43:00,50300.0,Tarjeta Credito,Kushki,Chile,Mobile App iOS,0.67,3,1
TXN-2026-00300,2026-03-16 12:12:00,26600.0,Tarjeta Credito,Webpay Plus,Chile,Web Desktop,0.32,0,0
TXN-2026-00301,2026-07-10 02:13:00,12800.0,Tarjeta Credito,Getnet,Chile,Web Mobile,0.09,0,0
TXN-2026-00302,2026-06-28 00:14:00,26200.0,Tarjeta Debito,Kushki,Chile,Web Mobile,0.89,2,1
TXN-2026-00303,2026-03-31 14:29:00,65000.0,Prepago Digital,Kushki,Chile,Web Desktop,0.05,0,0
TXN-2026-00304,2026-08-18 22:28:00,9200.0,Tarjeta Debito,Kushki,Chile,Mobile App iOS,0.05,0,0
TXN-2026-00305,2026-06-27 11:38:00,4400.0,Prepago Digital,Mercado Pago,Chile,Mobile App Android,0.09,1,0
TXN-2026-00306,2026-04-21 01:38:00,7500.0,Prepago Digital,Mercado Pago,Chile,Mobile App iOS,0.06,0,0
TXN-2026-00307,2026-02-03 07:33:00,33400.0,Tarjeta Debito,Mercado Pago,Chile,Mobile App Android,0.2,0,0
TXN-2026-00308,2026-06-17 11:22:00,17900.0,Tarjeta Debito,Mercado Pago,Chile,Mobile App iOS,0.07,0,0
TXN-2026-00309,2026-04-13 02:44:00,19600.0,Tarjeta Debito,Webpay Plus,Perú,Mobile App Android,0.06,1,0
TXN-2026-00310,2026-05-26 03:23:00,4400.0,Tarjeta Debito,Mercado Pago,Chile,Web Desktop,0.3,0,0
TXN-2026-00311,2026-08-08 02:34:00,14500.0,Tarjeta Debito,Webpay Plus,Chile,Mobile App iOS,0.18,0,0
TXN-2026-00312,2026-06-20 08:24:00,2100.0,Tarjeta Credito,Mercado Pago,Chile,Mobile App iOS,0.36,0,0
TXN-2026-00313,2026-04-19 00:39:00,23900.0,Prepago Digital,Getnet,Chile,Mobile App iOS,0.06,0,0
TXN-2026-00314,2026-07-25 18:01:00,15200.0,Tarjeta Credito,Mercado Pago,Chile,Web Desktop,0.44,0,0
TXN-2026-00315,2026-08-23 20:04:00,2400.0,Transferencia Khipu,Getnet,Chile,Mobile App iOS,0.06,1,0
TXN-2026-00316,2026-03-16 16:27:00,12200.0,Tarjeta Debito,Kushki,Chile,Mobile App iOS,0.45,0,0
TXN-2026-00317,2026-04-30 06:19:00,8000.0,Tarjeta Debito,Mercado Pago,Chile,Web Desktop,0.44,0,0
TXN-2026-00318,2026-03-25 15:54:00,5500.0,Tarjeta Debito,Mercado Pago,Argentina,Mobile App Android,0.21,0,0
TXN-2026-00319,2026-06-11 13:12:00,7000.0,Tarjeta Credito,Kushki,Chile,Web Mobile,0.4,0,0
TXN-2026-00320,2026-05-13 20:30:00,11100.0,Transferencia Khipu,Webpay Plus,Chile,Mobile App Android,0.16,0,0
TXN-2026-00321,2026-04-02 19:53:00,43400.0,Tarjeta Credito,Webpay Plus,Chile,Web Desktop,0.43,1,0
TXN-2026-00322,2026-05-06 23:50:00,24900.0,Tarjeta Debito,Kushki,Perú,Web Desktop,0.41,1,0
TXN-2026-00323,2026-06-14 21:45:00,108400.0,Tarjeta Debito,Kushki,Argentina,Mobile App Android,0.21,0,0
TXN-2026-00324,2026-04-15 10:16:00,98900.0,Tarjeta Debito,Webpay Plus,Chile,Mobile App Android,0.75,4,1
TXN-2026-00325,2026-03-19 04:40:00,62100.0,Tarjeta Credito,Getnet,Colombia,Web Desktop,0.18,0,0
TXN-2026-00326,2026-03-07 23:35:00,88700.0,Tarjeta Debito,Kushki,Chile,Web Desktop,0.7,4,1
TXN-2026-00327,2026-07-18 10:12:00,27900.0,Tarjeta Credito,Webpay Plus,Chile,Web Desktop,0.3,0,0
TXN-2026-00328,2026-08-17 12:30:00,6200.0,Tarjeta Credito,Mercado Pago,Chile,Web Desktop,0.31,0,0
TXN-2026-00329,2026-01-19 00:13:00,10500.0,Tarjeta Debito,Getnet,Chile,Web Desktop,0.25,0,0
TXN-2026-00330,2026-01-05 02:00:00,13900.0,Tarjeta Debito,Webpay Plus,Colombia,Web Desktop,0.3,0,0
TXN-2026-00331,2026-01-22 06:08:00,11000.0,Tarjeta Debito,Kushki,Chile,Web Mobile,0.74,3,1
TXN-2026-00332,2026-02-25 00:48:00,184100.0,Tarjeta Credito,Webpay Plus,Chile,Web Desktop,0.81,2,1
TXN-2026-00333,2026-04-08 17:07:00,20400.0,Prepago Digital,Mercado Pago,Chile,Mobile App iOS,0.41,0,0
TXN-2026-00334,2026-07-28 20:33:00,5400.0,Tarjeta Credito,Mercado Pago,Chile,Web Desktop,0.14,0,0
TXN-2026-00335,2026-08-09 23:08:00,25700.0,Prepago Digital,Kushki,EE.UU.,Web Mobile,0.37,0,0
TXN-2026-00336,2026-07-04 08:24:00,8400.0,Tarjeta Debito,Kushki,Chile,Mobile App iOS,0.45,0,0
TXN-2026-00337,2026-02-21 09:53:00,10800.0,Prepago Digital,Getnet,Chile,Mobile App iOS,0.06,0,0
TXN-2026-00338,2026-04-10 15:23:00,88500.0,Tarjeta Debito,Getnet,Chile,Web Desktop,0.04,0,0
TXN-2026-00339,2026-01-27 05:51:00,29500.0,Tarjeta Credito,Getnet,Chile,Web Mobile,0.04,0,0
TXN-2026-00340,2026-01-29 19:02:00,8400.0,Tarjeta Debito,Webpay Plus,EE.UU.,Web Desktop,0.26,0,0
TXN-2026-00341,2026-02-23 21:04:00,29600.0,Tarjeta Debito,Kushki,Argentina,Mobile App Android,0.25,0,0
TXN-2026-00342,2026-04-25 18:50:00,8900.0,Tarjeta Credito,Webpay Plus,EE.UU.,Web Mobile,0.16,0,0
TXN-2026-00343,2026-06-14 13:43:00,47700.0,Tarjeta Credito,Webpay Plus,Chile,Mobile App Android,0.23,0,0
TXN-2026-00344,2026-08-21 16:54:00,155200.0,Tarjeta Credito,Webpay Plus,Chile,Web Desktop,0.1,0,0
TXN-2026-00345,2026-08-21 04:07:00,44300.0,Tarjeta Credito,Webpay Plus,Chile,Mobile App Android,0.22,1,0
TXN-2026-00346,2026-03-02 01:42:00,4000.0,Prepago Digital,Kushki,Chile,Web Mobile,0.17,0,0
TXN-2026-00347,2026-04-08 18:56:00,101200.0,Tarjeta Debito,Webpay Plus,Chile,Web Desktop,0.17,1,0
TXN-2026-00348,2026-04-08 06:15:00,21200.0,Prepago Digital,Webpay Plus,Chile,Mobile App Android,0.13,1,0
TXN-2026-00349,2026-02-01 10:10:00,98500.0,Tarjeta Credito,Mercado Pago,Chile,Web Desktop,0.41,0,0
TXN-2026-00350,2026-08-06 01:09:00,99300.0,Tarjeta Credito,Getnet,Chile,Mobile App Android,0.76,3,1
TXN-2026-00351,2026-08-04 21:36:00,10400.0,Tarjeta Credito,Kushki,Chile,Mobile App Android,0.25,0,0
TXN-2026-00352,2026-07-05 09:21:00,10900.0,Tarjeta Credito,Kushki,Chile,Mobile App Android,0.3,0,0
TXN-2026-00353,2026-06-15 19:53:00,20200.0,Tarjeta Credito,Webpay Plus,Chile,Mobile App iOS,0.29,0,0
TXN-2026-00354,2026-07-26 08:58:00,11800.0,Tarjeta Debito,Getnet,Chile,Web Desktop,0.13,0,0
TXN-2026-00355,2026-05-02 01:58:00,14000.0,Tarjeta Debito,Webpay Plus,Chile,Mobile App Android,0.05,0,0
TXN-2026-00356,2026-07-09 21:57:00,17600.0,Tarjeta Credito,Getnet,Chile,Mobile App Android,0.36,0,0
TXN-2026-00357,2026-03-24 11:02:00,266900.0,Prepago Digital,Kushki,Colombia,Web Desktop,0.87,4,1
TXN-2026-00358,2026-08-25 23:06:00,32200.0,Tarjeta Credito,Kushki,Chile,Mobile App iOS,0.2,0,0
TXN-2026-00359,2026-03-22 19:07:00,8000.0,Tarjeta Credito,Getnet,EE.UU.,Mobile App Android,0.45,0,0
TXN-2026-00360,2026-07-27 00:26:00,8000.0,Prepago Digital,Getnet,Chile,Web Mobile,0.44,0,0
TXN-2026-00361,2026-02-01 12:18:00,17500.0,Tarjeta Debito,Mercado Pago,Chile,Mobile App Android,0.79,4,1
TXN-2026-00362,2026-01-08 08:27:00,26600.0,Tarjeta Credito,Getnet,EE.UU.,Web Mobile,0.26,0,0
TXN-2026-00363,2026-01-02 15:19:00,35600.0,Tarjeta Credito,Getnet,Chile,Mobile App iOS,0.32,1,0
TXN-2026-00364,2026-05-22 21:23:00,34100.0,Tarjeta Debito,Kushki,Chile,Mobile App iOS,0.03,0,0
TXN-2026-00365,2026-07-25 08:45:00,15800.0,Tarjeta Credito,Webpay Plus,Chile,Web Desktop,0.17,0,0
TXN-2026-00366,2026-07-22 10:50:00,21300.0,Tarjeta Credito,Webpay Plus,Chile,Web Desktop,0.03,0,0
TXN-2026-00367,2026-02-13 23:05:00,5700.0,Tarjeta Debito,Mercado Pago,Chile,Mobile App iOS,0.24,0,0
TXN-2026-00368,2026-06-02 09:29:00,38800.0,Transferencia Khipu,Mercado Pago,Perú,Web Mobile,0.13,0,0
TXN-2026-00369,2026-01-09 07:36:00,8600.0,Tarjeta Debito,Getnet,Chile,Web Mobile,0.07,0,0
TXN-2026-00370,2026-04-25 08:30:00,7400.0,Tarjeta Debito,Webpay Plus,Chile,Web Mobile,0.27,0,0
TXN-2026-00371,2026-01-21 20:19:00,35100.0,Transferencia Khipu,Getnet,Chile,Web Desktop,0.01,0,0
TXN-2026-00372,2026-01-25 08:47:00,3100.0,Tarjeta Credito,Mercado Pago,Chile,Web Mobile,0.08,0,0
TXN-2026-00373,2026-03-07 12:44:00,31100.0,Prepago Digital,Kushki,Chile,Mobile App Android,0.17,0,0
TXN-2026-00374,2026-01-23 13:48:00,24500.0,Tarjeta Debito,Mercado Pago,Chile,Mobile App iOS,0.28,0,0
TXN-2026-00375,2026-08-01 10:25:00,26000.0,Tarjeta Debito,Kushki,Chile,Web Desktop,0.28,1,0
TXN-2026-00376,2026-01-27 02:26:00,18300.0,Tarjeta Debito,Mercado Pago,Colombia,Mobile App iOS,0.03,0,0
TXN-2026-00377,2026-04-10 11:18:00,12200.0,Tarjeta Debito,Webpay Plus,Chile,Mobile App iOS,0.38,0,0
TXN-2026-00378,2026-04-25 17:37:00,13800.0,Tarjeta Debito,Mercado Pago,Chile,Web Mobile,0.18,0,0
TXN-2026-00379,2026-01-04 06:54:00,19500.0,Tarjeta Credito,Kushki,EE.UU.,Mobile App Android,0.42,0,0
TXN-2026-00380,2026-07-16 16:00:00,10000.0,Transferencia Khipu,Mercado Pago,Chile,Web Mobile,0.15,1,0
TXN-2026-00381,2026-06-19 12:46:00,20900.0,Tarjeta Debito,Webpay Plus,Chile,Web Mobile,0.33,0,0
TXN-2026-00382,2026-07-09 08:14:00,80400.0,Tarjeta Debito,Getnet,Chile,Web Mobile,0.36,0,0
TXN-2026-00383,2026-04-16 02:02:00,4900.0,Tarjeta Debito,Getnet,Perú,Mobile App Android,0.19,0,0
TXN-2026-00384,2026-05-12 23:29:00,15600.0,Tarjeta Credito,Mercado Pago,Chile,Mobile App iOS,0.42,0,0
TXN-2026-00385,2026-05-27 21:27:00,8000.0,Prepago Digital,Webpay Plus,Chile,Mobile App iOS,0.37,0,0
TXN-2026-00386,2026-01-21 16:51:00,12600.0,Transferencia Khipu,Mercado Pago,Chile,Mobile App Android,0.05,0,0
TXN-2026-00387,2026-07-17 01:37:00,30800.0,Prepago Digital,Mercado Pago,Chile,Web Mobile,0.21,0,0
TXN-2026-00388,2026-08-11 21:48:00,166800.0,Prepago Digital,Getnet,Argentina,Mobile App iOS,0.05,0,0
TXN-2026-00389,2026-06-28 08:41:00,28400.0,Tarjeta Credito,Webpay Plus,Chile,Mobile App iOS,0.39,0,0
TXN-2026-00390,2026-06-23 22:29:00,5100.0,Prepago Digital,Mercado Pago,Chile,Web Desktop,0.2,1,0
TXN-2026-00391,2026-03-04 08:46:00,23700.0,Tarjeta Debito,Mercado Pago,Chile,Web Desktop,0.38,0,0
TXN-2026-00392,2026-05-27 22:17:00,122600.0,Tarjeta Debito,Getnet,Chile,Mobile App Android,0.39,0,0
TXN-2026-00393,2026-02-12 09:18:00,13600.0,Tarjeta Debito,Kushki,EE.UU.,Mobile App Android,0.19,1,0
TXN-2026-00394,2026-07-11 06:35:00,8100.0,Tarjeta Credito,Webpay Plus,Perú,Web Desktop,0.1,0,0
TXN-2026-00395,2026-08-22 08:23:00,7700.0,Tarjeta Credito,Getnet,Chile,Web Mobile,0.09,0,0
TXN-2026-00396,2026-03-18 23:30:00,15500.0,Tarjeta Credito,Getnet,Chile,Web Desktop,0.24,0,0
TXN-2026-00397,2026-01-28 20:52:00,10400.0,Prepago Digital,Mercado Pago,Colombia,Mobile App Android,0.3,1,0
TXN-2026-00398,2026-06-06 17:08:00,6600.0,Tarjeta Credito,Webpay Plus,Chile,Web Mobile,0.13,0,0
TXN-2026-00399,2026-07-14 23:59:00,12000.0,Tarjeta Credito,Mercado Pago,EE.UU.,Web Mobile,0.28,0,0
TXN-2026-00400,2026-08-16 14:14:00,225500.0,Prepago Digital,Kushki,Perú,Web Desktop,0.22,1,0
TXN-2026-00401,2026-05-30 18:42:00,13700.0,Tarjeta Debito,Kushki,Chile,Web Mobile,0.07,0,0
TXN-2026-00402,2026-01-06 05:16:00,24900.0,Tarjeta Debito,Getnet,Chile,Mobile App iOS,0.02,0,0
TXN-2026-00403,2026-03-17 07:10:00,6300.0,Tarjeta Credito,Mercado Pago,Chile,Mobile App iOS,0.04,0,0
TXN-2026-00404,2026-06-11 02:33:00,13700.0,Tarjeta Debito,Mercado Pago,Chile,Mobile App iOS,0.02,0,0
TXN-2026-00405,2026-01-09 11:00:00,12800.0,Tarjeta Credito,Getnet,Chile,Mobile App iOS,0.34,0,0
TXN-2026-00406,2026-01-29 02:00:00,10600.0,Tarjeta Debito,Kushki,Chile,Web Mobile,0.11,1,0
TXN-2026-00407,2026-06-24 08:01:00,8900.0,Tarjeta Debito,Webpay Plus,Argentina,Mobile App Android,0.39,0,0
TXN-2026-00408,2026-06-23 09:59:00,4800.0,Tarjeta Credito,Kushki,Chile,Mobile App Android,0.22,0,0
TXN-2026-00409,2026-03-10 20:27:00,25600.0,Tarjeta Debito,Webpay Plus,Chile,Mobile App Android,0.2,1,0
TXN-2026-00410,2026-07-16 08:52:00,38900.0,Tarjeta Debito,Getnet,Chile,Web Mobile,0.02,0,0
TXN-2026-00411,2026-07-01 01:07:00,22300.0,Prepago Digital,Mercado Pago,Chile,Web Mobile,0.31,0,0
TXN-2026-00412,2026-02-20 05:03:00,51600.0,Tarjeta Credito,Mercado Pago,Colombia,Web Desktop,0.28,0,0
TXN-2026-00413,2026-05-26 08:05:00,51100.0,Tarjeta Credito,Mercado Pago,Chile,Web Desktop,0.27,0,0
TXN-2026-00414,2026-08-21 18:41:00,2900.0,Tarjeta Credito,Kushki,Chile,Web Desktop,0.19,0,0
TXN-2026-00415,2026-02-19 07:25:00,76000.0,Prepago Digital,Mercado Pago,Colombia,Mobile App Android,0.28,0,0
TXN-2026-00416,2026-03-18 23:20:00,24900.0,Tarjeta Credito,Webpay Plus,Chile,Web Desktop,0.38,0,0
TXN-2026-00417,2026-05-05 19:14:00,71400.0,Tarjeta Credito,Webpay Plus,Chile,Mobile App Android,0.26,0,0
TXN-2026-00418,2026-03-14 13:19:00,181600.0,Prepago Digital,Mercado Pago,Chile,Web Desktop,0.84,5,1
TXN-2026-00419,2026-01-03 07:09:00,37300.0,Tarjeta Debito,Webpay Plus,Perú,Web Mobile,0.12,0,0
TXN-2026-00420,2026-01-29 12:55:00,15400.0,Prepago Digital,Kushki,Chile,Mobile App Android,0.04,0,0
TXN-2026-00421,2026-03-10 00:18:00,9000.0,Transferencia Khipu,Getnet,Chile,Mobile App iOS,0.23,1,0
TXN-2026-00422,2026-07-02 04:39:00,3000.0,Tarjeta Credito,Getnet,Chile,Web Desktop,0.24,1,0
TXN-2026-00423,2026-02-27 01:07:00,3700.0,Tarjeta Debito,Mercado Pago,Chile,Mobile App iOS,0.11,0,0
TXN-2026-00424,2026-08-23 00:20:00,4600.0,Tarjeta Credito,Webpay Plus,Chile,Web Mobile,0.33,0,0
TXN-2026-00425,2026-06-21 13:19:00,17000.0,Tarjeta Credito,Getnet,Colombia,Mobile App Android,0.23,0,0
TXN-2026-00426,2026-02-28 01:14:00,61500.0,Transferencia Khipu,Webpay Plus,Chile,Web Mobile,0.17,0,0
TXN-2026-00427,2026-08-09 03:01:00,15700.0,Tarjeta Debito,Kushki,Chile,Web Desktop,0.13,0,0
TXN-2026-00428,2026-06-26 23:41:00,40100.0,Tarjeta Credito,Kushki,Chile,Web Mobile,0.11,0,0
TXN-2026-00429,2026-08-23 17:07:00,20900.0,Transferencia Khipu,Kushki,Chile,Web Mobile,0.26,0,0
TXN-2026-00430,2026-06-23 19:44:00,16600.0,Tarjeta Credito,Getnet,Chile,Mobile App iOS,0.33,0,0
TXN-2026-00431,2026-08-17 04:28:00,229500.0,Tarjeta Debito,Mercado Pago,Chile,Mobile App iOS,0.67,3,1
TXN-2026-00432,2026-03-22 20:29:00,8000.0,Tarjeta Debito,Webpay Plus,EE.UU.,Web Mobile,0.34,0,0
TXN-2026-00433,2026-05-06 05:07:00,32800.0,Tarjeta Credito,Webpay Plus,Chile,Web Desktop,0.15,0,0
TXN-2026-00434,2026-02-28 22:40:00,106400.0,Tarjeta Debito,Kushki,Chile,Mobile App Android,0.4,0,0
TXN-2026-00435,2026-08-25 04:19:00,23900.0,Tarjeta Credito,Mercado Pago,Chile,Web Mobile,0.33,0,0
TXN-2026-00436,2026-03-01 14:02:00,24400.0,Tarjeta Debito,Mercado Pago,Chile,Web Mobile,0.06,1,0
TXN-2026-00437,2026-03-12 06:24:00,12800.0,Tarjeta Credito,Getnet,Chile,Mobile App iOS,0.04,0,0
TXN-2026-00438,2026-03-17 09:13:00,18800.0,Tarjeta Debito,Kushki,Chile,Mobile App Android,0.06,0,0
TXN-2026-00439,2026-06-22 18:11:00,3900.0,Tarjeta Credito,Kushki,Chile,Web Desktop,0.2,0,0
TXN-2026-00440,2026-07-27 09:49:00,89500.0,Tarjeta Debito,Webpay Plus,Chile,Mobile App iOS,0.43,0,0
TXN-2026-00441,2026-02-06 18:16:00,6200.0,Tarjeta Credito,Kushki,Chile,Mobile App Android,0.25,0,0
TXN-2026-00442,2026-07-22 04:41:00,49300.0,Tarjeta Credito,Webpay Plus,Chile,Web Mobile,0.95,4,1
TXN-2026-00443,2026-03-04 19:02:00,21200.0,Tarjeta Credito,Getnet,Chile,Mobile App iOS,0.11,0,0
TXN-2026-00444,2026-01-21 15:01:00,24400.0,Tarjeta Debito,Webpay Plus,Colombia,Web Desktop,0.06,0,0
TXN-2026-00445,2026-03-06 20:25:00,1400.0,Tarjeta Credito,Mercado Pago,Argentina,Mobile App Android,0.36,0,0
TXN-2026-00446,2026-06-11 18:55:00,1600.0,Transferencia Khipu,Kushki,Perú,Web Desktop,0.15,0,0
TXN-2026-00447,2026-07-16 15:24:00,23400.0,Tarjeta Debito,Kushki,Argentina,Web Desktop,0.35,0,0
TXN-2026-00448,2026-03-10 21:31:00,30400.0,Prepago Digital,Webpay Plus,Colombia,Web Mobile,0.16,1,0
TXN-2026-00449,2026-07-31 19:22:00,12800.0,Prepago Digital,Getnet,Chile,Web Desktop,0.15,0,0
TXN-2026-00450,2026-02-16 06:13:00,12100.0,Tarjeta Debito,Webpay Plus,Colombia,Web Desktop,0.38,0,0
TXN-2026-00451,2026-01-31 18:00:00,18800.0,Prepago Digital,Getnet,Chile,Web Desktop,0.13,1,0
TXN-2026-00452,2026-05-25 10:14:00,29000.0,Tarjeta Debito,Getnet,Chile,Web Desktop,0.08,0,0
TXN-2026-00453,2026-06-07 02:21:00,8400.0,Prepago Digital,Mercado Pago,Perú,Mobile App iOS,0.04,0,0
TXN-2026-00454,2026-03-26 07:56:00,21200.0,Tarjeta Debito,Kushki,Chile,Web Desktop,0.16,0,0
TXN-2026-00455,2026-03-29 15:58:00,6600.0,Tarjeta Debito,Kushki,Perú,Mobile App iOS,0.25,0,0
TXN-2026-00456,2026-04-08 03:29:00,15900.0,Tarjeta Credito,Getnet,Chile,Web Desktop,0.1,0,0
TXN-2026-00457,2026-06-22 02:10:00,12500.0,Transferencia Khipu,Getnet,Chile,Mobile App iOS,0.27,0,0
TXN-2026-00458,2026-08-15 05:38:00,79200.0,Tarjeta Credito,Webpay Plus,Chile,Web Desktop,0.07,0,0
TXN-2026-00459,2026-03-03 06:42:00,97200.0,Transferencia Khipu,Getnet,Chile,Mobile App iOS,0.24,0,0
TXN-2026-00460,2026-03-18 13:37:00,57100.0,Tarjeta Credito,Kushki,Chile,Mobile App Android,0.19,0,0
TXN-2026-00461,2026-05-31 05:43:00,45700.0,Tarjeta Debito,Kushki,Chile,Mobile App Android,0.34,0,0
TXN-2026-00462,2026-02-25 01:34:00,11100.0,Tarjeta Credito,Mercado Pago,Chile,Mobile App iOS,0.35,1,0
TXN-2026-00463,2026-03-13 10:01:00,14300.0,Tarjeta Debito,Kushki,Perú,Mobile App iOS,0.12,0,0
TXN-2026-00464,2026-01-20 20:02:00,67400.0,Prepago Digital,Kushki,Chile,Mobile App Android,0.31,0,0
TXN-2026-00465,2026-08-04 08:20:00,2000.0,Tarjeta Credito,Mercado Pago,Chile,Web Desktop,0.28,0,0
TXN-2026-00466,2026-08-13 17:13:00,22200.0,Tarjeta Debito,Kushki,Chile,Mobile App iOS,0.15,0,0
TXN-2026-00467,2026-02-06 13:44:00,8500.0,Tarjeta Credito,Webpay Plus,Colombia,Mobile App Android,0.06,0,0
TXN-2026-00468,2026-08-09 21:24:00,41800.0,Tarjeta Debito,Kushki,Chile,Web Desktop,0.21,0,0
TXN-2026-00469,2026-04-22 17:38:00,6100.0,Tarjeta Credito,Mercado Pago,Perú,Web Mobile,0.15,0,0
TXN-2026-00470,2026-03-10 22:04:00,5100.0,Prepago Digital,Webpay Plus,Colombia,Web Mobile,0.44,0,0
TXN-2026-00471,2026-03-13 17:12:00,31200.0,Tarjeta Credito,Webpay Plus,Chile,Web Desktop,0.42,0,0
TXN-2026-00472,2026-06-24 06:03:00,3000.0,Prepago Digital,Mercado Pago,Chile,Mobile App iOS,0.42,0,0
TXN-2026-00473,2026-06-25 05:12:00,22700.0,Tarjeta Debito,Mercado Pago,Chile,Web Mobile,0.04,0,0
TXN-2026-00474,2026-06-05 14:05:00,30900.0,Tarjeta Credito,Kushki,Perú,Mobile App Android,0.26,0,0
TXN-2026-00475,2026-03-11 23:28:00,16800.0,Tarjeta Debito,Mercado Pago,Chile,Mobile App iOS,0.36,0,0
TXN-2026-00476,2026-02-11 14:35:00,7200.0,Tarjeta Credito,Webpay Plus,EE.UU.,Web Desktop,0.2,0,0
TXN-2026-00477,2026-05-08 07:04:00,306700.0,Prepago Digital,Webpay Plus,Perú,Web Mobile,0.32,0,0
TXN-2026-00478,2026-01-17 17:39:00,96000.0,Tarjeta Debito,Getnet,Chile,Mobile App Android,0.35,0,0
TXN-2026-00479,2026-08-03 11:40:00,7400.0,Tarjeta Credito,Getnet,Chile,Web Mobile,0.16,0,0
TXN-2026-00480,2026-04-09 21:15:00,29300.0,Tarjeta Debito,Kushki,Chile,Web Mobile,0.43,1,0
TXN-2026-00481,2026-01-06 02:15:00,636700.0,Tarjeta Credito,Getnet,Chile,Mobile App iOS,0.69,3,1
TXN-2026-00482,2026-04-10 11:04:00,22100.0,Tarjeta Credito,Webpay Plus,Argentina,Web Desktop,0.32,0,0
TXN-2026-00483,2026-06-16 08:12:00,33900.0,Tarjeta Credito,Mercado Pago,Chile,Mobile App iOS,0.42,1,0
TXN-2026-00484,2026-03-25 11:22:00,25700.0,Transferencia Khipu,Webpay Plus,Argentina,Web Desktop,0.39,0,0
TXN-2026-00485,2026-08-23 17:11:00,6500.0,Tarjeta Credito,Getnet,Chile,Web Mobile,0.43,0,0
TXN-2026-00486,2026-06-18 07:09:00,6800.0,Tarjeta Debito,Getnet,Chile,Mobile App iOS,0.15,0,0
TXN-2026-00487,2026-04-26 01:35:00,25100.0,Tarjeta Debito,Webpay Plus,Perú,Mobile App iOS,0.13,1,0
TXN-2026-00488,2026-08-12 04:42:00,36700.0,Prepago Digital,Webpay Plus,Chile,Web Desktop,0.15,1,0
TXN-2026-00489,2026-04-13 08:39:00,37000.0,Transferencia Khipu,Getnet,Chile,Mobile App Android,0.17,0,0
TXN-2026-00490,2026-06-06 17:32:00,40200.0,Tarjeta Debito,Mercado Pago,Perú,Web Mobile,0.22,1,0
TXN-2026-00491,2026-04-14 02:13:00,188200.0,Tarjeta Debito,Webpay Plus,Argentina,Web Desktop,0.96,4,1
TXN-2026-00492,2026-05-26 02:06:00,12600.0,Prepago Digital,Mercado Pago,Chile,Web Mobile,0.4,0,0
TXN-2026-00493,2026-07-09 19:24:00,113900.0,Tarjeta Debito,Webpay Plus,EE.UU.,Web Desktop,0.85,4,1
TXN-2026-00494,2026-03-26 11:32:00,13700.0,Tarjeta Debito,Webpay Plus,Chile,Mobile App Android,0.4,0,0
TXN-2026-00495,2026-06-11 16:05:00,2000.0,Tarjeta Credito,Getnet,Chile,Web Mobile,0.44,0,0
TXN-2026-00496,2026-02-15 11:36:00,1500.0,Tarjeta Debito,Mercado Pago,Chile,Mobile App Android,0.44,0,0
TXN-2026-00497,2026-06-08 00:13:00,3600.0,Tarjeta Credito,Getnet,Chile,Mobile App Android,0.33,0,0
TXN-2026-00498,2026-02-02 12:06:00,19300.0,Prepago Digital,Kushki,Chile,Mobile App Android,0.4,0,0
TXN-2026-00499,2026-02-26 14:27:00,25100.0,Prepago Digital,Mercado Pago,Chile,Mobile App iOS,0.12,0,0
TXN-2026-00500,2026-03-31 22:40:00,4800.0,Prepago Digital,Getnet,Chile,Web Mobile,0.04,0,0
TXN-2026-00501,2026-01-28 06:58:00,22900.0,Tarjeta Debito,Webpay Plus,Argentina,Mobile App Android,0.03,0,0
TXN-2026-00502,2026-07-06 03:47:00,106700.0,Tarjeta Credito,Webpay Plus,Colombia,Web Mobile,0.8,3,1
TXN-2026-00503,2026-08-27 18:21:00,11100.0,Prepago Digital,Kushki,Chile,Mobile App Android,0.23,0,0
TXN-2026-00504,2026-01-06 18:18:00,18000.0,Tarjeta Debito,Webpay Plus,Chile,Mobile App Android,0.4,0,0
TXN-2026-00505,2026-02-08 21:15:00,19700.0,Tarjeta Credito,Kushki,Perú,Web Mobile,0.26,0,0
TXN-2026-00506,2026-03-22 21:35:00,9200.0,Tarjeta Debito,Mercado Pago,Chile,Web Mobile,0.24,0,0
TXN-2026-00507,2026-03-03 21:02:00,7800.0,Tarjeta Debito,Webpay Plus,Chile,Mobile App Android,0.25,0,0
TXN-2026-00508,2026-02-07 12:34:00,41000.0,Tarjeta Debito,Kushki,Chile,Web Mobile,0.41,0,0
TXN-2026-00509,2026-01-25 06:44:00,2300.0,Tarjeta Debito,Getnet,EE.UU.,Mobile App Android,0.18,0,0
TXN-2026-00510,2026-01-31 02:58:00,4600.0,Tarjeta Debito,Kushki,Perú,Mobile App Android,0.16,0,0
TXN-2026-00511,2026-03-28 21:46:00,16400.0,Transferencia Khipu,Mercado Pago,EE.UU.,Web Mobile,0.4,0,0
TXN-2026-00512,2026-08-14 07:05:00,1800.0,Tarjeta Credito,Kushki,Chile,Web Mobile,0.14,1,0
TXN-2026-00513,2026-01-15 20:02:00,4000.0,Tarjeta Credito,Mercado Pago,Chile,Mobile App Android,0.07,0,0
TXN-2026-00514,2026-02-22 06:11:00,1600.0,Prepago Digital,Mercado Pago,Colombia,Web Mobile,0.17,0,0
TXN-2026-00515,2026-02-09 01:01:00,6900.0,Tarjeta Credito,Getnet,Chile,Web Mobile,0.17,0,0
TXN-2026-00516,2026-07-12 07:59:00,15400.0,Transferencia Khipu,Getnet,Chile,Mobile App Android,0.18,1,0
TXN-2026-00517,2026-01-26 15:04:00,6000.0,Prepago Digital,Kushki,Chile,Web Desktop,0.42,0,0
TXN-2026-00518,2026-04-21 15:54:00,41300.0,Tarjeta Debito,Getnet,Perú,Web Mobile,0.28,0,0
TXN-2026-00519,2026-02-08 22:19:00,63500.0,Tarjeta Debito,Getnet,Chile,Web Mobile,0.1,0,0
TXN-2026-00520,2026-06-16 07:05:00,10700.0,Tarjeta Credito,Getnet,Chile,Web Mobile,0.28,0,0
TXN-2026-00521,2026-02-03 22:39:00,17400.0,Tarjeta Debito,Getnet,Chile,Web Mobile,0.11,0,0
TXN-2026-00522,2026-01-12 18:42:00,14400.0,Prepago Digital,Mercado Pago,Chile,Web Mobile,0.04,0,0
TXN-2026-00523,2026-01-01 16:53:00,24200.0,Prepago Digital,Mercado Pago,Chile,Mobile App Android,0.35,1,0
TXN-2026-00524,2026-04-22 11:08:00,38900.0,Tarjeta Credito,Mercado Pago,Chile,Web Mobile,0.11,1,0
TXN-2026-00525,2026-04-03 06:14:00,17900.0,Tarjeta Credito,Mercado Pago,Perú,Web Desktop,0.02,0,0
TXN-2026-00526,2026-05-15 18:45:00,15400.0,Tarjeta Credito,Getnet,Argentina,Web Mobile,0.09,0,0
TXN-2026-00527,2026-07-07 16:45:00,27000.0,Tarjeta Debito,Kushki,Chile,Mobile App Android,0.39,0,0
TXN-2026-00528,2026-05-05 00:58:00,144300.0,Tarjeta Debito,Kushki,Chile,Mobile App Android,0.85,5,1
TXN-2026-00529,2026-03-01 17:14:00,11600.0,Tarjeta Debito,Mercado Pago,EE.UU.,Mobile App iOS,0.34,0,0
TXN-2026-00530,2026-05-06 06:27:00,9500.0,Tarjeta Debito,Kushki,Chile,Mobile App iOS,0.35,0,0
TXN-2026-00531,2026-06-11 11:29:00,8900.0,Tarjeta Credito,Kushki,Chile,Web Desktop,0.44,0,0
TXN-2026-00532,2026-01-08 03:59:00,24300.0,Transferencia Khipu,Kushki,Chile,Web Mobile,0.23,1,0
TXN-2026-00533,2026-05-01 00:13:00,7600.0,Tarjeta Credito,Kushki,Chile,Mobile App iOS,0.27,0,0
TXN-2026-00534,2026-03-08 04:24:00,42200.0,Transferencia Khipu,Webpay Plus,Chile,Web Mobile,0.14,0,0
TXN-2026-00535,2026-04-18 01:15:00,40600.0,Tarjeta Credito,Mercado Pago,Chile,Mobile App iOS,0.34,0,0
TXN-2026-00536,2026-04-12 15:55:00,25200.0,Tarjeta Credito,Mercado Pago,EE.UU.,Web Desktop,0.08,1,0
TXN-2026-00537,2026-04-21 21:55:00,5900.0,Tarjeta Credito,Kushki,Chile,Web Desktop,0.31,0,0
TXN-2026-00538,2026-06-26 14:54:00,163300.0,Tarjeta Debito,Kushki,Argentina,Mobile App iOS,0.22,0,0
TXN-2026-00539,2026-05-27 18:43:00,17600.0,Prepago Digital,Getnet,Chile,Web Desktop,0.34,0,0
TXN-2026-00540,2026-04-18 11:50:00,30800.0,Tarjeta Credito,Kushki,Colombia,Web Desktop,0.1,1,0
TXN-2026-00541,2026-02-12 05:55:00,12100.0,Tarjeta Credito,Webpay Plus,Chile,Mobile App Android,0.15,0,0
TXN-2026-00542,2026-05-29 23:22:00,22100.0,Prepago Digital,Kushki,Chile,Web Mobile,0.07,0,0
TXN-2026-00543,2026-07-05 19:59:00,25700.0,Prepago Digital,Mercado Pago,Chile,Web Mobile,0.24,1,0
TXN-2026-00544,2026-03-20 03:47:00,13200.0,Tarjeta Credito,Kushki,Chile,Web Mobile,0.03,0,0
TXN-2026-00545,2026-03-22 19:56:00,18700.0,Tarjeta Debito,Getnet,Chile,Web Mobile,0.37,0,0
TXN-2026-00546,2026-05-28 01:14:00,4500.0,Tarjeta Credito,Mercado Pago,Chile,Web Desktop,0.33,0,0
TXN-2026-00547,2026-04-18 00:23:00,24100.0,Tarjeta Credito,Getnet,Chile,Web Mobile,0.27,1,0
TXN-2026-00548,2026-04-26 13:45:00,19800.0,Tarjeta Credito,Getnet,Chile,Mobile App Android,0.08,1,0
TXN-2026-00549,2026-07-15 04:25:00,33800.0,Tarjeta Credito,Kushki,Chile,Web Mobile,0.37,0,0
TXN-2026-00550,2026-03-25 01:02:00,15500.0,Tarjeta Credito,Kushki,Chile,Mobile App iOS,0.28,0,0
TXN-2026-00551,2026-08-03 21:29:00,26100.0,Tarjeta Credito,Webpay Plus,Chile,Mobile App iOS,0.06,0,0
TXN-2026-00552,2026-08-19 02:56:00,36600.0,Tarjeta Debito,Getnet,Argentina,Web Desktop,0.09,0,0
TXN-2026-00553,2026-05-06 11:21:00,9200.0,Transferencia Khipu,Kushki,Chile,Web Mobile,0.08,0,0
TXN-2026-00554,2026-07-03 02:41:00,22400.0,Tarjeta Debito,Getnet,EE.UU.,Web Mobile,0.15,0,0
TXN-2026-00555,2026-02-16 02:13:00,6900.0,Tarjeta Credito,Kushki,Chile,Web Mobile,0.11,0,0
TXN-2026-00556,2026-06-28 07:56:00,37800.0,Tarjeta Debito,Kushki,Chile,Mobile App iOS,0.03,0,0
TXN-2026-00557,2026-05-31 14:07:00,567400.0,Tarjeta Credito,Webpay Plus,Chile,Web Desktop,0.91,3,1
TXN-2026-00558,2026-06-10 01:21:00,37900.0,Tarjeta Credito,Mercado Pago,Chile,Mobile App Android,0.29,0,0
TXN-2026-00559,2026-06-02 20:22:00,25500.0,Tarjeta Debito,Mercado Pago,Chile,Web Desktop,0.39,0,0
TXN-2026-00560,2026-07-16 09:38:00,35300.0,Tarjeta Credito,Webpay Plus,Chile,Mobile App iOS,0.2,1,0
TXN-2026-00561,2026-01-03 16:59:00,3000.0,Tarjeta Credito,Getnet,EE.UU.,Mobile App iOS,0.05,0,0
TXN-2026-00562,2026-07-21 18:51:00,19000.0,Prepago Digital,Kushki,Chile,Mobile App Android,0.33,1,0
TXN-2026-00563,2026-07-24 03:09:00,10500.0,Tarjeta Credito,Webpay Plus,Chile,Web Mobile,0.14,0,0
TXN-2026-00564,2026-07-25 04:28:00,8000.0,Transferencia Khipu,Mercado Pago,Chile,Web Desktop,0.3,1,0
TXN-2026-00565,2026-07-22 11:34:00,121300.0,Tarjeta Credito,Getnet,Chile,Mobile App iOS,0.21,0,0
TXN-2026-00566,2026-02-06 04:42:00,5900.0,Tarjeta Debito,Getnet,Chile,Web Mobile,0.28,0,0
TXN-2026-00567,2026-08-18 11:42:00,12600.0,Prepago Digital,Getnet,Chile,Mobile App iOS,0.34,0,0
TXN-2026-00568,2026-05-08 00:18:00,25400.0,Tarjeta Credito,Kushki,Chile,Mobile App Android,0.42,0,0
TXN-2026-00569,2026-01-28 02:35:00,11200.0,Tarjeta Credito,Getnet,Chile,Mobile App iOS,0.13,0,0
TXN-2026-00570,2026-02-11 04:26:00,3400.0,Tarjeta Credito,Mercado Pago,Chile,Mobile App iOS,0.01,1,0
TXN-2026-00571,2026-03-02 16:45:00,6800.0,Tarjeta Debito,Mercado Pago,Chile,Mobile App iOS,0.41,0,0
TXN-2026-00572,2026-02-03 13:32:00,8600.0,Tarjeta Credito,Getnet,Chile,Web Desktop,0.09,0,0
TXN-2026-00573,2026-08-17 10:18:00,3300.0,Tarjeta Debito,Kushki,Chile,Web Mobile,0.21,0,0
TXN-2026-00574,2026-08-26 16:39:00,185200.0,Prepago Digital,Getnet,Argentina,Web Desktop,0.32,0,0
TXN-2026-00575,2026-01-25 07:28:00,8900.0,Tarjeta Debito,Getnet,EE.UU.,Mobile App iOS,0.35,0,0
TXN-2026-00576,2026-04-02 09:35:00,15800.0,Tarjeta Credito,Kushki,Chile,Mobile App iOS,0.05,0,0
TXN-2026-00577,2026-07-04 11:18:00,5600.0,Tarjeta Debito,Webpay Plus,Perú,Web Desktop,0.14,0,0
TXN-2026-00578,2026-06-19 23:18:00,16900.0,Prepago Digital,Mercado Pago,Chile,Web Desktop,0.03,0,0
TXN-2026-00579,2026-04-07 06:08:00,58500.0,Tarjeta Debito,Mercado Pago,Chile,Web Desktop,0.66,5,1
TXN-2026-00580,2026-08-03 20:46:00,59000.0,Tarjeta Debito,Webpay Plus,Chile,Web Mobile,0.06,0,0
TXN-2026-00581,2026-04-26 13:00:00,16300.0,Tarjeta Debito,Webpay Plus,Chile,Mobile App iOS,0.09,0,0
TXN-2026-00582,2026-04-22 09:20:00,11700.0,Tarjeta Credito,Webpay Plus,Chile,Web Desktop,0.34,0,0
TXN-2026-00583,2026-05-16 17:39:00,5700.0,Tarjeta Debito,Webpay Plus,Chile,Mobile App iOS,0.87,3,1
TXN-2026-00584,2026-05-14 05:49:00,4200.0,Tarjeta Debito,Webpay Plus,Chile,Web Desktop,0.19,0,0
TXN-2026-00585,2026-04-06 20:47:00,6900.0,Tarjeta Debito,Mercado Pago,Chile,Web Mobile,0.25,0,0
TXN-2026-00586,2026-04-08 00:34:00,52000.0,Prepago Digital,Webpay Plus,Chile,Web Desktop,0.38,0,0
TXN-2026-00587,2026-07-18 22:11:00,9000.0,Tarjeta Debito,Webpay Plus,Perú,Web Desktop,0.03,0,0
TXN-2026-00588,2026-04-26 22:31:00,40000.0,Tarjeta Credito,Webpay Plus,Chile,Mobile App Android,0.41,0,0
TXN-2026-00589,2026-04-23 12:12:00,6100.0,Prepago Digital,Webpay Plus,Argentina,Web Desktop,0.33,1,0
TXN-2026-00590,2026-01-16 13:55:00,73600.0,Prepago Digital,Kushki,Chile,Web Desktop,0.21,0,0
TXN-2026-00591,2026-08-06 18:40:00,42500.0,Tarjeta Debito,Getnet,Chile,Mobile App Android,0.07,0,0
TXN-2026-00592,2026-06-12 18:54:00,26600.0,Tarjeta Credito,Webpay Plus,Perú,Mobile App iOS,0.14,0,0
TXN-2026-00593,2026-07-13 05:36:00,16900.0,Tarjeta Credito,Mercado Pago,EE.UU.,Web Desktop,0.34,0,0
TXN-2026-00594,2026-07-07 07:20:00,4100.0,Prepago Digital,Kushki,Chile,Mobile App Android,0.2,1,0
TXN-2026-00595,2026-01-30 16:06:00,37900.0,Tarjeta Debito,Getnet,Chile,Web Desktop,0.26,1,0
TXN-2026-00596,2026-08-07 01:44:00,436200.0,Transferencia Khipu,Kushki,Chile,Web Mobile,0.94,4,1
TXN-2026-00597,2026-01-14 15:15:00,103800.0,Prepago Digital,Webpay Plus,Chile,Mobile App Android,0.1,0,0
TXN-2026-00598,2026-02-22 03:02:00,6800.0,Tarjeta Debito,Kushki,Perú,Mobile App Android,0.15,0,0
TXN-2026-00599,2026-01-08 01:43:00,112100.0,Tarjeta Credito,Kushki,Chile,Web Mobile,0.86,5,1
TXN-2026-00600,2026-04-28 19:00:00,38700.0,Tarjeta Credito,Mercado Pago,Chile,Mobile App Android,0.04,0,0
TXN-2026-00601,2026-06-29 19:55:00,99600.0,Tarjeta Credito,Getnet,Chile,Web Desktop,0.95,4,1
TXN-2026-00602,2026-04-18 10:16:00,21800.0,Tarjeta Debito,Kushki,Chile,Web Mobile,0.1,1,0
TXN-2026-00603,2026-06-27 03:32:00,12100.0,Prepago Digital,Getnet,Chile,Mobile App Android,0.37,1,0
TXN-2026-00604,2026-06-03 20:20:00,38700.0,Tarjeta Credito,Webpay Plus,Chile,Web Mobile,0.29,1,0
TXN-2026-00605,2026-04-13 05:22:00,38800.0,Tarjeta Debito,Kushki,Chile,Web Mobile,0.27,0,0
TXN-2026-00606,2026-05-27 07:02:00,12700.0,Tarjeta Credito,Webpay Plus,Perú,Mobile App Android,0.43,0,0
TXN-2026-00607,2026-08-15 08:41:00,19100.0,Tarjeta Credito,Kushki,Chile,Web Desktop,0.34,0,0
TXN-2026-00608,2026-01-18 03:09:00,36100.0,Prepago Digital,Mercado Pago,Chile,Mobile App Android,0.24,0,0
TXN-2026-00609,2026-01-01 04:56:00,16200.0,Tarjeta Credito,Mercado Pago,Chile,Web Mobile,0.06,0,0
TXN-2026-00610,2026-04-25 03:19:00,7400.0,Transferencia Khipu,Mercado Pago,Chile,Mobile App iOS,0.31,0,0
TXN-2026-00611,2026-06-11 11:02:00,2100.0,Tarjeta Debito,Kushki,Chile,Web Desktop,0.03,0,0
TXN-2026-00612,2026-08-27 17:30:00,55800.0,Tarjeta Credito,Kushki,Chile,Mobile App iOS,0.29,0,0
TXN-2026-00613,2026-04-06 17:16:00,4700.0,Tarjeta Credito,Kushki,Chile,Web Mobile,0.24,0,0
TXN-2026-00614,2026-05-31 00:01:00,3500.0,Tarjeta Debito,Getnet,Chile,Mobile App Android,0.14,0,0
TXN-2026-00615,2026-04-15 19:53:00,1900.0,Tarjeta Debito,Kushki,Chile,Web Desktop,0.29,0,0
TXN-2026-00616,2026-05-10 16:12:00,12700.0,Prepago Digital,Kushki,Chile,Web Desktop,0.21,0,0
TXN-2026-00617,2026-03-15 03:43:00,216200.0,Tarjeta Credito,Kushki,Chile,Web Desktop,0.79,3,1
TXN-2026-00618,2026-07-12 04:53:00,7300.0,Tarjeta Credito,Kushki,Perú,Web Mobile,0.22,1,0
TXN-2026-00619,2026-08-25 21:53:00,7800.0,Tarjeta Credito,Getnet,Argentina,Web Mobile,0.19,0,0
TXN-2026-00620,2026-02-26 05:25:00,5300.0,Tarjeta Credito,Kushki,Chile,Web Mobile,0.45,0,0
TXN-2026-00621,2026-07-13 12:41:00,18900.0,Transferencia Khipu,Webpay Plus,Chile,Web Desktop,0.08,1,0
TXN-2026-00622,2026-05-23 09:17:00,700.0,Prepago Digital,Mercado Pago,Colombia,Web Desktop,0.11,1,0
TXN-2026-00623,2026-03-18 09:11:00,7100.0,Transferencia Khipu,Webpay Plus,EE.UU.,Web Mobile,0.02,0,0
TXN-2026-00624,2026-03-11 06:02:00,25500.0,Tarjeta Debito,Kushki,EE.UU.,Web Desktop,0.43,0,0
TXN-2026-00625,2026-03-08 22:52:00,5900.0,Tarjeta Credito,Webpay Plus,Perú,Web Desktop,0.34,0,0
TXN-2026-00626,2026-02-26 14:50:00,12700.0,Tarjeta Credito,Webpay Plus,EE.UU.,Mobile App Android,0.29,0,0
TXN-2026-00627,2026-03-22 10:56:00,9100.0,Prepago Digital,Getnet,Chile,Mobile App iOS,0.27,0,0
TXN-2026-00628,2026-02-11 03:22:00,2400.0,Tarjeta Credito,Kushki,Chile,Mobile App iOS,0.38,0,0
TXN-2026-00629,2026-03-16 05:01:00,35300.0,Transferencia Khipu,Getnet,Chile,Web Mobile,0.36,1,0
TXN-2026-00630,2026-08-13 00:14:00,18600.0,Prepago Digital,Getnet,Chile,Web Desktop,0.32,0,0
TXN-2026-00631,2026-06-26 00:33:00,17200.0,Tarjeta Debito,Getnet,Chile,Mobile App iOS,0.19,0,0
TXN-2026-00632,2026-04-21 22:02:00,8300.0,Tarjeta Debito,Getnet,EE.UU.,Web Desktop,0.25,0,0
TXN-2026-00633,2026-07-26 05:01:00,27800.0,Tarjeta Credito,Webpay Plus,Chile,Web Mobile,0.84,5,1
TXN-2026-00634,2026-04-25 23:59:00,10500.0,Tarjeta Debito,Webpay Plus,Chile,Web Mobile,0.44,0,0
TXN-2026-00635,2026-04-15 03:11:00,12700.0,Tarjeta Credito,Mercado Pago,Chile,Mobile App Android,0.01,0,0
TXN-2026-00636,2026-02-12 20:11:00,21700.0,Tarjeta Credito,Mercado Pago,Chile,Web Desktop,0.2,0,0
TXN-2026-00637,2026-08-04 21:55:00,7500.0,Tarjeta Debito,Mercado Pago,Chile,Web Desktop,0.3,0,0
TXN-2026-00638,2026-02-20 13:32:00,8700.0,Tarjeta Credito,Mercado Pago,Perú,Mobile App iOS,0.41,0,0
TXN-2026-00639,2026-01-23 06:39:00,38500.0,Tarjeta Debito,Webpay Plus,Chile,Web Mobile,0.33,0,0
TXN-2026-00640,2026-04-25 05:18:00,75500.0,Tarjeta Debito,Kushki,Perú,Mobile App iOS,0.28,1,0
TXN-2026-00641,2026-02-17 09:57:00,7400.0,Tarjeta Debito,Getnet,Colombia,Mobile App iOS,0.28,0,0
TXN-2026-00642,2026-05-23 04:15:00,17400.0,Tarjeta Credito,Mercado Pago,Chile,Web Desktop,0.17,0,0
TXN-2026-00643,2026-05-10 00:01:00,134100.0,Tarjeta Debito,Mercado Pago,Chile,Web Desktop,0.13,0,0
TXN-2026-00644,2026-07-22 09:04:00,13500.0,Prepago Digital,Getnet,Chile,Web Mobile,0.42,0,0
TXN-2026-00645,2026-05-13 07:26:00,38000.0,Tarjeta Debito,Getnet,Chile,Web Mobile,0.44,0,0
TXN-2026-00646,2026-02-27 06:12:00,12500.0,Prepago Digital,Getnet,Chile,Web Mobile,0.32,0,0
TXN-2026-00647,2026-01-19 15:13:00,15000.0,Tarjeta Credito,Kushki,Chile,Web Mobile,0.66,3,1
TXN-2026-00648,2026-03-05 10:50:00,307800.0,Tarjeta Credito,Mercado Pago,Chile,Mobile App iOS,0.78,3,1
TXN-2026-00649,2026-06-08 14:35:00,14100.0,Tarjeta Credito,Getnet,Argentina,Mobile App Android,0.43,0,0
TXN-2026-00650,2026-02-20 15:32:00,3400.0,Tarjeta Debito,Kushki,Argentina,Mobile App iOS,0.22,0,0
TXN-2026-00651,2026-03-06 05:15:00,7400.0,Tarjeta Debito,Mercado Pago,Chile,Mobile App iOS,0.32,0,0
TXN-2026-00652,2026-03-26 09:00:00,33200.0,Tarjeta Credito,Kushki,Chile,Mobile App iOS,0.21,1,0
TXN-2026-00653,2026-06-23 01:28:00,30400.0,Tarjeta Credito,Webpay Plus,Perú,Web Mobile,0.31,0,0
TXN-2026-00654,2026-05-05 11:53:00,1600.0,Tarjeta Credito,Webpay Plus,Chile,Web Desktop,0.34,0,0
TXN-2026-00655,2026-05-26 06:30:00,55200.0,Tarjeta Debito,Kushki,Chile,Mobile App iOS,0.03,1,0
TXN-2026-00656,2026-02-27 23:43:00,9100.0,Tarjeta Debito,Webpay Plus,Chile,Mobile App Android,0.05,0,0
TXN-2026-00657,2026-04-25 18:12:00,23900.0,Transferencia Khipu,Kushki,Chile,Web Mobile,0.13,0,0
TXN-2026-00658,2026-01-06 15:15:00,61400.0,Prepago Digital,Getnet,Argentina,Mobile App iOS,0.21,0,0
TXN-2026-00659,2026-04-05 17:59:00,900.0,Tarjeta Credito,Webpay Plus,Chile,Web Desktop,0.23,0,0
TXN-2026-00660,2026-01-24 12:46:00,21600.0,Tarjeta Debito,Getnet,Chile,Mobile App Android,0.11,0,0
TXN-2026-00661,2026-07-16 03:35:00,147900.0,Tarjeta Credito,Webpay Plus,Chile,Web Mobile,0.96,3,1
TXN-2026-00662,2026-06-13 07:36:00,14700.0,Tarjeta Credito,Mercado Pago,Chile,Web Mobile,0.26,0,0
TXN-2026-00663,2026-05-29 20:23:00,85900.0,Tarjeta Credito,Mercado Pago,Perú,Web Desktop,0.37,0,0
TXN-2026-00664,2026-04-20 05:14:00,19700.0,Tarjeta Credito,Getnet,Chile,Mobile App Android,0.23,0,0
TXN-2026-00665,2026-08-20 18:34:00,6800.0,Tarjeta Credito,Webpay Plus,Chile,Web Mobile,0.17,1,0
TXN-2026-00666,2026-01-09 00:24:00,6500.0,Transferencia Khipu,Webpay Plus,Chile,Web Desktop,0.35,0,0
TXN-2026-00667,2026-04-09 06:55:00,45900.0,Tarjeta Credito,Mercado Pago,Chile,Web Desktop,0.44,0,0
TXN-2026-00668,2026-05-03 01:46:00,3800.0,Prepago Digital,Mercado Pago,Chile,Web Desktop,0.28,0,0
TXN-2026-00669,2026-01-29 12:13:00,31500.0,Tarjeta Debito,Kushki,Chile,Mobile App Android,0.23,0,0
TXN-2026-00670,2026-07-31 03:29:00,17400.0,Tarjeta Credito,Mercado Pago,Argentina,Web Mobile,0.39,1,0
TXN-2026-00671,2026-01-05 16:57:00,20900.0,Tarjeta Credito,Webpay Plus,Chile,Web Desktop,0.04,0,0
TXN-2026-00672,2026-02-24 18:26:00,16800.0,Tarjeta Credito,Webpay Plus,Chile,Web Desktop,0.07,1,0
TXN-2026-00673,2026-01-19 08:56:00,9200.0,Tarjeta Debito,Webpay Plus,Chile,Web Desktop,0.45,0,0
TXN-2026-00674,2026-02-19 05:48:00,16700.0,Transferencia Khipu,Kushki,Chile,Web Mobile,0.4,0,0
TXN-2026-00675,2026-05-01 15:09:00,28900.0,Transferencia Khipu,Webpay Plus,EE.UU.,Mobile App Android,0.12,0,0
TXN-2026-00676,2026-03-28 03:43:00,3900.0,Prepago Digital,Getnet,Chile,Web Mobile,0.35,0,0
TXN-2026-00677,2026-02-16 04:36:00,6000.0,Tarjeta Credito,Getnet,Chile,Web Desktop,0.41,0,0
TXN-2026-00678,2026-06-02 02:21:00,23500.0,Prepago Digital,Getnet,Chile,Mobile App Android,0.12,0,0
TXN-2026-00679,2026-05-17 18:33:00,22200.0,Tarjeta Credito,Kushki,Chile,Mobile App iOS,0.29,1,0
TXN-2026-00680,2026-06-22 21:56:00,21400.0,Tarjeta Debito,Getnet,Chile,Mobile App iOS,0.34,1,0
TXN-2026-00681,2026-01-15 06:51:00,624200.0,Transferencia Khipu,Webpay Plus,Chile,Web Mobile,0.73,2,1
TXN-2026-00682,2026-01-03 22:00:00,10900.0,Tarjeta Credito,Webpay Plus,Chile,Web Mobile,0.4,0,0
TXN-2026-00683,2026-04-21 08:26:00,12500.0,Tarjeta Debito,Webpay Plus,Chile,Web Desktop,0.13,0,0
TXN-2026-00684,2026-02-28 17:31:00,5900.0,Tarjeta Debito,Mercado Pago,Chile,Web Mobile,0.04,0,0
TXN-2026-00685,2026-08-29 06:19:00,31800.0,Tarjeta Credito,Kushki,Chile,Mobile App Android,0.38,0,0
TXN-2026-00686,2026-07-16 09:31:00,37000.0,Tarjeta Debito,Mercado Pago,EE.UU.,Mobile App iOS,0.3,0,0
TXN-2026-00687,2026-01-31 06:31:00,3200.0,Tarjeta Debito,Getnet,Chile,Web Mobile,0.15,0,0
TXN-2026-00688,2026-02-22 11:43:00,10200.0,Tarjeta Credito,Kushki,Chile,Web Desktop,0.25,1,0
TXN-2026-00689,2026-01-15 04:47:00,3797600.0,Tarjeta Credito,Kushki,Chile,Mobile App Android,0.7,3,1
TXN-2026-00690,2026-05-24 20:36:00,26200.0,Tarjeta Credito,Getnet,Perú,Mobile App Android,0.37,0,0
TXN-2026-00691,2026-06-16 21:41:00,9600.0,Tarjeta Debito,Webpay Plus,Chile,Web Mobile,0.09,1,0
TXN-2026-00692,2026-05-30 23:35:00,128200.0,Tarjeta Debito,Webpay Plus,Chile,Web Mobile,0.89,4,1
TXN-2026-00693,2026-08-21 10:41:00,7600.0,Prepago Digital,Webpay Plus,Chile,Mobile App iOS,0.12,0,0
TXN-2026-00694,2026-06-14 20:19:00,16400.0,Prepago Digital,Getnet,Chile,Web Mobile,0.35,0,0
TXN-2026-00695,2026-03-20 08:15:00,87800.0,Prepago Digital,Webpay Plus,Chile,Mobile App iOS,0.77,3,1
TXN-2026-00696,2026-02-03 12:17:00,17300.0,Tarjeta Credito,Mercado Pago,Argentina,Web Mobile,0.39,0,0
TXN-2026-00697,2026-04-28 13:36:00,13700.0,Tarjeta Credito,Webpay Plus,Chile,Web Mobile,0.11,0,0
TXN-2026-00698,2026-01-14 10:32:00,19600.0,Tarjeta Debito,Webpay Plus,Argentina,Web Desktop,0.19,0,0
TXN-2026-00699,2026-07-26 11:08:00,43900.0,Tarjeta Debito,Kushki,Chile,Mobile App Android,0.85,4,1
TXN-2026-00700,2026-07-06 06:22:00,15600.0,Tarjeta Credito,Getnet,Perú,Web Desktop,0.04,0,0
TXN-2026-00701,2026-02-24 18:45:00,40300.0,Tarjeta Debito,Mercado Pago,Chile,Mobile App Android,0.3,0,0
TXN-2026-00702,2026-08-25 17:14:00,38500.0,Tarjeta Credito,Getnet,Colombia,Web Desktop,0.37,0,0
TXN-2026-00703,2026-04-23 18:11:00,7100.0,Transferencia Khipu,Kushki,Chile,Web Desktop,0.32,0,0
TXN-2026-00704,2026-02-14 15:30:00,12900.0,Prepago Digital,Webpay Plus,Perú,Web Mobile,0.08,1,0
TXN-2026-00705,2026-02-09 01:31:00,10400.0,Prepago Digital,Webpay Plus,Chile,Mobile App Android,0.24,1,0
TXN-2026-00706,2026-07-20 20:19:00,26300.0,Tarjeta Debito,Mercado Pago,Chile,Mobile App iOS,0.38,0,0
TXN-2026-00707,2026-07-28 06:13:00,133100.0,Prepago Digital,Kushki,Chile,Mobile App Android,0.45,0,0
TXN-2026-00708,2026-02-03 00:09:00,6200.0,Tarjeta Credito,Kushki,Chile,Mobile App iOS,0.3,0,0
TXN-2026-00709,2026-03-07 03:56:00,17000.0,Tarjeta Credito,Kushki,Chile,Mobile App Android,0.13,0,0
TXN-2026-00710,2026-08-26 12:09:00,1300.0,Tarjeta Credito,Mercado Pago,Chile,Mobile App iOS,0.31,0,0
TXN-2026-00711,2026-06-16 23:27:00,48900.0,Tarjeta Credito,Kushki,Chile,Mobile App iOS,0.05,0,0
TXN-2026-00712,2026-01-24 02:54:00,92700.0,Tarjeta Debito,Mercado Pago,Chile,Mobile App Android,0.25,0,0
TXN-2026-00713,2026-05-03 05:15:00,76900.0,Transferencia Khipu,Getnet,Argentina,Web Mobile,0.43,0,0
TXN-2026-00714,2026-06-02 14:52:00,98600.0,Tarjeta Debito,Kushki,Chile,Mobile App Android,0.07,0,0
TXN-2026-00715,2026-02-27 21:18:00,25900.0,Tarjeta Credito,Getnet,Chile,Web Mobile,0.04,0,0
TXN-2026-00716,2026-02-18 08:09:00,13900.0,Prepago Digital,Webpay Plus,Argentina,Web Mobile,0.43,0,0
TXN-2026-00717,2026-02-21 02:21:00,60900.0,Transferencia Khipu,Webpay Plus,Chile,Web Mobile,0.43,1,0
TXN-2026-00718,2026-03-17 01:04:00,13800.0,Tarjeta Credito,Getnet,EE.UU.,Mobile App Android,0.33,0,0
TXN-2026-00719,2026-08-25 09:35:00,6500.0,Tarjeta Credito,Webpay Plus,Perú,Web Desktop,0.09,0,0
TXN-2026-00720,2026-07-28 18:54:00,42600.0,Tarjeta Credito,Mercado Pago,Chile,Mobile App iOS,0.03,0,0
TXN-2026-00721,2026-05-15 11:39:00,10200.0,Tarjeta Debito,Webpay Plus,Argentina,Web Desktop,0.13,0,0
TXN-2026-00722,2026-05-31 09:38:00,18300.0,Tarjeta Debito,Kushki,Chile,Mobile App Android,0.02,0,0
TXN-2026-00723,2026-03-29 01:04:00,5700.0,Tarjeta Credito,Kushki,Chile,Web Desktop,0.19,1,0
TXN-2026-00724,2026-03-27 04:32:00,101600.0,Prepago Digital,Kushki,EE.UU.,Web Mobile,0.73,2,1
TXN-2026-00725,2026-03-20 00:30:00,17500.0,Transferencia Khipu,Kushki,Argentina,Mobile App Android,0.23,0,0
TXN-2026-00726,2026-04-03 19:55:00,41200.0,Transferencia Khipu,Kushki,Perú,Mobile App iOS,0.3,0,0
TXN-2026-00727,2026-01-11 16:49:00,47900.0,Tarjeta Credito,Webpay Plus,Chile,Mobile App iOS,0.44,0,0
TXN-2026-00728,2026-08-02 00:43:00,20000.0,Tarjeta Credito,Mercado Pago,Chile,Web Mobile,0.13,0,0
TXN-2026-00729,2026-03-06 23:10:00,17800.0,Tarjeta Credito,Webpay Plus,Chile,Web Desktop,0.07,0,0
TXN-2026-00730,2026-05-26 04:34:00,38400.0,Tarjeta Debito,Kushki,Chile,Mobile App iOS,0.43,0,0
TXN-2026-00731,2026-07-29 04:04:00,25500.0,Tarjeta Credito,Kushki,Chile,Mobile App iOS,0.35,0,0
TXN-2026-00732,2026-03-13 16:44:00,2400.0,Tarjeta Credito,Getnet,Chile,Web Mobile,0.34,1,0
TXN-2026-00733,2026-04-08 19:41:00,14300.0,Tarjeta Debito,Webpay Plus,Chile,Web Desktop,0.05,0,0
TXN-2026-00734,2026-01-16 08:38:00,18100.0,Tarjeta Credito,Webpay Plus,Argentina,Web Desktop,0.21,0,0
TXN-2026-00735,2026-01-15 18:27:00,3700.0,Tarjeta Debito,Kushki,Chile,Mobile App Android,0.21,0,0
TXN-2026-00736,2026-01-10 08:45:00,20900.0,Tarjeta Credito,Mercado Pago,Chile,Web Mobile,0.34,0,0
TXN-2026-00737,2026-06-02 11:24:00,4900.0,Tarjeta Debito,Kushki,Chile,Web Desktop,0.31,0,0
TXN-2026-00738,2026-02-03 13:04:00,71900.0,Tarjeta Debito,Webpay Plus,Argentina,Mobile App Android,0.07,0,0
TXN-2026-00739,2026-01-08 23:21:00,8400.0,Prepago Digital,Kushki,EE.UU.,Mobile App iOS,0.3,1,0
TXN-2026-00740,2026-01-22 04:41:00,105800.0,Tarjeta Debito,Kushki,Chile,Mobile App iOS,0.36,0,0
TXN-2026-00741,2026-06-17 02:56:00,6100.0,Prepago Digital,Kushki,Chile,Mobile App iOS,0.01,0,0
TXN-2026-00742,2026-06-18 09:42:00,15600.0,Tarjeta Debito,Mercado Pago,Chile,Mobile App Android,0.37,0,0
TXN-2026-00743,2026-02-04 18:32:00,27400.0,Prepago Digital,Mercado Pago,Perú,Mobile App iOS,0.03,0,0
TXN-2026-00744,2026-08-22 02:57:00,149100.0,Tarjeta Credito,Webpay Plus,Chile,Mobile App Android,0.28,0,0
TXN-2026-00745,2026-03-11 20:14:00,17400.0,Tarjeta Debito,Kushki,Perú,Mobile App iOS,0.08,0,0
TXN-2026-00746,2026-01-17 07:35:00,5600.0,Tarjeta Credito,Getnet,Chile,Mobile App Android,0.21,0,0
TXN-2026-00747,2026-03-27 23:49:00,30300.0,Tarjeta Debito,Mercado Pago,Chile,Mobile App iOS,0.22,1,0
TXN-2026-00748,2026-04-09 14:34:00,16700.0,Prepago Digital,Mercado Pago,Chile,Web Desktop,0.27,0,0
TXN-2026-00749,2026-03-15 21:29:00,7500.0,Tarjeta Credito,Mercado Pago,Argentina,Mobile App iOS,0.39,0,0
TXN-2026-00750,2026-04-28 13:20:00,81000.0,Prepago Digital,Mercado Pago,Chile,Mobile App iOS,0.11,0,0
TXN-2026-00751,2026-02-09 11:49:00,8600.0,Tarjeta Credito,Getnet,Chile,Web Mobile,0.08,0,0
TXN-2026-00752,2026-06-02 00:38:00,9400.0,Transferencia Khipu,Kushki,Chile,Mobile App iOS,0.42,0,0
TXN-2026-00753,2026-02-18 03:39:00,23300.0,Tarjeta Debito,Kushki,Chile,Web Mobile,0.35,0,0
TXN-2026-00754,2026-05-03 13:01:00,24500.0,Prepago Digital,Mercado Pago,Perú,Mobile App iOS,0.38,1,0
TXN-2026-00755,2026-08-17 01:16:00,41200.0,Tarjeta Debito,Getnet,Chile,Mobile App Android,0.02,0,0
TXN-2026-00756,2026-04-10 17:42:00,38000.0,Tarjeta Credito,Kushki,Chile,Web Mobile,0.42,0,0
TXN-2026-00757,2026-01-07 20:03:00,3900.0,Transferencia Khipu,Mercado Pago,Perú,Mobile App iOS,0.15,0,0
TXN-2026-00758,2026-08-23 18:51:00,13100.0,Tarjeta Debito,Mercado Pago,Chile,Web Desktop,0.32,0,0
TXN-2026-00759,2026-06-15 18:45:00,21400.0,Prepago Digital,Mercado Pago,Chile,Web Mobile,0.02,0,0
TXN-2026-00760,2026-02-18 05:14:00,9500.0,Tarjeta Debito,Mercado Pago,Chile,Web Mobile,0.02,0,0
TXN-2026-00761,2026-04-27 22:32:00,14500.0,Tarjeta Credito,Getnet,Chile,Mobile App Android,0.4,1,0
TXN-2026-00762,2026-02-15 19:57:00,10200.0,Tarjeta Credito,Webpay Plus,Chile,Mobile App iOS,0.43,1,0
TXN-2026-00763,2026-08-04 05:30:00,26900.0,Tarjeta Debito,Mercado Pago,Chile,Mobile App iOS,0.38,0,0
TXN-2026-00764,2026-07-05 21:15:00,19300.0,Tarjeta Debito,Getnet,Chile,Web Desktop,0.28,0,0
TXN-2026-00765,2026-01-08 12:56:00,22000.0,Transferencia Khipu,Getnet,Chile,Mobile App Android,0.07,0,0
TXN-2026-00766,2026-02-28 15:33:00,6300.0,Tarjeta Debito,Kushki,EE.UU.,Mobile App iOS,0.22,0,0
TXN-2026-00767,2026-08-10 19:22:00,18800.0,Tarjeta Debito,Mercado Pago,Chile,Web Mobile,0.42,0,0
TXN-2026-00768,2026-05-29 14:56:00,186200.0,Tarjeta Debito,Kushki,Chile,Mobile App Android,0.18,0,0
TXN-2026-00769,2026-06-15 20:27:00,32000.0,Tarjeta Debito,Kushki,Chile,Mobile App iOS,0.29,0,0
TXN-2026-00770,2026-01-17 23:56:00,32900.0,Tarjeta Debito,Kushki,Chile,Mobile App Android,0.06,0,0
TXN-2026-00771,2026-07-23 17:01:00,26300.0,Tarjeta Debito,Kushki,Argentina,Web Mobile,0.32,0,0
TXN-2026-00772,2026-06-28 12:52:00,35500.0,Tarjeta Debito,Kushki,Colombia,Mobile App Android,0.13,0,0
TXN-2026-00773,2026-07-27 17:28:00,10600.0,Transferencia Khipu,Mercado Pago,Perú,Web Desktop,0.1,0,0
TXN-2026-00774,2026-06-03 11:30:00,29500.0,Tarjeta Credito,Kushki,Chile,Web Mobile,0.1,0,0
TXN-2026-00775,2026-05-16 07:02:00,12100.0,Tarjeta Debito,Getnet,Chile,Web Mobile,0.03,0,0
TXN-2026-00776,2026-02-12 08:58:00,31500.0,Tarjeta Debito,Webpay Plus,Chile,Mobile App iOS,0.07,0,0
TXN-2026-00777,2026-03-28 19:39:00,10500.0,Tarjeta Credito,Mercado Pago,Chile,Web Mobile,0.11,0,0
TXN-2026-00778,2026-01-14 16:10:00,13500.0,Tarjeta Credito,Mercado Pago,EE.UU.,Mobile App iOS,0.38,0,0
TXN-2026-00779,2026-05-31 00:51:00,16800.0,Tarjeta Credito,Kushki,Colombia,Mobile App Android,0.23,0,0
TXN-2026-00780,2026-02-03 00:48:00,92200.0,Tarjeta Credito,Getnet,Perú,Mobile App iOS,0.33,0,0
TXN-2026-00781,2026-01-29 22:14:00,10100.0,Tarjeta Credito,Mercado Pago,Chile,Web Desktop,0.22,0,0
TXN-2026-00782,2026-06-27 21:57:00,4800.0,Tarjeta Debito,Getnet,Chile,Web Desktop,0.13,1,0
TXN-2026-00783,2026-02-24 03:19:00,32900.0,Tarjeta Credito,Getnet,Argentina,Mobile App iOS,0.22,0,0
TXN-2026-00784,2026-07-14 04:43:00,9300.0,Tarjeta Credito,Getnet,Chile,Web Mobile,0.2,1,0
TXN-2026-00785,2026-02-19 14:13:00,3900.0,Tarjeta Credito,Getnet,Chile,Mobile App Android,0.27,0,0
TXN-2026-00786,2026-06-13 14:32:00,14100.0,Tarjeta Debito,Kushki,Chile,Mobile App Android,0.28,0,0
TXN-2026-00787,2026-07-12 07:31:00,18100.0,Tarjeta Credito,Getnet,Chile,Web Mobile,0.16,0,0
TXN-2026-00788,2026-03-14 13:36:00,42000.0,Tarjeta Credito,Webpay Plus,Chile,Web Desktop,0.39,0,0
TXN-2026-00789,2026-02-27 17:11:00,8200.0,Tarjeta Credito,Getnet,Chile,Mobile App Android,0.06,0,0
TXN-2026-00790,2026-04-07 21:41:00,8700.0,Tarjeta Debito,Webpay Plus,Argentina,Web Desktop,0.06,0,0
TXN-2026-00791,2026-03-08 16:13:00,199100.0,Tarjeta Debito,Kushki,Chile,Mobile App Android,0.29,0,0
TXN-2026-00792,2026-04-19 21:58:00,6400.0,Transferencia Khipu,Getnet,Chile,Mobile App Android,0.11,0,0
TXN-2026-00793,2026-04-30 23:45:00,30900.0,Tarjeta Credito,Kushki,EE.UU.,Web Mobile,0.18,0,0
TXN-2026-00794,2026-04-09 12:41:00,13200.0,Prepago Digital,Getnet,Chile,Web Mobile,0.05,0,0
TXN-2026-00795,2026-08-18 00:34:00,15100.0,Tarjeta Debito,Kushki,Colombia,Mobile App iOS,0.22,0,0
TXN-2026-00796,2026-01-06 16:29:00,45700.0,Prepago Digital,Mercado Pago,Chile,Web Mobile,0.21,0,0
TXN-2026-00797,2026-07-31 04:38:00,22800.0,Prepago Digital,Getnet,Chile,Mobile App iOS,0.02,0,0
TXN-2026-00798,2026-05-22 03:34:00,2200.0,Tarjeta Credito,Webpay Plus,Chile,Web Mobile,0.06,0,0
TXN-2026-00799,2026-03-29 04:01:00,8600.0,Transferencia Khipu,Getnet,Chile,Web Mobile,0.04,0,0
TXN-2026-00800,2026-07-18 01:02:00,19800.0,Tarjeta Debito,Webpay Plus,Perú,Web Mobile,0.18,1,0
TXN-2026-00801,2026-05-17 17:20:00,33700.0,Tarjeta Debito,Kushki,Chile,Web Desktop,0.03,0,0
TXN-2026-00802,2026-01-23 15:44:00,23300.0,Tarjeta Credito,Mercado Pago,Chile,Web Mobile,0.21,0,0
TXN-2026-00803,2026-04-04 22:00:00,5400.0,Tarjeta Debito,Webpay Plus,Perú,Web Mobile,0.2,0,0
TXN-2026-00804,2026-05-23 04:35:00,50000.0,Tarjeta Debito,Webpay Plus,Chile,Web Mobile,0.73,3,1
TXN-2026-00805,2026-08-28 09:29:00,15300.0,Prepago Digital,Kushki,Chile,Web Desktop,0.31,0,0
TXN-2026-00806,2026-02-15 04:09:00,85000.0,Tarjeta Credito,Webpay Plus,Chile,Web Desktop,0.19,0,0
TXN-2026-00807,2026-08-18 22:09:00,12700.0,Tarjeta Credito,Kushki,Chile,Web Desktop,0.1,0,0
TXN-2026-00808,2026-06-19 11:25:00,57200.0,Tarjeta Credito,Kushki,Chile,Mobile App Android,0.21,0,0
TXN-2026-00809,2026-02-15 07:39:00,5300.0,Tarjeta Credito,Mercado Pago,Chile,Web Desktop,0.36,0,0
TXN-2026-00810,2026-03-31 13:51:00,39000.0,Prepago Digital,Webpay Plus,Chile,Mobile App iOS,0.18,0,0
TXN-2026-00811,2026-07-02 23:02:00,14400.0,Tarjeta Credito,Getnet,Colombia,Mobile App Android,0.11,1,0
TXN-2026-00812,2026-05-24 19:06:00,19200.0,Tarjeta Credito,Getnet,Chile,Mobile App iOS,0.09,0,0
TXN-2026-00813,2026-01-16 16:35:00,10500.0,Tarjeta Debito,Mercado Pago,Chile,Mobile App Android,0.17,0,0
TXN-2026-00814,2026-03-28 01:52:00,124800.0,Prepago Digital,Getnet,Chile,Mobile App Android,0.68,2,1
TXN-2026-00815,2026-01-02 22:17:00,4300.0,Tarjeta Debito,Webpay Plus,Chile,Web Mobile,0.44,0,0
TXN-2026-00816,2026-04-24 14:56:00,8700.0,Prepago Digital,Mercado Pago,Chile,Web Mobile,0.33,1,0
TXN-2026-00817,2026-01-18 21:44:00,20500.0,Prepago Digital,Mercado Pago,Colombia,Mobile App Android,0.32,0,0
TXN-2026-00818,2026-05-24 05:51:00,115600.0,Tarjeta Credito,Mercado Pago,Chile,Web Desktop,0.13,0,0
TXN-2026-00819,2026-03-30 00:16:00,15700.0,Tarjeta Credito,Webpay Plus,Chile,Web Desktop,0.33,1,0
TXN-2026-00820,2026-06-29 12:40:00,34900.0,Tarjeta Credito,Mercado Pago,Chile,Mobile App Android,0.25,0,0
TXN-2026-00821,2026-06-18 04:18:00,2200.0,Tarjeta Debito,Webpay Plus,Chile,Web Desktop,0.38,0,0
TXN-2026-00822,2026-07-15 20:08:00,24000.0,Tarjeta Credito,Webpay Plus,Chile,Mobile App iOS,0.18,0,0
TXN-2026-00823,2026-06-19 03:25:00,51600.0,Tarjeta Credito,Getnet,Chile,Mobile App iOS,0.4,1,0
TXN-2026-00824,2026-04-30 22:55:00,38200.0,Tarjeta Debito,Getnet,Chile,Web Mobile,0.32,0,0
TXN-2026-00825,2026-08-27 23:52:00,8900.0,Tarjeta Debito,Getnet,Chile,Web Desktop,0.14,0,0
TXN-2026-00826,2026-03-24 23:16:00,9400.0,Tarjeta Debito,Kushki,Chile,Web Mobile,0.27,0,0
TXN-2026-00827,2026-07-06 04:36:00,69600.0,Prepago Digital,Mercado Pago,Argentina,Mobile App Android,0.04,0,0
TXN-2026-00828,2026-07-26 15:35:00,9200.0,Tarjeta Debito,Mercado Pago,Colombia,Web Desktop,0.09,1,0
TXN-2026-00829,2026-03-17 18:02:00,7100.0,Tarjeta Credito,Getnet,Chile,Mobile App Android,0.24,0,0
TXN-2026-00830,2026-05-31 08:16:00,25500.0,Prepago Digital,Getnet,EE.UU.,Web Desktop,0.43,0,0
TXN-2026-00831,2026-08-14 17:56:00,27800.0,Tarjeta Debito,Getnet,Chile,Mobile App iOS,0.19,0,0
TXN-2026-00832,2026-08-28 21:02:00,38900.0,Transferencia Khipu,Getnet,Chile,Web Mobile,0.17,0,0
TXN-2026-00833,2026-08-19 20:57:00,29900.0,Tarjeta Credito,Webpay Plus,Chile,Web Mobile,0.07,0,0
TXN-2026-00834,2026-03-31 07:05:00,34400.0,Tarjeta Credito,Kushki,Chile,Mobile App iOS,0.1,0,0
TXN-2026-00835,2026-07-31 00:22:00,379100.0,Tarjeta Debito,Webpay Plus,Chile,Web Desktop,0.69,4,1
TXN-2026-00836,2026-01-15 01:57:00,6300.0,Tarjeta Credito,Kushki,Chile,Mobile App iOS,0.16,0,0
TXN-2026-00837,2026-07-19 06:14:00,20000.0,Tarjeta Debito,Kushki,Argentina,Mobile App Android,0.35,0,0
TXN-2026-00838,2026-03-20 03:50:00,10400.0,Tarjeta Credito,Mercado Pago,Chile,Web Desktop,0.24,0,0
TXN-2026-00839,2026-02-14 09:40:00,5600.0,Tarjeta Debito,Webpay Plus,Chile,Mobile App iOS,0.23,0,0
TXN-2026-00840,2026-01-16 07:15:00,40100.0,Prepago Digital,Getnet,Chile,Mobile App iOS,0.27,0,0
TXN-2026-00841,2026-05-11 08:57:00,31200.0,Transferencia Khipu,Getnet,Chile,Mobile App Android,0.23,0,0
TXN-2026-00842,2026-07-27 15:10:00,6200.0,Tarjeta Credito,Webpay Plus,Chile,Mobile App iOS,0.14,0,0
TXN-2026-00843,2026-01-10 19:57:00,20800.0,Tarjeta Debito,Getnet,Chile,Web Desktop,0.08,0,0
TXN-2026-00844,2026-08-17 13:40:00,11700.0,Tarjeta Debito,Kushki,Chile,Mobile App iOS,0.13,0,0
TXN-2026-00845,2026-05-05 11:39:00,43700.0,Tarjeta Credito,Mercado Pago,Chile,Web Mobile,0.43,0,0
TXN-2026-00846,2026-06-11 09:18:00,30700.0,Tarjeta Credito,Mercado Pago,Colombia,Web Mobile,0.19,0,0
TXN-2026-00847,2026-07-23 23:03:00,15900.0,Tarjeta Debito,Kushki,Perú,Mobile App Android,0.39,0,0
TXN-2026-00848,2026-05-18 13:47:00,1700.0,Tarjeta Debito,Kushki,Chile,Web Mobile,0.2,0,0
TXN-2026-00849,2026-01-28 09:57:00,71500.0,Tarjeta Credito,Mercado Pago,Chile,Mobile App iOS,0.05,1,0
TXN-2026-00850,2026-04-28 03:43:00,20700.0,Tarjeta Credito,Getnet,Chile,Web Mobile,0.33,1,0
TXN-2026-00851,2026-06-26 07:10:00,26200.0,Transferencia Khipu,Mercado Pago,Argentina,Mobile App iOS,0.32,0,0
TXN-2026-00852,2026-04-10 19:57:00,9800.0,Tarjeta Credito,Getnet,Chile,Mobile App Android,0.4,0,0
TXN-2026-00853,2026-05-30 10:59:00,1900.0,Prepago Digital,Getnet,Colombia,Mobile App Android,0.2,0,0
TXN-2026-00854,2026-04-10 01:01:00,258100.0,Prepago Digital,Mercado Pago,Chile,Mobile App iOS,0.72,3,1
TXN-2026-00855,2026-03-18 05:52:00,16600.0,Tarjeta Credito,Getnet,Chile,Mobile App Android,0.29,0,0
TXN-2026-00856,2026-07-27 11:36:00,8600.0,Transferencia Khipu,Webpay Plus,Perú,Web Mobile,0.1,1,0
TXN-2026-00857,2026-02-23 14:06:00,10400.0,Tarjeta Debito,Kushki,Chile,Web Mobile,0.44,0,0
TXN-2026-00858,2026-02-06 22:43:00,57300.0,Tarjeta Credito,Mercado Pago,EE.UU.,Mobile App Android,0.27,0,0
TXN-2026-00859,2026-08-10 13:01:00,26800.0,Tarjeta Credito,Webpay Plus,Chile,Mobile App Android,0.39,0,0
TXN-2026-00860,2026-05-13 06:28:00,14000.0,Tarjeta Debito,Getnet,EE.UU.,Mobile App Android,0.2,0,0
TXN-2026-00861,2026-06-29 23:17:00,42400.0,Tarjeta Debito,Webpay Plus,Perú,Mobile App Android,0.28,0,0
TXN-2026-00862,2026-05-20 20:34:00,2200.0,Tarjeta Credito,Getnet,Perú,Mobile App iOS,0.18,0,0
TXN-2026-00863,2026-04-23 20:41:00,14800.0,Tarjeta Debito,Mercado Pago,EE.UU.,Mobile App iOS,0.1,0,0
TXN-2026-00864,2026-01-26 17:27:00,11200.0,Prepago Digital,Webpay Plus,Chile,Mobile App Android,0.02,0,0
TXN-2026-00865,2026-06-27 09:27:00,22800.0,Tarjeta Debito,Webpay Plus,Chile,Mobile App iOS,0.09,0,0
TXN-2026-00866,2026-04-24 19:37:00,40700.0,Tarjeta Credito,Webpay Plus,Chile,Web Desktop,0.33,0,0
TXN-2026-00867,2026-04-15 01:29:00,43600.0,Tarjeta Debito,Mercado Pago,Chile,Web Mobile,0.4,0,0
TXN-2026-00868,2026-07-18 01:22:00,2800.0,Tarjeta Credito,Getnet,Chile,Mobile App iOS,0.1,0,0
TXN-2026-00869,2026-07-03 17:36:00,7600.0,Tarjeta Debito,Webpay Plus,Chile,Web Mobile,0.12,0,0
TXN-2026-00870,2026-07-24 08:39:00,18400.0,Tarjeta Debito,Getnet,Perú,Mobile App iOS,0.16,0,0
TXN-2026-00871,2026-07-10 06:28:00,4100.0,Tarjeta Debito,Getnet,Chile,Mobile App Android,0.39,0,0
TXN-2026-00872,2026-05-04 21:14:00,20700.0,Tarjeta Credito,Webpay Plus,Chile,Mobile App Android,0.08,0,0
TXN-2026-00873,2026-06-27 20:08:00,71900.0,Transferencia Khipu,Mercado Pago,Chile,Mobile App iOS,0.26,0,0
TXN-2026-00874,2026-01-22 18:10:00,75200.0,Tarjeta Credito,Getnet,Chile,Mobile App iOS,0.33,0,0
TXN-2026-00875,2026-08-20 09:23:00,12800.0,Tarjeta Debito,Mercado Pago,Argentina,Mobile App iOS,0.14,0,0
TXN-2026-00876,2026-08-01 01:04:00,10200.0,Tarjeta Credito,Getnet,Chile,Web Desktop,0.03,0,0
TXN-2026-00877,2026-01-03 01:26:00,8100.0,Tarjeta Debito,Getnet,Chile,Web Mobile,0.22,0,0
TXN-2026-00878,2026-06-01 19:15:00,21100.0,Tarjeta Credito,Getnet,Chile,Web Mobile,0.36,0,0
TXN-2026-00879,2026-03-17 07:59:00,5800.0,Tarjeta Debito,Kushki,Chile,Web Desktop,0.03,1,0
TXN-2026-00880,2026-06-12 17:00:00,21500.0,Tarjeta Credito,Getnet,Chile,Mobile App Android,0.13,0,0
TXN-2026-00881,2026-08-03 11:00:00,12000.0,Tarjeta Debito,Mercado Pago,EE.UU.,Web Mobile,0.41,0,0
TXN-2026-00882,2026-02-25 22:05:00,9000.0,Tarjeta Credito,Webpay Plus,Chile,Mobile App iOS,0.25,0,0
TXN-2026-00883,2026-03-01 21:25:00,12700.0,Tarjeta Credito,Kushki,Chile,Web Desktop,0.14,0,0
TXN-2026-00884,2026-03-23 04:35:00,2500.0,Tarjeta Credito,Webpay Plus,Perú,Web Mobile,0.16,0,0
TXN-2026-00885,2026-07-10 19:49:00,1900.0,Tarjeta Credito,Mercado Pago,Chile,Web Desktop,0.34,0,0
TXN-2026-00886,2026-07-16 16:45:00,2500.0,Tarjeta Debito,Kushki,Chile,Mobile App iOS,0.3,0,0
TXN-2026-00887,2026-06-11 17:55:00,10300.0,Tarjeta Debito,Mercado Pago,Chile,Mobile App Android,0.45,0,0
TXN-2026-00888,2026-05-03 15:25:00,86300.0,Tarjeta Credito,Webpay Plus,Chile,Web Mobile,0.39,0,0
TXN-2026-00889,2026-02-10 17:05:00,45200.0,Tarjeta Credito,Mercado Pago,Argentina,Web Mobile,0.4,0,0
TXN-2026-00890,2026-06-02 12:43:00,17100.0,Tarjeta Credito,Kushki,Chile,Mobile App iOS,0.32,0,0
TXN-2026-00891,2026-07-06 13:24:00,3116700.0,Tarjeta Credito,Webpay Plus,Perú,Mobile App Android,0.85,3,1
TXN-2026-00892,2026-04-18 10:50:00,14800.0,Tarjeta Credito,Mercado Pago,Chile,Web Mobile,0.18,0,0
TXN-2026-00893,2026-03-06 04:10:00,38300.0,Tarjeta Credito,Webpay Plus,Chile,Web Desktop,0.07,0,0
TXN-2026-00894,2026-05-09 19:56:00,31900.0,Prepago Digital,Webpay Plus,Argentina,Web Mobile,0.41,0,0
TXN-2026-00895,2026-04-22 13:41:00,2200.0,Tarjeta Debito,Getnet,Argentina,Mobile App iOS,0.07,0,0
TXN-2026-00896,2026-02-23 17:49:00,15700.0,Tarjeta Debito,Mercado Pago,Chile,Web Mobile,0.23,0,0
TXN-2026-00897,2026-05-09 15:40:00,29500.0,Tarjeta Debito,Getnet,Chile,Mobile App Android,0.44,0,0
TXN-2026-00898,2026-02-19 16:31:00,18900.0,Tarjeta Credito,Kushki,Chile,Web Desktop,0.37,0,0
TXN-2026-00899,2026-05-16 15:04:00,82300.0,Tarjeta Debito,Getnet,Chile,Web Mobile,0.25,0,0
TXN-2026-00900,2026-07-24 17:20:00,39600.0,Tarjeta Debito,Mercado Pago,Chile,Mobile App iOS,0.3,0,0
TXN-2026-00901,2026-05-23 22:36:00,3700.0,Prepago Digital,Getnet,Colombia,Mobile App iOS,0.22,0,0
TXN-2026-00902,2026-05-25 02:14:00,33800.0,Tarjeta Debito,Webpay Plus,Chile,Mobile App iOS,0.04,0,0
TXN-2026-00903,2026-07-14 13:16:00,1100.0,Tarjeta Debito,Getnet,Chile,Web Mobile,0.13,0,0
TXN-2026-00904,2026-07-03 09:57:00,63300.0,Prepago Digital,Getnet,Chile,Web Desktop,0.42,0,0
TXN-2026-00905,2026-02-13 19:18:00,31300.0,Tarjeta Debito,Mercado Pago,Chile,Web Mobile,0.37,1,0
TXN-2026-00906,2026-06-25 14:53:00,9000.0,Prepago Digital,Kushki,Chile,Web Desktop,0.41,0,0
TXN-2026-00907,2026-02-16 03:11:00,81100.0,Tarjeta Credito,Kushki,Chile,Mobile App iOS,0.21,1,0
TXN-2026-00908,2026-02-09 10:30:00,23400.0,Tarjeta Credito,Getnet,Perú,Mobile App iOS,0.45,0,0
TXN-2026-00909,2026-01-13 01:52:00,31200.0,Tarjeta Credito,Mercado Pago,Chile,Web Desktop,0.43,0,0
TXN-2026-00910,2026-05-28 08:38:00,12700.0,Tarjeta Debito,Mercado Pago,Chile,Web Mobile,0.44,0,0
TXN-2026-00911,2026-02-19 11:14:00,51500.0,Tarjeta Credito,Webpay Plus,Argentina,Web Mobile,0.04,0,0
TXN-2026-00912,2026-06-09 21:37:00,23900.0,Tarjeta Credito,Kushki,Chile,Web Mobile,0.25,0,0
TXN-2026-00913,2026-08-26 15:36:00,17900.0,Transferencia Khipu,Mercado Pago,Chile,Mobile App iOS,0.04,0,0
TXN-2026-00914,2026-05-01 22:35:00,59900.0,Tarjeta Debito,Kushki,Chile,Mobile App Android,0.19,0,0
TXN-2026-00915,2026-08-27 22:16:00,19800.0,Prepago Digital,Getnet,Chile,Mobile App Android,0.34,0,0
TXN-2026-00916,2026-04-29 13:17:00,10600.0,Prepago Digital,Kushki,Chile,Mobile App iOS,0.25,1,0
TXN-2026-00917,2026-05-01 02:22:00,28700.0,Tarjeta Credito,Getnet,Chile,Web Desktop,0.41,0,0
TXN-2026-00918,2026-04-06 01:48:00,34500.0,Tarjeta Debito,Webpay Plus,Chile,Web Mobile,0.82,2,1
TXN-2026-00919,2026-07-31 06:51:00,1600.0,Tarjeta Credito,Kushki,Chile,Web Mobile,0.1,0,0
TXN-2026-00920,2026-06-22 10:24:00,30900.0,Prepago Digital,Webpay Plus,Chile,Web Mobile,0.31,0,0
TXN-2026-00921,2026-02-22 03:20:00,91400.0,Prepago Digital,Getnet,Chile,Mobile App Android,0.92,4,1
TXN-2026-00922,2026-01-19 00:43:00,12800.0,Prepago Digital,Getnet,Argentina,Web Desktop,0.39,0,0
TXN-2026-00923,2026-03-14 06:41:00,18800.0,Tarjeta Debito,Getnet,Chile,Web Desktop,0.05,0,0
TXN-2026-00924,2026-03-03 02:28:00,29700.0,Tarjeta Credito,Getnet,Chile,Mobile App Android,0.37,0,0
TXN-2026-00925,2026-04-08 12:27:00,124100.0,Transferencia Khipu,Webpay Plus,Chile,Web Mobile,0.12,1,0
TXN-2026-00926,2026-05-01 22:07:00,39800.0,Prepago Digital,Kushki,Chile,Web Desktop,0.42,1,0
TXN-2026-00927,2026-08-29 23:18:00,8900.0,Tarjeta Credito,Kushki,Chile,Web Desktop,0.04,0,0
TXN-2026-00928,2026-06-13 08:18:00,6900.0,Tarjeta Debito,Kushki,Chile,Mobile App Android,0.35,1,0
TXN-2026-00929,2026-01-10 08:27:00,41800.0,Tarjeta Debito,Mercado Pago,Chile,Web Desktop,0.02,0,0
TXN-2026-00930,2026-01-08 16:47:00,16700.0,Tarjeta Credito,Mercado Pago,Chile,Web Desktop,0.28,0,0
TXN-2026-00931,2026-03-20 15:21:00,8100.0,Tarjeta Credito,Kushki,Chile,Mobile App iOS,0.24,0,0
TXN-2026-00932,2026-02-18 10:29:00,21900.0,Tarjeta Credito,Getnet,Argentina,Mobile App Android,0.22,0,0
TXN-2026-00933,2026-05-27 05:58:00,9100.0,Tarjeta Debito,Mercado Pago,Chile,Mobile App Android,0.28,0,0
TXN-2026-00934,2026-02-09 03:54:00,151500.0,Tarjeta Debito,Kushki,Argentina,Web Mobile,0.96,5,1
TXN-2026-00935,2026-05-19 10:47:00,28100.0,Prepago Digital,Mercado Pago,Chile,Web Desktop,0.44,0,0
TXN-2026-00936,2026-07-14 05:05:00,40200.0,Tarjeta Debito,Mercado Pago,EE.UU.,Mobile App iOS,0.16,0,0
TXN-2026-00937,2026-04-01 13:44:00,12600.0,Tarjeta Debito,Webpay Plus,Chile,Web Mobile,0.16,0,0
TXN-2026-00938,2026-01-27 03:21:00,58400.0,Tarjeta Credito,Webpay Plus,Chile,Mobile App iOS,0.2,0,0
TXN-2026-00939,2026-06-03 16:37:00,4500.0,Tarjeta Credito,Webpay Plus,Chile,Mobile App Android,0.11,0,0
TXN-2026-00940,2026-08-29 15:12:00,50900.0,Tarjeta Debito,Mercado Pago,Chile,Mobile App iOS,0.31,1,0
TXN-2026-00941,2026-02-23 11:59:00,4900.0,Tarjeta Credito,Webpay Plus,Chile,Web Desktop,0.09,0,0
TXN-2026-00942,2026-02-20 09:46:00,9100.0,Tarjeta Debito,Webpay Plus,Chile,Mobile App Android,0.17,0,0
TXN-2026-00943,2026-01-11 22:51:00,45500.0,Transferencia Khipu,Getnet,Argentina,Mobile App Android,0.1,0,0
TXN-2026-00944,2026-02-20 19:50:00,125400.0,Tarjeta Credito,Kushki,Chile,Mobile App iOS,0.37,0,0
TXN-2026-00945,2026-03-23 18:48:00,6300.0,Tarjeta Debito,Webpay Plus,Chile,Mobile App Android,0.27,1,0
TXN-2026-00946,2026-07-22 00:18:00,32500.0,Transferencia Khipu,Getnet,Chile,Web Mobile,0.79,5,1
TXN-2026-00947,2026-05-04 18:17:00,4200.0,Tarjeta Debito,Webpay Plus,Chile,Web Mobile,0.42,0,0
TXN-2026-00948,2026-04-26 17:38:00,12600.0,Transferencia Khipu,Kushki,Argentina,Web Mobile,0.3,0,0
TXN-2026-00949,2026-06-16 14:12:00,20200.0,Tarjeta Debito,Kushki,Chile,Mobile App Android,0.31,0,0
TXN-2026-00950,2026-01-07 21:26:00,11500.0,Tarjeta Debito,Webpay Plus,Chile,Web Desktop,0.42,0,0
TXN-2026-00951,2026-03-05 05:36:00,41300.0,Transferencia Khipu,Mercado Pago,Chile,Web Desktop,0.24,1,0
TXN-2026-00952,2026-01-12 21:02:00,27300.0,Tarjeta Debito,Mercado Pago,Argentina,Web Desktop,0.22,0,0
TXN-2026-00953,2026-03-05 00:19:00,50100.0,Prepago Digital,Webpay Plus,Perú,Web Mobile,0.22,1,0
TXN-2026-00954,2026-02-13 06:32:00,10500.0,Tarjeta Debito,Webpay Plus,Argentina,Web Mobile,0.19,0,0
TXN-2026-00955,2026-08-10 19:24:00,67200.0,Tarjeta Credito,Kushki,Chile,Web Mobile,0.37,0,0
TXN-2026-00956,2026-03-20 19:30:00,97200.0,Tarjeta Credito,Getnet,Chile,Mobile App Android,0.43,0,0
TXN-2026-00957,2026-06-01 16:09:00,24200.0,Tarjeta Debito,Mercado Pago,EE.UU.,Web Desktop,0.25,0,0
TXN-2026-00958,2026-03-30 09:18:00,142900.0,Tarjeta Credito,Webpay Plus,Chile,Mobile App iOS,0.3,0,0
TXN-2026-00959,2026-06-12 18:39:00,3300.0,Tarjeta Debito,Getnet,Chile,Web Mobile,0.16,0,0
TXN-2026-00960,2026-05-26 06:07:00,75400.0,Tarjeta Credito,Getnet,Perú,Web Mobile,0.21,0,0
TXN-2026-00961,2026-02-13 12:39:00,6900.0,Tarjeta Credito,Kushki,Chile,Web Mobile,0.34,0,0
TXN-2026-00962,2026-01-03 04:15:00,12100.0,Tarjeta Credito,Getnet,Chile,Web Desktop,0.42,0,0
TXN-2026-00963,2026-02-12 02:09:00,17100.0,Tarjeta Debito,Mercado Pago,Chile,Web Desktop,0.28,1,0
TXN-2026-00964,2026-01-03 10:22:00,3300.0,Prepago Digital,Kushki,Perú,Mobile App Android,0.06,0,0
TXN-2026-00965,2026-01-27 11:24:00,15200.0,Prepago Digital,Webpay Plus,Chile,Mobile App Android,0.34,0,0
TXN-2026-00966,2026-06-25 12:16:00,21500.0,Tarjeta Debito,Webpay Plus,Chile,Mobile App Android,0.21,0,0
TXN-2026-00967,2026-03-14 02:20:00,58400.0,Tarjeta Debito,Kushki,Chile,Mobile App Android,0.27,0,0
TXN-2026-00968,2026-01-03 01:51:00,19200.0,Tarjeta Credito,Getnet,EE.UU.,Mobile App Android,0.14,1,0
TXN-2026-00969,2026-04-02 18:34:00,22500.0,Prepago Digital,Mercado Pago,Chile,Mobile App Android,0.09,0,0
TXN-2026-00970,2026-05-01 19:42:00,22900.0,Tarjeta Debito,Kushki,Chile,Web Desktop,0.18,0,0
TXN-2026-00971,2026-05-02 21:17:00,103200.0,Tarjeta Credito,Kushki,Chile,Mobile App Android,0.91,4,1
TXN-2026-00972,2026-07-03 09:44:00,9400.0,Tarjeta Credito,Getnet,Chile,Mobile App iOS,0.44,0,0
TXN-2026-00973,2026-05-05 01:51:00,100700.0,Tarjeta Credito,Kushki,Argentina,Mobile App Android,0.23,0,0
TXN-2026-00974,2026-04-30 11:06:00,32600.0,Tarjeta Debito,Webpay Plus,Argentina,Mobile App Android,0.17,1,0
TXN-2026-00975,2026-08-12 02:36:00,12000.0,Tarjeta Debito,Mercado Pago,Chile,Mobile App iOS,0.35,0,0
TXN-2026-00976,2026-07-24 04:19:00,10700.0,Tarjeta Debito,Webpay Plus,Chile,Web Mobile,0.41,0,0
TXN-2026-00977,2026-03-31 17:04:00,14100.0,Tarjeta Debito,Mercado Pago,Chile,Web Mobile,0.22,1,0
TXN-2026-00978,2026-06-13 03:49:00,231100.0,Tarjeta Credito,Webpay Plus,Argentina,Web Desktop,0.77,4,1
TXN-2026-00979,2026-04-06 17:27:00,30600.0,Tarjeta Credito,Webpay Plus,Chile,Web Desktop,0.42,0,0
TXN-2026-00980,2026-03-14 01:05:00,7700.0,Tarjeta Credito,Webpay Plus,Chile,Mobile App iOS,0.16,0,0
TXN-2026-00981,2026-03-18 06:45:00,18900.0,Transferencia Khipu,Kushki,Perú,Mobile App iOS,0.06,0,0
TXN-2026-00982,2026-03-26 01:43:00,10700.0,Tarjeta Debito,Webpay Plus,Chile,Mobile App iOS,0.26,0,0
TXN-2026-00983,2026-04-06 05:13:00,10500.0,Tarjeta Credito,Kushki,EE.UU.,Mobile App Android,0.32,0,0
TXN-2026-00984,2026-06-06 10:13:00,39500.0,Tarjeta Debito,Mercado Pago,Chile,Mobile App Android,0.13,0,0
TXN-2026-00985,2026-07-28 15:43:00,74900.0,Tarjeta Debito,Webpay Plus,Chile,Web Desktop,0.24,0,0
TXN-2026-00986,2026-01-12 16:54:00,32100.0,Tarjeta Debito,Getnet,Chile,Web Mobile,0.17,0,0
TXN-2026-00987,2026-04-07 14:02:00,31700.0,Tarjeta Credito,Kushki,Chile,Mobile App iOS,0.36,0,0
TXN-2026-00988,2026-05-18 04:35:00,11300.0,Tarjeta Credito,Getnet,Chile,Mobile App Android,0.27,1,0
TXN-2026-00989,2026-08-16 04:53:00,5800.0,Tarjeta Credito,Mercado Pago,Chile,Mobile App Android,0.3,0,0
TXN-2026-00990,2026-07-10 01:16:00,3400.0,Transferencia Khipu,Getnet,Chile,Web Desktop,0.29,0,0
TXN-2026-00991,2026-06-05 18:30:00,26000.0,Tarjeta Credito,Kushki,Chile,Web Mobile,0.23,1,0
TXN-2026-00992,2026-02-23 20:13:00,8900.0,Tarjeta Debito,Getnet,Chile,Web Desktop,0.17,1,0
TXN-2026-00993,2026-03-06 19:05:00,5500.0,Tarjeta Debito,Mercado Pago,Colombia,Web Desktop,0.41,0,0
TXN-2026-00994,2026-06-06 01:48:00,120600.0,Tarjeta Debito,Getnet,Chile,Web Desktop,0.26,0,0
TXN-2026-00995,2026-07-06 12:04:00,7500.0,Tarjeta Debito,Mercado Pago,Chile,Mobile App iOS,0.01,0,0
TXN-2026-00996,2026-02-02 19:16:00,4200.0,Transferencia Khipu,Kushki,Chile,Mobile App iOS,0.02,0,0
TXN-2026-00997,2026-08-14 17:44:00,25400.0,Tarjeta Debito,Mercado Pago,Chile,Web Desktop,0.31,0,0
TXN-2026-00998,2026-02-11 16:27:00,207900.0,Tarjeta Credito,Getnet,Chile,Mobile App iOS,0.22,0,0
TXN-2026-00999,2026-06-06 01:36:00,54700.0,Tarjeta Credito,Getnet,Perú,Mobile App Android,0.44,0,0
TXN-2026-01000,2026-03-05 05:15:00,43000.0,Tarjeta Debito,Getnet,Chile,Web Mobile,0.41,0,0
TXN-2026-01001,2026-08-10 10:40:00,25500.0,Transferencia Khipu,Getnet,Chile,Mobile App Android,0.28,0,0
TXN-2026-01002,2026-04-22 03:56:00,13600.0,Prepago Digital,Webpay Plus,Chile,Mobile App iOS,0.83,2,1
TXN-2026-01003,2026-04-02 23:18:00,9600.0,Tarjeta Debito,Webpay Plus,Colombia,Web Desktop,0.16,0,0
TXN-2026-01004,2026-01-08 00:03:00,415700.0,Tarjeta Debito,Mercado Pago,Chile,Web Desktop,0.95,4,1
TXN-2026-01005,2026-06-01 21:14:00,10200.0,Tarjeta Credito,Webpay Plus,Colombia,Web Desktop,0.41,0,0
TXN-2026-01006,2026-08-21 02:52:00,499300.0,Tarjeta Credito,Mercado Pago,Chile,Web Desktop,0.98,3,1
TXN-2026-01007,2026-06-07 16:03:00,35000.0,Tarjeta Debito,Getnet,Chile,Web Desktop,0.22,0,0
TXN-2026-01008,2026-04-17 14:11:00,30900.0,Tarjeta Credito,Webpay Plus,Chile,Mobile App iOS,0.22,0,0
TXN-2026-01009,2026-06-15 07:52:00,15700.0,Tarjeta Credito,Mercado Pago,Chile,Mobile App iOS,0.12,0,0
TXN-2026-01010,2026-07-30 09:08:00,15400.0,Tarjeta Credito,Getnet,Colombia,Mobile App Android,0.16,0,0
TXN-2026-01011,2026-04-27 21:12:00,29500.0,Tarjeta Credito,Mercado Pago,Chile,Mobile App iOS,0.02,0,0
TXN-2026-01012,2026-05-20 15:39:00,11200.0,Tarjeta Debito,Getnet,Chile,Web Desktop,0.26,1,0
TXN-2026-01013,2026-08-26 09:49:00,24900.0,Tarjeta Credito,Kushki,Chile,Web Desktop,0.05,1,0
TXN-2026-01014,2026-03-10 11:54:00,3900.0,Tarjeta Credito,Webpay Plus,Chile,Mobile App Android,0.2,0,0
TXN-2026-01015,2026-06-11 07:42:00,8800.0,Tarjeta Credito,Webpay Plus,EE.UU.,Mobile App Android,0.32,0,0
TXN-2026-01016,2026-07-06 08:56:00,28800.0,Tarjeta Debito,Mercado Pago,Chile,Mobile App Android,0.06,0,0
TXN-2026-01017,2026-06-15 12:49:00,61500.0,Tarjeta Credito,Getnet,Chile,Mobile App iOS,0.45,0,0
TXN-2026-01018,2026-01-31 00:47:00,58500.0,Tarjeta Credito,Kushki,Chile,Web Mobile,0.29,0,0
TXN-2026-01019,2026-06-22 22:34:00,29000.0,Prepago Digital,Getnet,Chile,Mobile App Android,0.14,0,0
TXN-2026-01020,2026-05-05 04:18:00,8800.0,Tarjeta Debito,Mercado Pago,Chile,Mobile App iOS,0.37,0,0
TXN-2026-01021,2026-08-17 05:26:00,33100.0,Prepago Digital,Kushki,Chile,Mobile App Android,0.02,0,0
TXN-2026-01022,2026-08-08 03:46:00,20600.0,Tarjeta Debito,Mercado Pago,Colombia,Mobile App Android,0.32,0,0
TXN-2026-01023,2026-04-09 11:48:00,15100.0,Tarjeta Debito,Mercado Pago,Argentina,Mobile App Android,0.27,0,0
TXN-2026-01024,2026-08-14 01:20:00,57200.0,Tarjeta Debito,Webpay Plus,Chile,Web Mobile,0.35,0,0
TXN-2026-01025,2026-08-05 13:44:00,21600.0,Tarjeta Debito,Webpay Plus,Argentina,Web Desktop,0.12,0,0
TXN-2026-01026,2026-02-01 18:40:00,66100.0,Tarjeta Debito,Webpay Plus,Chile,Web Desktop,0.11,1,0
TXN-2026-01027,2026-04-03 11:02:00,6100.0,Tarjeta Debito,Kushki,Chile,Web Desktop,0.3,0,0
TXN-2026-01028,2026-02-06 04:02:00,659600.0,Tarjeta Debito,Webpay Plus,Chile,Mobile App iOS,0.67,5,1
TXN-2026-01029,2026-04-05 23:44:00,28100.0,Tarjeta Credito,Kushki,Perú,Mobile App iOS,0.28,1,0
TXN-2026-01030,2026-03-30 01:14:00,6700.0,Tarjeta Credito,Webpay Plus,Chile,Mobile App Android,0.17,0,0
TXN-2026-01031,2026-07-05 22:39:00,32600.0,Transferencia Khipu,Webpay Plus,Chile,Mobile App Android,0.15,0,0
TXN-2026-01032,2026-05-31 02:01:00,40500.0,Tarjeta Credito,Getnet,Chile,Web Desktop,0.2,0,0
TXN-2026-01033,2026-01-16 11:07:00,7200.0,Tarjeta Credito,Kushki,Chile,Mobile App iOS,0.27,0,0
TXN-2026-01034,2026-05-13 16:20:00,22900.0,Tarjeta Credito,Kushki,Chile,Mobile App Android,0.06,0,0
TXN-2026-01035,2026-01-14 21:17:00,22200.0,Transferencia Khipu,Getnet,Chile,Mobile App iOS,0.18,0,0
TXN-2026-01036,2026-02-24 02:55:00,16000.0,Tarjeta Credito,Mercado Pago,Chile,Mobile App iOS,0.14,0,0
TXN-2026-01037,2026-01-02 00:53:00,4200.0,Prepago Digital,Mercado Pago,EE.UU.,Mobile App iOS,0.2,1,0
TXN-2026-01038,2026-05-06 22:30:00,7200.0,Tarjeta Credito,Mercado Pago,Perú,Mobile App Android,0.04,1,0
TXN-2026-01039,2026-08-12 06:51:00,1200.0,Tarjeta Credito,Getnet,Chile,Mobile App iOS,0.42,0,0
TXN-2026-01040,2026-01-12 05:20:00,16900.0,Tarjeta Debito,Getnet,Chile,Mobile App iOS,0.43,0,0
TXN-2026-01041,2026-07-26 05:14:00,20200.0,Prepago Digital,Kushki,Colombia,Web Mobile,0.27,0,0
TXN-2026-01042,2026-06-18 07:10:00,25400.0,Prepago Digital,Kushki,Argentina,Mobile App Android,0.17,0,0
TXN-2026-01043,2026-02-28 06:35:00,6400.0,Tarjeta Credito,Kushki,Chile,Web Mobile,0.32,0,0
TXN-2026-01044,2026-02-21 17:57:00,12500.0,Tarjeta Credito,Mercado Pago,Chile,Web Desktop,0.22,0,0
TXN-2026-01045,2026-07-28 20:09:00,13600.0,Tarjeta Debito,Kushki,Chile,Mobile App Android,0.17,0,0
TXN-2026-01046,2026-01-13 22:21:00,13100.0,Tarjeta Credito,Webpay Plus,Chile,Web Mobile,0.18,0,0
TXN-2026-01047,2026-06-05 13:36:00,204100.0,Tarjeta Credito,Webpay Plus,Colombia,Web Mobile,0.37,0,0
TXN-2026-01048,2026-08-21 09:01:00,39500.0,Tarjeta Credito,Kushki,Chile,Web Desktop,0.43,0,0
TXN-2026-01049,2026-03-08 12:17:00,22600.0,Tarjeta Credito,Getnet,Colombia,Mobile App iOS,0.13,0,0
TXN-2026-01050,2026-02-28 21:33:00,46200.0,Prepago Digital,Kushki,Argentina,Web Mobile,0.06,0,0
TXN-2026-01051,2026-03-31 04:41:00,39100.0,Prepago Digital,Webpay Plus,Perú,Mobile App Android,0.69,3,1
TXN-2026-01052,2026-01-09 19:55:00,20600.0,Tarjeta Credito,Getnet,Chile,Mobile App Android,0.12,0,0
TXN-2026-01053,2026-01-30 02:04:00,196500.0,Prepago Digital,Getnet,Chile,Web Mobile,0.35,0,0
TXN-2026-01054,2026-07-10 17:18:00,22600.0,Tarjeta Credito,Getnet,Perú,Mobile App Android,0.3,0,0
TXN-2026-01055,2026-01-28 22:49:00,6600.0,Tarjeta Debito,Getnet,Chile,Web Desktop,0.06,0,0
TXN-2026-01056,2026-06-28 16:43:00,26600.0,Tarjeta Debito,Kushki,Perú,Mobile App Android,0.01,0,0
TXN-2026-01057,2026-02-02 08:55:00,12400.0,Tarjeta Debito,Kushki,Chile,Mobile App iOS,0.22,0,0
TXN-2026-01058,2026-03-22 09:31:00,4000.0,Tarjeta Debito,Kushki,Chile,Mobile App Android,0.34,1,0
TXN-2026-01059,2026-02-14 02:33:00,8800.0,Prepago Digital,Getnet,Chile,Web Mobile,0.43,1,0
TXN-2026-01060,2026-07-05 14:27:00,27000.0,Tarjeta Credito,Kushki,Chile,Web Desktop,0.38,0,0
TXN-2026-01061,2026-05-03 01:29:00,56000.0,Tarjeta Credito,Mercado Pago,Chile,Mobile App iOS,0.39,1,0
TXN-2026-01062,2026-04-16 21:35:00,33800.0,Tarjeta Debito,Webpay Plus,Chile,Mobile App Android,0.39,0,0
TXN-2026-01063,2026-07-04 10:50:00,34700.0,Tarjeta Credito,Kushki,Chile,Mobile App Android,0.3,1,0
TXN-2026-01064,2026-05-28 13:36:00,11700.0,Tarjeta Credito,Kushki,Chile,Web Mobile,0.41,0,0
TXN-2026-01065,2026-01-16 06:30:00,24300.0,Tarjeta Debito,Webpay Plus,Chile,Web Desktop,0.27,0,0
TXN-2026-01066,2026-07-28 06:38:00,27200.0,Tarjeta Debito,Webpay Plus,Chile,Web Mobile,0.11,0,0
TXN-2026-01067,2026-03-27 06:29:00,10800.0,Tarjeta Credito,Getnet,Colombia,Web Mobile,0.29,0,0
TXN-2026-01068,2026-01-14 02:48:00,36400.0,Tarjeta Credito,Kushki,Perú,Web Desktop,0.24,0,0
TXN-2026-01069,2026-03-11 15:34:00,6300.0,Tarjeta Credito,Getnet,Chile,Mobile App Android,0.43,0,0
TXN-2026-01070,2026-06-02 18:26:00,159600.0,Tarjeta Credito,Webpay Plus,Chile,Web Mobile,0.36,0,0
TXN-2026-01071,2026-04-18 18:31:00,6100.0,Tarjeta Credito,Getnet,Chile,Web Mobile,0.31,0,0
TXN-2026-01072,2026-06-23 19:10:00,2600.0,Tarjeta Credito,Mercado Pago,Chile,Mobile App Android,0.29,0,0
TXN-2026-01073,2026-06-11 01:23:00,49500.0,Tarjeta Credito,Kushki,Chile,Mobile App iOS,0.28,0,0
TXN-2026-01074,2026-02-19 05:43:00,6600.0,Tarjeta Credito,Kushki,Chile,Mobile App Android,0.08,0,0
TXN-2026-01075,2026-07-11 21:15:00,36000.0,Tarjeta Debito,Mercado Pago,Chile,Web Mobile,0.27,0,0
TXN-2026-01076,2026-03-29 17:31:00,19000.0,Tarjeta Debito,Mercado Pago,Perú,Web Desktop,0.2,0,0
TXN-2026-01077,2026-03-07 20:17:00,7400.0,Tarjeta Debito,Webpay Plus,Chile,Mobile App Android,0.14,0,0
TXN-2026-01078,2026-07-30 00:54:00,269300.0,Tarjeta Credito,Webpay Plus,Chile,Web Mobile,0.33,0,0
TXN-2026-01079,2026-02-06 05:00:00,12900.0,Tarjeta Credito,Mercado Pago,Chile,Web Desktop,0.24,0,0
TXN-2026-01080,2026-08-06 06:03:00,108000.0,Tarjeta Debito,Mercado Pago,Chile,Web Desktop,0.01,0,0
TXN-2026-01081,2026-08-11 14:50:00,6500.0,Tarjeta Credito,Getnet,Chile,Web Desktop,0.25,0,0
TXN-2026-01082,2026-08-14 04:21:00,3600.0,Tarjeta Credito,Kushki,Chile,Mobile App iOS,0.05,0,0
TXN-2026-01083,2026-02-10 19:18:00,12700.0,Tarjeta Credito,Mercado Pago,Chile,Web Mobile,0.13,0,0
TXN-2026-01084,2026-05-25 08:31:00,41700.0,Tarjeta Debito,Webpay Plus,Chile,Web Mobile,0.93,3,1
TXN-2026-01085,2026-02-21 07:00:00,10200.0,Tarjeta Credito,Kushki,Chile,Mobile App iOS,0.23,0,0
TXN-2026-01086,2026-08-18 21:31:00,26900.0,Prepago Digital,Kushki,Chile,Mobile App iOS,0.38,0,0
TXN-2026-01087,2026-06-22 21:36:00,4900.0,Prepago Digital,Kushki,Chile,Mobile App Android,0.18,0,0
TXN-2026-01088,2026-04-22 06:32:00,66900.0,Tarjeta Credito,Getnet,Chile,Web Desktop,0.32,0,0
TXN-2026-01089,2026-03-12 04:19:00,2900.0,Tarjeta Credito,Kushki,Chile,Mobile App iOS,0.08,0,0
TXN-2026-01090,2026-02-01 17:09:00,52100.0,Prepago Digital,Getnet,Chile,Mobile App iOS,0.44,1,0
TXN-2026-01091,2026-08-01 01:09:00,4900.0,Tarjeta Debito,Mercado Pago,Chile,Mobile App iOS,0.27,0,0
TXN-2026-01092,2026-05-28 20:50:00,12400.0,Transferencia Khipu,Mercado Pago,Chile,Mobile App iOS,0.03,0,0
TXN-2026-01093,2026-08-03 17:52:00,33800.0,Tarjeta Credito,Mercado Pago,Chile,Web Desktop,0.4,0,0
TXN-2026-01094,2026-07-23 08:21:00,9000.0,Tarjeta Debito,Mercado Pago,Chile,Mobile App iOS,0.45,0,0
TXN-2026-01095,2026-05-18 10:58:00,8200.0,Tarjeta Credito,Getnet,Chile,Mobile App Android,0.35,0,0
TXN-2026-01096,2026-01-04 17:24:00,24500.0,Tarjeta Credito,Getnet,Perú,Mobile App Android,0.08,0,0
TXN-2026-01097,2026-05-08 11:15:00,60900.0,Tarjeta Credito,Getnet,Colombia,Web Desktop,0.41,0,0
TXN-2026-01098,2026-01-25 01:12:00,18800.0,Tarjeta Credito,Mercado Pago,Argentina,Mobile App Android,0.05,0,0
TXN-2026-01099,2026-08-02 06:53:00,24000.0,Tarjeta Credito,Mercado Pago,Chile,Web Desktop,0.1,0,0
TXN-2026-01100,2026-06-22 02:18:00,40100.0,Tarjeta Debito,Getnet,Chile,Mobile App Android,0.42,0,0
TXN-2026-01101,2026-05-31 19:01:00,5800.0,Tarjeta Debito,Mercado Pago,Chile,Mobile App iOS,0.01,0,0
TXN-2026-01102,2026-01-26 05:18:00,20200.0,Tarjeta Credito,Webpay Plus,Colombia,Web Mobile,0.42,0,0
TXN-2026-01103,2026-07-06 11:18:00,33500.0,Tarjeta Debito,Kushki,Chile,Web Desktop,0.08,0,0
TXN-2026-01104,2026-07-09 00:13:00,12100.0,Tarjeta Credito,Getnet,Chile,Web Desktop,0.07,0,0
TXN-2026-01105,2026-05-15 05:53:00,21300.0,Prepago Digital,Webpay Plus,Chile,Mobile App iOS,0.01,0,0
TXN-2026-01106,2026-04-07 22:02:00,9100.0,Tarjeta Credito,Getnet,Argentina,Web Desktop,0.02,0,0
TXN-2026-01107,2026-05-04 09:26:00,21500.0,Tarjeta Credito,Kushki,Chile,Mobile App iOS,0.38,1,0
TXN-2026-01108,2026-08-25 10:30:00,31400.0,Tarjeta Debito,Getnet,Chile,Mobile App Android,0.39,0,0
TXN-2026-01109,2026-04-13 19:05:00,11300.0,Prepago Digital,Kushki,Chile,Mobile App Android,0.23,0,0
TXN-2026-01110,2026-04-05 02:44:00,40800.0,Transferencia Khipu,Getnet,Chile,Web Mobile,0.9,2,1
TXN-2026-01111,2026-05-21 16:43:00,24200.0,Transferencia Khipu,Getnet,Argentina,Mobile App Android,0.1,0,0
TXN-2026-01112,2026-03-20 22:35:00,118300.0,Tarjeta Debito,Mercado Pago,Chile,Web Mobile,0.4,0,0
TXN-2026-01113,2026-02-03 14:49:00,6100.0,Tarjeta Credito,Mercado Pago,Chile,Mobile App Android,0.28,0,0
TXN-2026-01114,2026-01-14 11:10:00,44100.0,Tarjeta Credito,Mercado Pago,Chile,Web Mobile,0.14,0,0
TXN-2026-01115,2026-06-23 05:48:00,38300.0,Prepago Digital,Getnet,Chile,Web Desktop,0.45,0,0
TXN-2026-01116,2026-04-11 08:21:00,30700.0,Tarjeta Debito,Mercado Pago,Argentina,Mobile App Android,0.12,0,0
TXN-2026-01117,2026-02-07 21:35:00,14000.0,Tarjeta Debito,Kushki,Colombia,Web Mobile,0.27,0,0
TXN-2026-01118,2026-02-10 20:35:00,48100.0,Transferencia Khipu,Getnet,Chile,Web Mobile,0.14,0,0
TXN-2026-01119,2026-01-15 00:18:00,150900.0,Tarjeta Debito,Mercado Pago,Chile,Mobile App iOS,0.69,2,1
TXN-2026-01120,2026-04-14 09:22:00,4600.0,Tarjeta Debito,Getnet,Chile,Web Mobile,0.09,0,0
TXN-2026-01121,2026-08-05 17:39:00,12900.0,Tarjeta Debito,Mercado Pago,Chile,Mobile App iOS,0.33,0,0
TXN-2026-01122,2026-06-08 05:19:00,23900.0,Prepago Digital,Getnet,Colombia,Mobile App iOS,0.45,0,0
TXN-2026-01123,2026-07-04 12:20:00,13400.0,Tarjeta Debito,Webpay Plus,Chile,Mobile App iOS,0.99,2,1
TXN-2026-01124,2026-06-29 20:34:00,17100.0,Tarjeta Credito,Kushki,Chile,Web Mobile,0.26,1,0
TXN-2026-01125,2026-05-14 16:36:00,98000.0,Tarjeta Credito,Getnet,Chile,Mobile App iOS,0.4,0,0
TXN-2026-01126,2026-04-15 00:12:00,55300.0,Tarjeta Credito,Webpay Plus,Chile,Web Desktop,0.84,4,1
TXN-2026-01127,2026-06-18 00:01:00,15700.0,Tarjeta Debito,Webpay Plus,Chile,Mobile App iOS,0.04,0,0
TXN-2026-01128,2026-08-16 05:01:00,14600.0,Tarjeta Debito,Kushki,Argentina,Web Mobile,0.34,0,0
TXN-2026-01129,2026-07-18 14:52:00,18800.0,Tarjeta Debito,Kushki,Chile,Mobile App iOS,0.41,0,0
TXN-2026-01130,2026-03-01 22:41:00,100000.0,Tarjeta Credito,Kushki,Chile,Web Desktop,0.07,0,0
TXN-2026-01131,2026-07-09 21:15:00,16500.0,Tarjeta Credito,Getnet,Perú,Mobile App Android,0.2,0,0
TXN-2026-01132,2026-03-30 11:29:00,19400.0,Tarjeta Debito,Kushki,Chile,Web Mobile,0.17,0,0
TXN-2026-01133,2026-08-28 23:49:00,49600.0,Transferencia Khipu,Kushki,Chile,Web Mobile,0.14,0,0
TXN-2026-01134,2026-04-10 10:46:00,1700.0,Tarjeta Debito,Mercado Pago,Chile,Web Mobile,0.04,0,0
TXN-2026-01135,2026-08-20 17:54:00,9200.0,Prepago Digital,Kushki,Chile,Web Mobile,0.1,0,0
TXN-2026-01136,2026-08-28 02:08:00,124400.0,Tarjeta Debito,Webpay Plus,Chile,Mobile App Android,0.33,0,0
TXN-2026-01137,2026-06-11 12:17:00,28100.0,Prepago Digital,Kushki,Chile,Web Desktop,0.02,0,0
TXN-2026-01138,2026-07-13 07:53:00,14000.0,Tarjeta Debito,Mercado Pago,Chile,Web Mobile,0.2,0,0
TXN-2026-01139,2026-03-29 19:31:00,9800.0,Tarjeta Credito,Kushki,Chile,Mobile App iOS,0.42,0,0
TXN-2026-01140,2026-06-05 03:02:00,5900.0,Tarjeta Credito,Mercado Pago,Chile,Web Mobile,0.32,0,0
TXN-2026-01141,2026-05-14 20:35:00,38300.0,Tarjeta Debito,Kushki,Chile,Web Desktop,0.4,0,0
TXN-2026-01142,2026-07-06 18:24:00,12300.0,Tarjeta Credito,Webpay Plus,Perú,Web Desktop,0.12,0,0
TXN-2026-01143,2026-07-15 09:01:00,20400.0,Tarjeta Credito,Getnet,Chile,Mobile App iOS,0.35,0,0
TXN-2026-01144,2026-03-13 20:39:00,385200.0,Prepago Digital,Mercado Pago,Chile,Mobile App Android,0.75,3,1
TXN-2026-01145,2026-04-29 17:57:00,16800.0,Tarjeta Debito,Getnet,Chile,Web Desktop,0.37,0,0
TXN-2026-01146,2026-04-17 20:13:00,27900.0,Tarjeta Debito,Kushki,Chile,Mobile App Android,0.37,0,0
TXN-2026-01147,2026-08-16 10:42:00,45600.0,Tarjeta Debito,Webpay Plus,Chile,Mobile App Android,0.31,1,0
TXN-2026-01148,2026-08-05 04:15:00,11500.0,Transferencia Khipu,Webpay Plus,Chile,Mobile App iOS,0.29,1,0
TXN-2026-01149,2026-05-30 04:12:00,23300.0,Tarjeta Credito,Kushki,Perú,Web Desktop,0.05,1,0
TXN-2026-01150,2026-06-09 19:12:00,1700.0,Tarjeta Debito,Webpay Plus,EE.UU.,Web Mobile,0.19,0,0
TXN-2026-01151,2026-01-14 04:42:00,6900.0,Tarjeta Debito,Kushki,Argentina,Mobile App iOS,0.38,0,0
TXN-2026-01152,2026-06-24 21:49:00,62100.0,Tarjeta Credito,Getnet,Chile,Mobile App iOS,0.28,0,0
TXN-2026-01153,2026-02-23 22:48:00,30200.0,Tarjeta Debito,Getnet,Argentina,Web Desktop,0.16,0,0
TXN-2026-01154,2026-01-20 14:42:00,16300.0,Tarjeta Credito,Kushki,Chile,Mobile App iOS,0.08,0,0
TXN-2026-01155,2026-01-27 18:21:00,20600.0,Tarjeta Credito,Getnet,Chile,Mobile App Android,0.18,0,0
TXN-2026-01156,2026-04-26 17:42:00,69900.0,Tarjeta Credito,Mercado Pago,Chile,Mobile App Android,0.44,0,0
TXN-2026-01157,2026-07-01 09:21:00,4900.0,Tarjeta Credito,Mercado Pago,Chile,Web Mobile,0.25,0,0
TXN-2026-01158,2026-07-12 05:49:00,13200.0,Transferencia Khipu,Getnet,Chile,Mobile App iOS,0.18,1,0
TXN-2026-01159,2026-05-04 18:45:00,41600.0,Tarjeta Credito,Kushki,Chile,Web Desktop,0.42,0,0
TXN-2026-01160,2026-01-18 22:31:00,35700.0,Prepago Digital,Getnet,Chile,Web Mobile,0.42,0,0
TXN-2026-01161,2026-02-04 11:25:00,12100.0,Tarjeta Credito,Webpay Plus,Chile,Mobile App Android,0.03,0,0
TXN-2026-01162,2026-08-02 07:05:00,18000.0,Tarjeta Credito,Getnet,Chile,Web Desktop,0.07,0,0
TXN-2026-01163,2026-05-09 20:02:00,5500.0,Prepago Digital,Mercado Pago,Chile,Mobile App Android,0.28,0,0
TXN-2026-01164,2026-03-28 00:57:00,28000.0,Tarjeta Credito,Webpay Plus,Argentina,Web Mobile,0.25,1,0
TXN-2026-01165,2026-03-18 22:22:00,14400.0,Tarjeta Debito,Getnet,Chile,Mobile App Android,0.07,0,0
TXN-2026-01166,2026-06-18 21:16:00,60100.0,Tarjeta Debito,Getnet,Colombia,Mobile App iOS,0.05,0,0
TXN-2026-01167,2026-07-28 21:30:00,24300.0,Tarjeta Debito,Webpay Plus,Chile,Web Mobile,0.31,0,0
TXN-2026-01168,2026-06-19 19:05:00,7300.0,Tarjeta Debito,Getnet,Chile,Web Mobile,0.43,0,0
TXN-2026-01169,2026-01-03 10:03:00,8300.0,Tarjeta Debito,Webpay Plus,Chile,Mobile App iOS,0.29,0,0
TXN-2026-01170,2026-04-07 19:08:00,5900.0,Tarjeta Debito,Getnet,Chile,Mobile App Android,0.13,0,0
TXN-2026-01171,2026-06-01 23:05:00,9900.0,Tarjeta Credito,Getnet,Chile,Web Desktop,0.36,0,0
TXN-2026-01172,2026-07-18 07:10:00,5800.0,Tarjeta Debito,Mercado Pago,Chile,Mobile App Android,0.2,0,0
TXN-2026-01173,2026-08-06 11:21:00,63000.0,Tarjeta Credito,Webpay Plus,EE.UU.,Mobile App iOS,0.35,0,0
TXN-2026-01174,2026-05-07 02:22:00,14400.0,Tarjeta Credito,Mercado Pago,Chile,Web Desktop,0.4,0,0
TXN-2026-01175,2026-01-31 00:08:00,3800.0,Tarjeta Credito,Webpay Plus,Chile,Web Desktop,0.3,0,0
TXN-2026-01176,2026-08-05 04:40:00,2900.0,Transferencia Khipu,Getnet,Perú,Web Desktop,0.26,0,0
TXN-2026-01177,2026-08-12 11:12:00,43600.0,Tarjeta Debito,Mercado Pago,Chile,Web Mobile,0.39,1,0
TXN-2026-01178,2026-07-27 08:08:00,19100.0,Tarjeta Debito,Mercado Pago,Chile,Web Desktop,0.3,0,0
TXN-2026-01179,2026-06-06 12:19:00,76000.0,Tarjeta Debito,Mercado Pago,Chile,Mobile App Android,0.04,0,0
TXN-2026-01180,2026-04-23 19:02:00,13400.0,Tarjeta Credito,Getnet,Chile,Web Desktop,0.18,0,0
TXN-2026-01181,2026-07-06 15:29:00,14400.0,Tarjeta Credito,Mercado Pago,Perú,Web Desktop,0.23,1,0
TXN-2026-01182,2026-01-24 13:54:00,16800.0,Tarjeta Debito,Webpay Plus,EE.UU.,Mobile App Android,0.41,0,0
TXN-2026-01183,2026-07-13 00:54:00,153200.0,Tarjeta Credito,Mercado Pago,EE.UU.,Mobile App Android,0.78,2,1
TXN-2026-01184,2026-07-01 21:03:00,22700.0,Prepago Digital,Webpay Plus,Chile,Web Desktop,0.14,0,0
TXN-2026-01185,2026-01-08 18:03:00,4400.0,Tarjeta Debito,Mercado Pago,Chile,Web Mobile,0.22,0,0
TXN-2026-01186,2026-04-29 04:29:00,14400.0,Tarjeta Credito,Webpay Plus,Chile,Mobile App Android,0.38,0,0
TXN-2026-01187,2026-02-17 16:25:00,12100.0,Tarjeta Credito,Getnet,Chile,Web Desktop,0.23,0,0
TXN-2026-01188,2026-08-17 06:52:00,94700.0,Tarjeta Credito,Kushki,EE.UU.,Web Desktop,0.42,0,0
TXN-2026-01189,2026-04-20 23:53:00,8400.0,Tarjeta Debito,Mercado Pago,Chile,Web Desktop,0.16,0,0
TXN-2026-01190,2026-01-05 10:31:00,20100.0,Tarjeta Credito,Kushki,Chile,Web Desktop,0.15,1,0
TXN-2026-01191,2026-03-13 06:21:00,228600.0,Tarjeta Debito,Kushki,EE.UU.,Mobile App iOS,0.18,0,0
TXN-2026-01192,2026-03-08 13:39:00,21300.0,Tarjeta Credito,Mercado Pago,EE.UU.,Web Mobile,0.18,0,0
TXN-2026-01193,2026-03-18 21:40:00,7200.0,Tarjeta Credito,Kushki,Chile,Mobile App Android,0.15,0,0
TXN-2026-01194,2026-05-19 19:10:00,7900.0,Tarjeta Debito,Kushki,Chile,Web Mobile,0.33,0,0
TXN-2026-01195,2026-07-06 20:24:00,19700.0,Tarjeta Debito,Mercado Pago,Chile,Mobile App Android,0.13,0,0
TXN-2026-01196,2026-04-17 02:37:00,19700.0,Tarjeta Credito,Webpay Plus,Chile,Web Desktop,0.44,0,0
TXN-2026-01197,2026-01-11 09:43:00,38200.0,Tarjeta Credito,Webpay Plus,Chile,Web Desktop,0.21,0,0
TXN-2026-01198,2026-08-27 00:15:00,42300.0,Tarjeta Credito,Webpay Plus,Chile,Web Mobile,0.82,3,1
TXN-2026-01199,2026-04-03 08:50:00,132700.0,Tarjeta Credito,Webpay Plus,Chile,Mobile App Android,0.08,1,0
TXN-2026-01200,2026-07-20 21:05:00,15500.0,Transferencia Khipu,Kushki,Chile,Mobile App Android,0.35,0,0
