ID_Orden,Fecha,Region,Canal_Venta,Categoria,Producto,Precio_Unitario_USD,Cantidad,Descuento,Venta_Total_USD
ORD-00001,2024-02-10,Biobío,App Móvil,Componentes,Disco SSD NVMe 2TB,100.0,2,0.05,190.0
ORD-00002,2024-01-06,Valparaíso,Sitio Web,Notebooks,Laptop Gamer i7 16GB,757.0,1,0.1,681.3
ORD-00003,2024-02-29,RM Santiago,App Móvil,Notebooks,Ultrabook Ryzen 7,648.0,3,0.0,1944.0
ORD-00004,2024-03-17,RM Santiago,App Móvil,Monitores,Monitor Gaming 144Hz 27',300.0,7,0.1,1890.0
ORD-00005,2024-06-13,Valparaíso,App Móvil,Componentes,Tarjeta de Video RTX 4070,264.0,1,0.1,237.6
ORD-00006,2024-10-21,Antofagasta,Marketplace,Componentes,Tarjeta de Video RTX 4070,461.0,1,0.15,391.85
ORD-00007,2024-04-26,RM Santiago,Marketplace,Monitores,Monitor 4K 32' UltraWide,640.0,5,0.0,3200.0
ORD-00008,2024-12-19,Valparaíso,Sitio Web,Monitores,Monitor Gaming 144Hz 27',228.0,4,0.15,775.2
ORD-00009,2024-01-11,RM Santiago,Sitio Web,Periféricos,Teclado Mecánico RGB,523.0,4,0.1,1882.8
ORD-00010,2024-10-09,Antofagasta,Sitio Web,Componentes,Tarjeta de Video RTX 4070,948.0,1,0.1,853.2
ORD-00011,2024-06-22,Antofagasta,Marketplace,Componentes,Memoria RAM 32GB DDR5,766.0,7,0.05,5093.9
ORD-00012,2024-04-23,Biobío,Sitio Web,Monitores,Monitor Gaming 144Hz 27',932.0,4,0.1,3355.2
ORD-00013,2024-07-16,RM Santiago,Sitio Web,Monitores,Monitor 4K 32' UltraWide,734.0,2,0.0,1468.0
ORD-00014,2024-09-01,RM Santiago,App Móvil,Notebooks,MacBook Pro M3,96.0,6,0.0,576.0
ORD-00015,2024-05-11,Antofagasta,Marketplace,Componentes,Memoria RAM 32GB DDR5,978.0,6,0.1,5281.2
ORD-00016,2024-01-22,Valparaíso,Marketplace,Monitores,Monitor Gaming 144Hz 27',822.0,7,0.05,5466.3
ORD-00017,2024-01-06,Antofagasta,Marketplace,Periféricos,Audífonos Noise Cancelling,381.0,5,0.15,1619.25
ORD-00018,2024-07-03,Valparaíso,Marketplace,Periféricos,Audífonos Noise Cancelling,614.0,7,0.15,3653.3
ORD-00019,2024-10-07,Antofagasta,App Móvil,Componentes,Memoria RAM 32GB DDR5,880.0,5,0.05,4180.0
ORD-00020,2024-11-12,RM Santiago,Sitio Web,Notebooks,Laptop Gamer i7 16GB,840.0,3,0.05,2394.0
ORD-00021,2024-06-15,Antofagasta,App Móvil,Periféricos,Teclado Mecánico RGB,634.0,1,0.0,634.0
ORD-00022,2024-03-02,RM Santiago,App Móvil,Periféricos,Mouse Inalámbrico Pro,104.0,5,0.0,520.0
ORD-00023,2024-05-24,Biobío,Sitio Web,Monitores,Monitor 4K 32' UltraWide,1136.0,7,0.0,7952.0
ORD-00024,2024-05-02,RM Santiago,Marketplace,Monitores,Monitor 4K 32' UltraWide,215.0,3,0.0,645.0
ORD-00025,2024-01-27,Antofagasta,App Móvil,Componentes,Memoria RAM 32GB DDR5,688.0,7,0.05,4575.2
ORD-00026,2024-09-15,RM Santiago,Marketplace,Notebooks,MacBook Pro M3,682.0,2,0.05,1295.8
ORD-00027,2024-01-07,Biobío,Sitio Web,Notebooks,MacBook Pro M3,616.0,2,0.05,1170.4
ORD-00028,2024-04-07,Biobío,App Móvil,Notebooks,MacBook Pro M3,269.0,1,0.0,269.0
ORD-00029,2024-12-30,Antofagasta,Sitio Web,Monitores,Monitor Gaming 144Hz 27',233.0,6,0.0,1398.0
ORD-00030,2024-01-26,Antofagasta,Sitio Web,Componentes,Tarjeta de Video RTX 4070,838.0,5,0.15,3561.5
ORD-00031,2024-11-02,Antofagasta,Sitio Web,Componentes,Tarjeta de Video RTX 4070,232.0,2,0.15,394.4
ORD-00032,2024-01-02,Valparaíso,Marketplace,Componentes,Memoria RAM 32GB DDR5,383.0,3,0.1,1034.1
ORD-00033,2024-08-30,Valparaíso,Marketplace,Monitores,Monitor 4K 32' UltraWide,1164.0,6,0.0,6984.0
ORD-00034,2024-04-09,Antofagasta,App Móvil,Notebooks,Ultrabook Ryzen 7,336.0,2,0.05,638.4
ORD-00035,2024-05-25,RM Santiago,Marketplace,Notebooks,MacBook Pro M3,896.0,7,0.05,5958.4
ORD-00036,2024-05-15,Valparaíso,Marketplace,Periféricos,Teclado Mecánico RGB,469.0,4,0.1,1688.4
ORD-00037,2024-10-03,Biobío,Sitio Web,Componentes,Tarjeta de Video RTX 4070,631.0,2,0.15,1072.7
ORD-00038,2024-01-26,Valparaíso,Marketplace,Periféricos,Mouse Inalámbrico Pro,527.0,6,0.15,2687.7
ORD-00039,2024-09-16,Biobío,App Móvil,Monitores,Monitor Gaming 144Hz 27',1069.0,3,0.1,2886.3
ORD-00040,2024-01-26,Antofagasta,Sitio Web,Monitores,Monitor 4K 32' UltraWide,564.0,2,0.15,958.8
ORD-00041,2024-02-17,Biobío,App Móvil,Monitores,Monitor Gaming 144Hz 27',566.0,7,0.1,3565.8
ORD-00042,2024-06-16,Biobío,App Móvil,Componentes,Tarjeta de Video RTX 4070,462.0,5,0.1,2079.0
ORD-00043,2024-03-31,Antofagasta,Marketplace,Notebooks,Laptop Gamer i7 16GB,521.0,7,0.05,3464.65
ORD-00044,2024-04-06,RM Santiago,App Móvil,Monitores,Monitor Gaming 144Hz 27',863.0,2,0.05,1639.7
ORD-00045,2024-12-16,Antofagasta,App Móvil,Notebooks,MacBook Pro M3,771.0,7,0.1,4857.3
ORD-00046,2024-09-29,Antofagasta,Sitio Web,Monitores,Monitor 4K 32' UltraWide,322.0,5,0.15,1368.5
ORD-00047,2024-06-16,RM Santiago,Sitio Web,Componentes,Memoria RAM 32GB DDR5,546.0,3,0.15,1392.3
ORD-00048,2024-08-11,Biobío,Sitio Web,Periféricos,Teclado Mecánico RGB,101.0,6,0.15,515.1
ORD-00049,2024-03-14,Valparaíso,App Móvil,Componentes,Tarjeta de Video RTX 4070,1101.0,1,0.1,990.9
ORD-00050,2024-01-18,Valparaíso,App Móvil,Monitores,Monitor Gaming 144Hz 27',178.0,2,0.0,356.0
ORD-00051,2024-01-14,Antofagasta,Marketplace,Notebooks,Laptop Gamer i7 16GB,890.0,3,0.0,2670.0
ORD-00052,2024-12-04,RM Santiago,Marketplace,Monitores,Monitor 4K 32' UltraWide,969.0,2,0.0,1938.0
ORD-00053,2024-12-09,Valparaíso,Marketplace,Monitores,Monitor Gaming 144Hz 27',236.0,4,0.1,849.6
ORD-00054,2024-05-12,Valparaíso,Sitio Web,Componentes,Tarjeta de Video RTX 4070,217.0,2,0.0,434.0
ORD-00055,2024-06-14,Biobío,Marketplace,Componentes,Disco SSD NVMe 2TB,758.0,2,0.05,1440.2
ORD-00056,2024-07-18,Antofagasta,Sitio Web,Componentes,Tarjeta de Video RTX 4070,451.0,6,0.1,2435.4
ORD-00057,2024-09-16,Valparaíso,Sitio Web,Componentes,Disco SSD NVMe 2TB,1092.0,4,0.1,3931.2
ORD-00058,2024-04-02,Valparaíso,Sitio Web,Componentes,Memoria RAM 32GB DDR5,1124.0,6,0.0,6744.0
ORD-00059,2024-04-01,Antofagasta,App Móvil,Notebooks,Ultrabook Ryzen 7,930.0,6,0.05,5301.0
ORD-00060,2024-07-08,Valparaíso,App Móvil,Componentes,Memoria RAM 32GB DDR5,552.0,3,0.0,1656.0
ORD-00061,2024-12-15,RM Santiago,App Móvil,Notebooks,Laptop Gamer i7 16GB,177.0,2,0.15,300.9
ORD-00062,2024-03-29,Valparaíso,Marketplace,Notebooks,Laptop Gamer i7 16GB,603.0,6,0.1,3256.2
ORD-00063,2024-10-04,Valparaíso,Marketplace,Monitores,Monitor Gaming 144Hz 27',551.0,4,0.0,2204.0
ORD-00064,2024-08-09,Biobío,Sitio Web,Monitores,Monitor Gaming 144Hz 27',497.0,1,0.05,472.15
ORD-00065,2024-06-02,Antofagasta,Marketplace,Monitores,Monitor 4K 32' UltraWide,937.0,5,0.05,4450.75
ORD-00066,2024-08-03,Biobío,App Móvil,Componentes,Disco SSD NVMe 2TB,737.0,6,0.1,3979.8
ORD-00067,2024-02-19,Valparaíso,Marketplace,Periféricos,Teclado Mecánico RGB,852.0,5,0.0,4260.0
ORD-00068,2024-07-24,Biobío,Marketplace,Componentes,Disco SSD NVMe 2TB,680.0,4,0.15,2312.0
ORD-00069,2024-04-15,Antofagasta,Sitio Web,Componentes,Tarjeta de Video RTX 4070,1119.0,6,0.15,5706.9
ORD-00070,2024-12-26,Biobío,Sitio Web,Notebooks,MacBook Pro M3,342.0,3,0.15,872.1
ORD-00071,2024-11-11,RM Santiago,Sitio Web,Componentes,Disco SSD NVMe 2TB,120.0,4,0.0,480.0
ORD-00072,2024-06-08,Valparaíso,Sitio Web,Monitores,Monitor Gaming 144Hz 27',82.0,2,0.1,147.6
ORD-00073,2024-01-31,RM Santiago,Marketplace,Periféricos,Mouse Inalámbrico Pro,426.0,3,0.1,1150.2
ORD-00074,2024-12-30,Valparaíso,Sitio Web,Notebooks,MacBook Pro M3,575.0,5,0.0,2875.0
ORD-00075,2024-11-28,RM Santiago,Sitio Web,Periféricos,Teclado Mecánico RGB,411.0,6,0.0,2466.0
ORD-00076,2024-10-09,RM Santiago,Marketplace,Monitores,Monitor 4K 32' UltraWide,603.0,2,0.05,1145.7
ORD-00077,2024-02-24,Antofagasta,Marketplace,Monitores,Monitor Gaming 144Hz 27',295.0,5,0.1,1327.5
ORD-00078,2024-10-20,Biobío,Sitio Web,Componentes,Memoria RAM 32GB DDR5,600.0,2,0.1,1080.0
ORD-00079,2024-09-22,Antofagasta,Sitio Web,Periféricos,Audífonos Noise Cancelling,475.0,2,0.0,950.0
ORD-00080,2024-12-09,Valparaíso,Marketplace,Componentes,Tarjeta de Video RTX 4070,1144.0,1,0.1,1029.6
ORD-00081,2024-12-05,RM Santiago,Marketplace,Notebooks,Laptop Gamer i7 16GB,1166.0,6,0.0,6996.0
ORD-00082,2024-07-17,RM Santiago,Marketplace,Monitores,Monitor 4K 32' UltraWide,336.0,3,0.0,1008.0
ORD-00083,2024-10-22,Biobío,Marketplace,Periféricos,Mouse Inalámbrico Pro,417.0,6,0.15,2126.7
ORD-00084,2024-05-13,RM Santiago,Sitio Web,Periféricos,Mouse Inalámbrico Pro,851.0,5,0.1,3829.5
ORD-00085,2024-04-21,Antofagasta,Sitio Web,Monitores,Monitor Gaming 144Hz 27',467.0,6,0.0,2802.0
ORD-00086,2024-08-21,RM Santiago,Marketplace,Periféricos,Audífonos Noise Cancelling,960.0,7,0.15,5712.0
ORD-00087,2024-12-15,Biobío,Sitio Web,Monitores,Monitor Gaming 144Hz 27',1048.0,4,0.0,4192.0
ORD-00088,2024-04-12,Biobío,App Móvil,Notebooks,Ultrabook Ryzen 7,687.0,4,0.05,2610.6
ORD-00089,2024-02-18,RM Santiago,App Móvil,Periféricos,Teclado Mecánico RGB,431.0,3,0.05,1228.35
ORD-00090,2024-03-01,Antofagasta,Marketplace,Monitores,Monitor Gaming 144Hz 27',231.0,7,0.0,1617.0
ORD-00091,2024-01-19,Biobío,Marketplace,Monitores,Monitor 4K 32' UltraWide,29.0,7,0.0,203.0
ORD-00092,2024-09-19,Antofagasta,App Móvil,Monitores,Monitor 4K 32' UltraWide,254.0,5,0.0,1270.0
ORD-00093,2024-03-05,RM Santiago,App Móvil,Periféricos,Mouse Inalámbrico Pro,908.0,3,0.15,2315.4
ORD-00094,2024-03-20,Biobío,Marketplace,Componentes,Disco SSD NVMe 2TB,347.0,7,0.0,2429.0
ORD-00095,2024-02-09,Antofagasta,App Móvil,Monitores,Monitor 4K 32' UltraWide,1102.0,5,0.1,4959.0
ORD-00096,2024-04-01,Antofagasta,Sitio Web,Periféricos,Mouse Inalámbrico Pro,587.0,4,0.1,2113.2
ORD-00097,2024-01-05,RM Santiago,Sitio Web,Componentes,Memoria RAM 32GB DDR5,368.0,6,0.1,1987.2
ORD-00098,2024-12-29,RM Santiago,Marketplace,Periféricos,Audífonos Noise Cancelling,108.0,4,0.0,432.0
ORD-00099,2024-03-14,Valparaíso,Sitio Web,Notebooks,Laptop Gamer i7 16GB,1178.0,4,0.1,4240.8
ORD-00100,2024-10-04,RM Santiago,Sitio Web,Periféricos,Mouse Inalámbrico Pro,170.0,1,0.05,161.5
ORD-00101,2024-05-13,RM Santiago,Sitio Web,Periféricos,Mouse Inalámbrico Pro,319.0,6,0.0,1914.0
ORD-00102,2024-08-15,Biobío,Sitio Web,Notebooks,Ultrabook Ryzen 7,1070.0,5,0.1,4815.0
ORD-00103,2024-04-13,RM Santiago,App Móvil,Notebooks,MacBook Pro M3,913.0,3,0.05,2602.05
ORD-00104,2024-04-11,Antofagasta,Sitio Web,Componentes,Memoria RAM 32GB DDR5,827.0,7,0.05,5499.55
ORD-00105,2024-06-09,Biobío,Marketplace,Monitores,Monitor 4K 32' UltraWide,548.0,4,0.05,2082.4
ORD-00106,2024-03-27,Valparaíso,Marketplace,Notebooks,MacBook Pro M3,245.0,4,0.05,931.0
ORD-00107,2024-01-30,Valparaíso,App Móvil,Monitores,Monitor 4K 32' UltraWide,797.0,6,0.05,4542.9
ORD-00108,2024-11-24,Biobío,Marketplace,Periféricos,Teclado Mecánico RGB,198.0,7,0.1,1247.4
ORD-00109,2024-10-21,RM Santiago,App Móvil,Monitores,Monitor Gaming 144Hz 27',270.0,5,0.05,1282.5
ORD-00110,2024-10-04,Valparaíso,Marketplace,Monitores,Monitor 4K 32' UltraWide,908.0,1,0.1,817.2
ORD-00111,2024-03-11,Biobío,Sitio Web,Monitores,Monitor Gaming 144Hz 27',1173.0,7,0.05,7800.45
ORD-00112,2024-12-07,Biobío,App Móvil,Componentes,Tarjeta de Video RTX 4070,816.0,3,0.1,2203.2
ORD-00113,2024-07-03,Biobío,Sitio Web,Periféricos,Audífonos Noise Cancelling,1113.0,2,0.05,2114.7
ORD-00114,2024-05-04,Biobío,App Móvil,Componentes,Memoria RAM 32GB DDR5,158.0,5,0.15,671.5
ORD-00115,2024-07-17,RM Santiago,Sitio Web,Componentes,Memoria RAM 32GB DDR5,1014.0,6,0.1,5475.6
ORD-00116,2024-10-26,RM Santiago,App Móvil,Periféricos,Audífonos Noise Cancelling,548.0,1,0.0,548.0
ORD-00117,2024-05-11,Antofagasta,Marketplace,Componentes,Disco SSD NVMe 2TB,230.0,7,0.0,1610.0
ORD-00118,2024-07-10,RM Santiago,Marketplace,Monitores,Monitor 4K 32' UltraWide,673.0,2,0.05,1278.7
ORD-00119,2024-11-14,Antofagasta,App Móvil,Componentes,Tarjeta de Video RTX 4070,698.0,6,0.15,3559.8
ORD-00120,2024-11-20,RM Santiago,App Móvil,Periféricos,Audífonos Noise Cancelling,68.0,7,0.1,428.4
ORD-00121,2024-01-24,RM Santiago,App Móvil,Componentes,Memoria RAM 32GB DDR5,660.0,4,0.15,2244.0
ORD-00122,2024-08-28,RM Santiago,Sitio Web,Notebooks,MacBook Pro M3,257.0,2,0.0,514.0
ORD-00123,2024-07-09,Biobío,App Móvil,Monitores,Monitor Gaming 144Hz 27',33.0,7,0.05,219.45
ORD-00124,2024-07-23,Biobío,App Móvil,Componentes,Disco SSD NVMe 2TB,985.0,5,0.1,4432.5
ORD-00125,2024-06-29,RM Santiago,Sitio Web,Componentes,Memoria RAM 32GB DDR5,198.0,1,0.1,178.2
ORD-00126,2024-08-13,Biobío,Marketplace,Periféricos,Audífonos Noise Cancelling,131.0,3,0.1,353.7
ORD-00127,2024-05-11,Biobío,Sitio Web,Periféricos,Teclado Mecánico RGB,1142.0,7,0.1,7194.6
ORD-00128,2024-06-15,Valparaíso,Sitio Web,Notebooks,Ultrabook Ryzen 7,195.0,2,0.15,331.5
ORD-00129,2024-08-19,Biobío,Marketplace,Periféricos,Audífonos Noise Cancelling,548.0,1,0.05,520.6
ORD-00130,2024-05-18,Biobío,App Móvil,Notebooks,Laptop Gamer i7 16GB,215.0,7,0.1,1354.5
ORD-00131,2024-04-17,Valparaíso,Marketplace,Notebooks,MacBook Pro M3,973.0,1,0.1,875.7
ORD-00132,2024-02-18,Antofagasta,App Móvil,Monitores,Monitor 4K 32' UltraWide,1002.0,6,0.1,5410.8
ORD-00133,2024-04-27,RM Santiago,Sitio Web,Notebooks,MacBook Pro M3,456.0,1,0.15,387.6
ORD-00134,2024-09-23,RM Santiago,Marketplace,Periféricos,Audífonos Noise Cancelling,687.0,7,0.1,4328.1
ORD-00135,2024-01-16,Antofagasta,Marketplace,Notebooks,Ultrabook Ryzen 7,1065.0,3,0.1,2875.5
ORD-00136,2024-12-28,Valparaíso,Marketplace,Monitores,Monitor Gaming 144Hz 27',46.0,3,0.1,124.2
ORD-00137,2024-09-03,Antofagasta,Marketplace,Componentes,Disco SSD NVMe 2TB,635.0,2,0.1,1143.0
ORD-00138,2024-03-09,Antofagasta,Sitio Web,Componentes,Disco SSD NVMe 2TB,101.0,1,0.05,95.95
ORD-00139,2024-03-20,Antofagasta,Marketplace,Monitores,Monitor Gaming 144Hz 27',299.0,1,0.1,269.1
ORD-00140,2024-09-27,Valparaíso,Marketplace,Periféricos,Audífonos Noise Cancelling,113.0,7,0.15,672.35
ORD-00141,2024-05-23,Valparaíso,App Móvil,Periféricos,Teclado Mecánico RGB,598.0,7,0.1,3767.4
ORD-00142,2024-04-03,Valparaíso,Sitio Web,Notebooks,Ultrabook Ryzen 7,496.0,5,0.15,2108.0
ORD-00143,2024-12-09,RM Santiago,Marketplace,Periféricos,Audífonos Noise Cancelling,592.0,2,0.0,1184.0
ORD-00144,2024-05-02,Valparaíso,Marketplace,Monitores,Monitor Gaming 144Hz 27',1189.0,7,0.0,8323.0
ORD-00145,2024-04-18,RM Santiago,App Móvil,Monitores,Monitor 4K 32' UltraWide,981.0,5,0.05,4659.75
ORD-00146,2024-06-19,Valparaíso,Sitio Web,Periféricos,Mouse Inalámbrico Pro,315.0,5,0.05,1496.25
ORD-00147,2024-03-26,Antofagasta,Marketplace,Monitores,Monitor 4K 32' UltraWide,523.0,6,0.0,3138.0
ORD-00148,2024-07-23,Antofagasta,App Móvil,Monitores,Monitor Gaming 144Hz 27',967.0,3,0.05,2755.95
ORD-00149,2024-08-14,Valparaíso,Marketplace,Componentes,Memoria RAM 32GB DDR5,1178.0,6,0.1,6361.2
ORD-00150,2024-04-22,Valparaíso,Sitio Web,Notebooks,Ultrabook Ryzen 7,471.0,5,0.15,2001.75
ORD-00151,2024-09-12,Biobío,Marketplace,Notebooks,MacBook Pro M3,421.0,7,0.0,2947.0
ORD-00152,2024-09-06,Valparaíso,Marketplace,Monitores,Monitor Gaming 144Hz 27',1097.0,1,0.15,932.45
ORD-00153,2024-10-25,Valparaíso,App Móvil,Periféricos,Audífonos Noise Cancelling,142.0,6,0.05,809.4
ORD-00154,2024-10-01,RM Santiago,Marketplace,Notebooks,Ultrabook Ryzen 7,713.0,5,0.1,3208.5
ORD-00155,2024-04-28,Antofagasta,App Móvil,Monitores,Monitor 4K 32' UltraWide,643.0,7,0.05,4275.95
ORD-00156,2024-12-12,Biobío,App Móvil,Monitores,Monitor 4K 32' UltraWide,496.0,5,0.15,2108.0
ORD-00157,2024-07-16,Valparaíso,App Móvil,Notebooks,MacBook Pro M3,170.0,5,0.05,807.5
ORD-00158,2024-08-27,RM Santiago,App Móvil,Notebooks,Ultrabook Ryzen 7,353.0,6,0.15,1800.3
ORD-00159,2024-04-04,Valparaíso,Marketplace,Componentes,Tarjeta de Video RTX 4070,738.0,6,0.0,4428.0
ORD-00160,2024-02-23,RM Santiago,Sitio Web,Monitores,Monitor 4K 32' UltraWide,244.0,7,0.1,1537.2
ORD-00161,2024-01-29,Biobío,Marketplace,Periféricos,Mouse Inalámbrico Pro,1161.0,7,0.0,8127.0
ORD-00162,2024-04-15,RM Santiago,App Móvil,Componentes,Tarjeta de Video RTX 4070,803.0,7,0.05,5339.95
ORD-00163,2024-07-30,Antofagasta,Sitio Web,Periféricos,Audífonos Noise Cancelling,986.0,7,0.15,5866.7
ORD-00164,2024-08-07,Antofagasta,Sitio Web,Monitores,Monitor 4K 32' UltraWide,991.0,6,0.1,5351.4
ORD-00165,2024-01-13,Valparaíso,App Móvil,Notebooks,MacBook Pro M3,1143.0,4,0.0,4572.0
ORD-00166,2024-07-29,Valparaíso,Sitio Web,Periféricos,Mouse Inalámbrico Pro,1086.0,7,0.15,6461.7
ORD-00167,2024-12-16,Valparaíso,Sitio Web,Componentes,Tarjeta de Video RTX 4070,780.0,1,0.0,780.0
ORD-00168,2024-10-19,Antofagasta,Sitio Web,Monitores,Monitor 4K 32' UltraWide,291.0,1,0.15,247.35
ORD-00169,2024-08-05,RM Santiago,App Móvil,Componentes,Memoria RAM 32GB DDR5,153.0,1,0.1,137.7
ORD-00170,2024-10-13,Biobío,App Móvil,Monitores,Monitor 4K 32' UltraWide,587.0,3,0.1,1584.9
ORD-00171,2024-12-20,Valparaíso,Sitio Web,Periféricos,Mouse Inalámbrico Pro,1112.0,3,0.05,3169.2
ORD-00172,2024-10-16,RM Santiago,Marketplace,Componentes,Disco SSD NVMe 2TB,712.0,1,0.05,676.4
ORD-00173,2024-05-04,Valparaíso,Marketplace,Periféricos,Mouse Inalámbrico Pro,841.0,7,0.0,5887.0
ORD-00174,2024-10-04,Antofagasta,App Móvil,Periféricos,Teclado Mecánico RGB,425.0,4,0.05,1615.0
ORD-00175,2024-08-02,Valparaíso,Sitio Web,Periféricos,Mouse Inalámbrico Pro,939.0,1,0.15,798.15
ORD-00176,2024-05-07,RM Santiago,Sitio Web,Monitores,Monitor Gaming 144Hz 27',703.0,6,0.05,4007.1
ORD-00177,2024-03-10,Antofagasta,App Móvil,Notebooks,Laptop Gamer i7 16GB,1064.0,1,0.0,1064.0
ORD-00178,2024-12-09,Antofagasta,App Móvil,Monitores,Monitor 4K 32' UltraWide,164.0,3,0.05,467.4
ORD-00179,2024-02-07,Antofagasta,Sitio Web,Notebooks,Laptop Gamer i7 16GB,194.0,1,0.05,184.3
ORD-00180,2024-12-17,Valparaíso,Marketplace,Componentes,Disco SSD NVMe 2TB,56.0,7,0.0,392.0
ORD-00181,2024-02-17,Biobío,Sitio Web,Periféricos,Mouse Inalámbrico Pro,1155.0,5,0.05,5486.25
ORD-00182,2024-02-24,RM Santiago,Marketplace,Monitores,Monitor Gaming 144Hz 27',252.0,2,0.15,428.4
ORD-00183,2024-06-01,RM Santiago,Sitio Web,Componentes,Disco SSD NVMe 2TB,741.0,7,0.15,4408.95
ORD-00184,2024-05-02,Biobío,Marketplace,Periféricos,Audífonos Noise Cancelling,1154.0,7,0.1,7270.2
ORD-00185,2024-11-09,Antofagasta,App Móvil,Monitores,Monitor Gaming 144Hz 27',1102.0,6,0.0,6612.0
ORD-00186,2024-08-17,Valparaíso,App Móvil,Componentes,Disco SSD NVMe 2TB,716.0,6,0.15,3651.6
ORD-00187,2024-03-13,Valparaíso,Sitio Web,Periféricos,Mouse Inalámbrico Pro,1190.0,1,0.1,1071.0
ORD-00188,2024-11-02,Antofagasta,Sitio Web,Periféricos,Teclado Mecánico RGB,691.0,2,0.15,1174.7
ORD-00189,2024-07-27,Antofagasta,Marketplace,Componentes,Disco SSD NVMe 2TB,743.0,1,0.1,668.7
ORD-00190,2024-04-07,RM Santiago,App Móvil,Monitores,Monitor 4K 32' UltraWide,728.0,4,0.05,2766.4
ORD-00191,2024-05-21,Biobío,App Móvil,Periféricos,Audífonos Noise Cancelling,1010.0,4,0.05,3838.0
ORD-00192,2024-03-17,RM Santiago,Marketplace,Monitores,Monitor Gaming 144Hz 27',737.0,4,0.05,2800.6
ORD-00193,2024-12-28,Antofagasta,Sitio Web,Notebooks,Ultrabook Ryzen 7,153.0,3,0.0,459.0
ORD-00194,2024-01-28,Antofagasta,Marketplace,Componentes,Tarjeta de Video RTX 4070,975.0,4,0.0,3900.0
ORD-00195,2024-06-05,Antofagasta,Marketplace,Periféricos,Audífonos Noise Cancelling,323.0,4,0.0,1292.0
ORD-00196,2024-10-03,RM Santiago,Sitio Web,Periféricos,Teclado Mecánico RGB,407.0,7,0.15,2421.65
ORD-00197,2024-09-09,Antofagasta,Marketplace,Notebooks,MacBook Pro M3,633.0,5,0.05,3006.75
ORD-00198,2024-04-03,Biobío,Marketplace,Componentes,Disco SSD NVMe 2TB,1176.0,3,0.0,3528.0
ORD-00199,2024-01-18,Valparaíso,App Móvil,Monitores,Monitor 4K 32' UltraWide,635.0,1,0.0,635.0
ORD-00200,2024-12-02,Biobío,App Móvil,Notebooks,Laptop Gamer i7 16GB,937.0,4,0.0,3748.0
ORD-00201,2024-01-17,Biobío,Sitio Web,Monitores,Monitor 4K 32' UltraWide,993.0,5,0.0,4965.0
ORD-00202,2024-06-23,Biobío,App Móvil,Periféricos,Audífonos Noise Cancelling,83.0,1,0.15,70.55
ORD-00203,2024-10-02,Valparaíso,Marketplace,Notebooks,Ultrabook Ryzen 7,1164.0,3,0.0,3492.0
ORD-00204,2024-01-02,RM Santiago,App Móvil,Periféricos,Audífonos Noise Cancelling,185.0,1,0.15,157.25
ORD-00205,2024-01-13,Valparaíso,Marketplace,Componentes,Memoria RAM 32GB DDR5,323.0,4,0.1,1162.8
ORD-00206,2024-03-09,RM Santiago,Sitio Web,Notebooks,Ultrabook Ryzen 7,880.0,4,0.05,3344.0
ORD-00207,2024-03-28,RM Santiago,App Móvil,Periféricos,Audífonos Noise Cancelling,100.0,6,0.05,570.0
ORD-00208,2024-11-07,Antofagasta,App Móvil,Monitores,Monitor 4K 32' UltraWide,112.0,2,0.1,201.6
ORD-00209,2024-09-08,RM Santiago,App Móvil,Monitores,Monitor 4K 32' UltraWide,1173.0,6,0.1,6334.2
ORD-00210,2024-12-13,Biobío,Marketplace,Periféricos,Mouse Inalámbrico Pro,841.0,6,0.0,5046.0
ORD-00211,2024-11-25,Valparaíso,Sitio Web,Componentes,Memoria RAM 32GB DDR5,109.0,1,0.1,98.1
ORD-00212,2024-10-11,Biobío,App Móvil,Componentes,Disco SSD NVMe 2TB,408.0,2,0.1,734.4
ORD-00213,2024-05-28,RM Santiago,App Móvil,Periféricos,Teclado Mecánico RGB,584.0,5,0.1,2628.0
ORD-00214,2024-04-25,Antofagasta,Sitio Web,Periféricos,Teclado Mecánico RGB,590.0,3,0.05,1681.5
ORD-00215,2024-01-25,Valparaíso,Sitio Web,Monitores,Monitor Gaming 144Hz 27',718.0,3,0.05,2046.3
ORD-00216,2024-10-21,Biobío,Sitio Web,Componentes,Memoria RAM 32GB DDR5,93.0,6,0.15,474.3
ORD-00217,2024-07-01,Biobío,App Móvil,Periféricos,Teclado Mecánico RGB,460.0,3,0.15,1173.0
ORD-00218,2024-11-28,Biobío,App Móvil,Periféricos,Teclado Mecánico RGB,1184.0,6,0.0,7104.0
ORD-00219,2024-01-07,RM Santiago,Sitio Web,Componentes,Tarjeta de Video RTX 4070,390.0,4,0.15,1326.0
ORD-00220,2024-02-07,RM Santiago,Sitio Web,Monitores,Monitor 4K 32' UltraWide,1039.0,1,0.0,1039.0
ORD-00221,2024-01-19,Valparaíso,Sitio Web,Notebooks,MacBook Pro M3,862.0,4,0.15,2930.8
ORD-00222,2024-01-09,Antofagasta,Sitio Web,Periféricos,Mouse Inalámbrico Pro,732.0,7,0.1,4611.6
ORD-00223,2024-11-03,RM Santiago,Marketplace,Componentes,Memoria RAM 32GB DDR5,411.0,1,0.05,390.45
ORD-00224,2024-09-20,Antofagasta,App Móvil,Periféricos,Audífonos Noise Cancelling,654.0,6,0.15,3335.4
ORD-00225,2024-11-18,Valparaíso,App Móvil,Periféricos,Audífonos Noise Cancelling,284.0,7,0.0,1988.0
ORD-00226,2024-09-14,Antofagasta,Sitio Web,Periféricos,Mouse Inalámbrico Pro,716.0,3,0.0,2148.0
ORD-00227,2024-01-23,Biobío,App Móvil,Monitores,Monitor Gaming 144Hz 27',810.0,2,0.1,1458.0
ORD-00228,2024-07-13,Antofagasta,Sitio Web,Periféricos,Audífonos Noise Cancelling,1055.0,5,0.0,5275.0
ORD-00229,2024-06-19,Valparaíso,Marketplace,Monitores,Monitor 4K 32' UltraWide,1012.0,1,0.15,860.2
ORD-00230,2024-10-02,Biobío,Sitio Web,Notebooks,Laptop Gamer i7 16GB,645.0,7,0.0,4515.0
ORD-00231,2024-02-22,RM Santiago,App Móvil,Monitores,Monitor 4K 32' UltraWide,781.0,7,0.1,4920.3
ORD-00232,2024-12-17,Antofagasta,App Móvil,Notebooks,MacBook Pro M3,515.0,1,0.1,463.5
ORD-00233,2024-08-09,Biobío,Sitio Web,Monitores,Monitor Gaming 144Hz 27',733.0,6,0.05,4178.1
ORD-00234,2024-04-02,Biobío,Marketplace,Periféricos,Mouse Inalámbrico Pro,791.0,6,0.15,4034.1
ORD-00235,2024-01-30,Biobío,Sitio Web,Periféricos,Teclado Mecánico RGB,127.0,6,0.0,762.0
ORD-00236,2024-01-11,Biobío,Marketplace,Notebooks,Ultrabook Ryzen 7,312.0,4,0.1,1123.2
ORD-00237,2024-01-03,Antofagasta,Marketplace,Notebooks,Laptop Gamer i7 16GB,977.0,5,0.0,4885.0
ORD-00238,2024-07-10,RM Santiago,App Móvil,Monitores,Monitor Gaming 144Hz 27',908.0,5,0.05,4313.0
ORD-00239,2024-12-08,Valparaíso,Sitio Web,Periféricos,Mouse Inalámbrico Pro,836.0,6,0.1,4514.4
ORD-00240,2024-12-21,Biobío,Sitio Web,Periféricos,Audífonos Noise Cancelling,1065.0,2,0.05,2023.5
ORD-00241,2024-08-07,Valparaíso,Marketplace,Notebooks,MacBook Pro M3,255.0,7,0.05,1695.75
ORD-00242,2024-04-20,Biobío,Marketplace,Monitores,Monitor 4K 32' UltraWide,1156.0,3,0.1,3121.2
ORD-00243,2024-03-21,Antofagasta,App Móvil,Monitores,Monitor 4K 32' UltraWide,826.0,2,0.0,1652.0
ORD-00244,2024-08-30,Biobío,App Móvil,Periféricos,Audífonos Noise Cancelling,814.0,4,0.05,3093.2
ORD-00245,2024-01-04,Valparaíso,Marketplace,Notebooks,Laptop Gamer i7 16GB,1181.0,4,0.0,4724.0
ORD-00246,2024-11-11,Valparaíso,Sitio Web,Periféricos,Audífonos Noise Cancelling,783.0,2,0.05,1487.7
ORD-00247,2024-05-19,RM Santiago,App Móvil,Componentes,Tarjeta de Video RTX 4070,112.0,7,0.0,784.0
ORD-00248,2024-06-20,RM Santiago,Sitio Web,Periféricos,Mouse Inalámbrico Pro,202.0,6,0.1,1090.8
ORD-00249,2024-02-10,Antofagasta,App Móvil,Componentes,Disco SSD NVMe 2TB,686.0,7,0.0,4802.0
ORD-00250,2024-06-30,Antofagasta,Marketplace,Periféricos,Audífonos Noise Cancelling,905.0,4,0.15,3077.0
ORD-00251,2024-10-18,Antofagasta,App Móvil,Componentes,Disco SSD NVMe 2TB,1109.0,7,0.15,6598.55
ORD-00252,2024-05-17,Biobío,Sitio Web,Monitores,Monitor Gaming 144Hz 27',742.0,3,0.0,2226.0
ORD-00253,2024-10-09,RM Santiago,Sitio Web,Notebooks,MacBook Pro M3,757.0,4,0.1,2725.2
ORD-00254,2024-03-25,Antofagasta,App Móvil,Monitores,Monitor Gaming 144Hz 27',449.0,3,0.15,1144.95
ORD-00255,2024-01-26,RM Santiago,Sitio Web,Componentes,Memoria RAM 32GB DDR5,171.0,6,0.0,1026.0
ORD-00256,2024-03-12,Biobío,Marketplace,Periféricos,Audífonos Noise Cancelling,701.0,5,0.0,3505.0
ORD-00257,2024-10-05,Antofagasta,Sitio Web,Periféricos,Teclado Mecánico RGB,582.0,4,0.1,2095.2
ORD-00258,2024-03-12,RM Santiago,App Móvil,Periféricos,Audífonos Noise Cancelling,98.0,6,0.15,499.8
ORD-00259,2024-03-09,Biobío,Marketplace,Notebooks,Ultrabook Ryzen 7,564.0,7,0.05,3750.6
ORD-00260,2024-07-18,Biobío,App Móvil,Monitores,Monitor 4K 32' UltraWide,490.0,1,0.0,490.0
ORD-00261,2024-09-20,Valparaíso,App Móvil,Notebooks,Laptop Gamer i7 16GB,1028.0,2,0.0,2056.0
ORD-00262,2024-01-26,Biobío,App Móvil,Periféricos,Teclado Mecánico RGB,1198.0,3,0.1,3234.6
ORD-00263,2024-07-15,RM Santiago,Sitio Web,Periféricos,Mouse Inalámbrico Pro,646.0,2,0.05,1227.4
ORD-00264,2024-11-16,Antofagasta,App Móvil,Notebooks,MacBook Pro M3,1156.0,1,0.1,1040.4
ORD-00265,2024-09-06,Antofagasta,Sitio Web,Monitores,Monitor 4K 32' UltraWide,489.0,4,0.15,1662.6
ORD-00266,2024-09-06,Valparaíso,Sitio Web,Notebooks,MacBook Pro M3,748.0,7,0.15,4450.6
ORD-00267,2024-08-05,Valparaíso,Sitio Web,Notebooks,Laptop Gamer i7 16GB,59.0,1,0.0,59.0
ORD-00268,2024-03-29,Biobío,Sitio Web,Monitores,Monitor Gaming 144Hz 27',847.0,2,0.1,1524.6
ORD-00269,2024-11-19,RM Santiago,App Móvil,Notebooks,Laptop Gamer i7 16GB,1102.0,7,0.1,6942.6
ORD-00270,2024-04-23,Antofagasta,App Móvil,Notebooks,Laptop Gamer i7 16GB,72.0,1,0.0,72.0
ORD-00271,2024-03-12,Biobío,Marketplace,Componentes,Tarjeta de Video RTX 4070,331.0,3,0.15,844.05
ORD-00272,2024-04-13,Antofagasta,App Móvil,Componentes,Memoria RAM 32GB DDR5,25.0,3,0.1,67.5
ORD-00273,2024-01-27,Antofagasta,Marketplace,Monitores,Monitor 4K 32' UltraWide,663.0,3,0.0,1989.0
ORD-00274,2024-06-07,Biobío,Sitio Web,Notebooks,Ultrabook Ryzen 7,621.0,3,0.0,1863.0
ORD-00275,2024-03-29,Biobío,App Móvil,Componentes,Disco SSD NVMe 2TB,886.0,2,0.05,1683.4
ORD-00276,2024-06-27,Biobío,Marketplace,Monitores,Monitor Gaming 144Hz 27',493.0,2,0.1,887.4
ORD-00277,2024-07-03,Antofagasta,App Móvil,Periféricos,Audífonos Noise Cancelling,892.0,5,0.05,4237.0
ORD-00278,2024-04-27,Biobío,Marketplace,Periféricos,Audífonos Noise Cancelling,770.0,3,0.0,2310.0
ORD-00279,2024-02-06,Valparaíso,Sitio Web,Notebooks,Laptop Gamer i7 16GB,716.0,5,0.15,3043.0
ORD-00280,2024-12-03,RM Santiago,Sitio Web,Componentes,Memoria RAM 32GB DDR5,387.0,3,0.1,1044.9
ORD-00281,2024-05-22,Antofagasta,Sitio Web,Notebooks,Laptop Gamer i7 16GB,1095.0,4,0.05,4161.0
ORD-00282,2024-05-20,Antofagasta,Sitio Web,Periféricos,Audífonos Noise Cancelling,945.0,2,0.15,1606.5
ORD-00283,2024-03-09,Antofagasta,App Móvil,Notebooks,Laptop Gamer i7 16GB,110.0,7,0.05,731.5
ORD-00284,2024-06-10,Antofagasta,Marketplace,Monitores,Monitor 4K 32' UltraWide,351.0,2,0.05,666.9
ORD-00285,2024-01-02,Valparaíso,App Móvil,Monitores,Monitor Gaming 144Hz 27',274.0,1,0.05,260.3
ORD-00286,2024-05-09,Valparaíso,Marketplace,Monitores,Monitor 4K 32' UltraWide,426.0,4,0.15,1448.4
ORD-00287,2024-01-21,Antofagasta,Sitio Web,Componentes,Tarjeta de Video RTX 4070,955.0,4,0.05,3629.0
ORD-00288,2024-09-01,Biobío,App Móvil,Notebooks,Ultrabook Ryzen 7,840.0,1,0.1,756.0
ORD-00289,2024-02-19,Valparaíso,Marketplace,Periféricos,Mouse Inalámbrico Pro,1040.0,4,0.15,3536.0
ORD-00290,2024-04-10,Antofagasta,Sitio Web,Componentes,Tarjeta de Video RTX 4070,993.0,4,0.1,3574.8
ORD-00291,2024-06-19,RM Santiago,Marketplace,Monitores,Monitor Gaming 144Hz 27',1000.0,2,0.05,1900.0
ORD-00292,2024-04-22,RM Santiago,Marketplace,Notebooks,MacBook Pro M3,238.0,1,0.0,238.0
ORD-00293,2024-12-27,Valparaíso,App Móvil,Componentes,Disco SSD NVMe 2TB,475.0,3,0.15,1211.25
ORD-00294,2024-04-17,Biobío,Marketplace,Monitores,Monitor Gaming 144Hz 27',849.0,7,0.05,5645.85
ORD-00295,2024-01-08,Biobío,Sitio Web,Monitores,Monitor 4K 32' UltraWide,199.0,5,0.05,945.25
ORD-00296,2024-10-01,Valparaíso,Sitio Web,Monitores,Monitor 4K 32' UltraWide,1114.0,6,0.15,5681.4
ORD-00297,2024-09-27,Valparaíso,Sitio Web,Periféricos,Mouse Inalámbrico Pro,458.0,2,0.1,824.4
ORD-00298,2024-08-17,Antofagasta,App Móvil,Periféricos,Mouse Inalámbrico Pro,71.0,2,0.1,127.8
ORD-00299,2024-01-08,Valparaíso,Marketplace,Componentes,Tarjeta de Video RTX 4070,362.0,1,0.0,362.0
ORD-00300,2024-11-19,Valparaíso,Sitio Web,Periféricos,Teclado Mecánico RGB,1167.0,1,0.0,1167.0
ORD-00301,2024-12-16,Valparaíso,App Móvil,Componentes,Disco SSD NVMe 2TB,387.0,6,0.0,2322.0
ORD-00302,2024-07-21,RM Santiago,Marketplace,Periféricos,Teclado Mecánico RGB,112.0,6,0.0,672.0
ORD-00303,2024-01-17,Valparaíso,Marketplace,Monitores,Monitor 4K 32' UltraWide,602.0,7,0.15,3581.9
ORD-00304,2024-03-22,Biobío,App Móvil,Periféricos,Audífonos Noise Cancelling,304.0,6,0.15,1550.4
ORD-00305,2024-08-10,Valparaíso,App Móvil,Periféricos,Audífonos Noise Cancelling,1112.0,1,0.0,1112.0
ORD-00306,2024-02-09,Biobío,Sitio Web,Notebooks,MacBook Pro M3,1116.0,2,0.05,2120.4
ORD-00307,2024-04-20,Biobío,Sitio Web,Componentes,Disco SSD NVMe 2TB,1089.0,4,0.1,3920.4
ORD-00308,2024-06-09,RM Santiago,App Móvil,Periféricos,Teclado Mecánico RGB,232.0,4,0.1,835.2
ORD-00309,2024-02-22,Valparaíso,Marketplace,Periféricos,Mouse Inalámbrico Pro,461.0,3,0.15,1175.55
ORD-00310,2024-06-23,Valparaíso,Sitio Web,Componentes,Memoria RAM 32GB DDR5,556.0,2,0.1,1000.8
ORD-00311,2024-05-10,Valparaíso,App Móvil,Notebooks,Laptop Gamer i7 16GB,825.0,7,0.05,5486.25
ORD-00312,2024-03-25,Biobío,Sitio Web,Componentes,Memoria RAM 32GB DDR5,242.0,1,0.15,205.7
ORD-00313,2024-04-22,Biobío,App Móvil,Notebooks,Ultrabook Ryzen 7,1143.0,6,0.15,5829.3
ORD-00314,2024-10-26,Valparaíso,Marketplace,Notebooks,Ultrabook Ryzen 7,738.0,2,0.1,1328.4
ORD-00315,2024-02-28,Biobío,Sitio Web,Componentes,Disco SSD NVMe 2TB,477.0,2,0.0,954.0
ORD-00316,2024-12-13,Antofagasta,Sitio Web,Periféricos,Mouse Inalámbrico Pro,1093.0,5,0.1,4918.5
ORD-00317,2024-09-19,Biobío,Sitio Web,Periféricos,Audífonos Noise Cancelling,711.0,7,0.05,4728.15
ORD-00318,2024-12-08,Biobío,Sitio Web,Monitores,Monitor 4K 32' UltraWide,615.0,6,0.05,3505.5
ORD-00319,2024-01-24,Biobío,Marketplace,Monitores,Monitor Gaming 144Hz 27',406.0,3,0.1,1096.2
ORD-00320,2024-09-08,Valparaíso,App Móvil,Notebooks,Ultrabook Ryzen 7,906.0,2,0.0,1812.0
ORD-00321,2024-06-22,Antofagasta,Sitio Web,Componentes,Disco SSD NVMe 2TB,517.0,2,0.05,982.3
ORD-00322,2024-05-02,Valparaíso,Sitio Web,Periféricos,Teclado Mecánico RGB,786.0,4,0.05,2986.8
ORD-00323,2024-04-03,RM Santiago,Sitio Web,Periféricos,Mouse Inalámbrico Pro,858.0,2,0.0,1716.0
ORD-00324,2024-02-18,Biobío,Marketplace,Componentes,Tarjeta de Video RTX 4070,927.0,3,0.0,2781.0
ORD-00325,2024-01-31,Antofagasta,Marketplace,Monitores,Monitor 4K 32' UltraWide,759.0,6,0.05,4326.3
ORD-00326,2024-04-23,RM Santiago,App Móvil,Componentes,Disco SSD NVMe 2TB,421.0,4,0.0,1684.0
ORD-00327,2024-05-29,RM Santiago,Sitio Web,Notebooks,MacBook Pro M3,853.0,5,0.15,3625.25
ORD-00328,2024-07-06,Valparaíso,Sitio Web,Notebooks,MacBook Pro M3,147.0,1,0.1,132.3
ORD-00329,2024-08-02,Antofagasta,Sitio Web,Componentes,Memoria RAM 32GB DDR5,1029.0,2,0.05,1955.1
ORD-00330,2024-10-26,Biobío,App Móvil,Notebooks,MacBook Pro M3,681.0,1,0.1,612.9
ORD-00331,2024-12-04,Antofagasta,Marketplace,Monitores,Monitor Gaming 144Hz 27',989.0,1,0.15,840.65
ORD-00332,2024-04-17,Antofagasta,App Móvil,Componentes,Memoria RAM 32GB DDR5,450.0,1,0.1,405.0
ORD-00333,2024-11-27,Biobío,Sitio Web,Componentes,Memoria RAM 32GB DDR5,199.0,6,0.15,1014.9
ORD-00334,2024-05-20,RM Santiago,Sitio Web,Componentes,Disco SSD NVMe 2TB,639.0,2,0.05,1214.1
ORD-00335,2024-09-29,Biobío,App Móvil,Notebooks,Laptop Gamer i7 16GB,667.0,7,0.1,4202.1
ORD-00336,2024-07-07,Antofagasta,Sitio Web,Notebooks,Ultrabook Ryzen 7,53.0,1,0.0,53.0
ORD-00337,2024-05-18,Antofagasta,App Móvil,Periféricos,Teclado Mecánico RGB,740.0,5,0.05,3515.0
ORD-00338,2024-01-29,RM Santiago,App Móvil,Componentes,Memoria RAM 32GB DDR5,1038.0,2,0.0,2076.0
ORD-00339,2024-02-19,Antofagasta,Marketplace,Monitores,Monitor 4K 32' UltraWide,358.0,2,0.0,716.0
ORD-00340,2024-08-14,Antofagasta,Marketplace,Notebooks,Laptop Gamer i7 16GB,517.0,3,0.15,1318.35
ORD-00341,2024-12-19,RM Santiago,App Móvil,Notebooks,Ultrabook Ryzen 7,805.0,7,0.1,5071.5
ORD-00342,2024-07-08,Valparaíso,Marketplace,Periféricos,Audífonos Noise Cancelling,332.0,7,0.1,2091.6
ORD-00343,2024-12-15,RM Santiago,App Móvil,Monitores,Monitor 4K 32' UltraWide,875.0,3,0.05,2493.75
ORD-00344,2024-03-03,Valparaíso,Marketplace,Componentes,Disco SSD NVMe 2TB,336.0,3,0.05,957.6
ORD-00345,2024-06-05,RM Santiago,App Móvil,Notebooks,Laptop Gamer i7 16GB,655.0,5,0.1,2947.5
ORD-00346,2024-12-18,Antofagasta,Sitio Web,Componentes,Disco SSD NVMe 2TB,770.0,1,0.1,693.0
ORD-00347,2024-04-16,Biobío,App Móvil,Notebooks,Laptop Gamer i7 16GB,1087.0,6,0.05,6195.9
ORD-00348,2024-11-19,Biobío,App Móvil,Componentes,Tarjeta de Video RTX 4070,426.0,6,0.0,2556.0
ORD-00349,2024-10-15,Antofagasta,Sitio Web,Periféricos,Audífonos Noise Cancelling,62.0,2,0.1,111.6
ORD-00350,2024-11-01,Biobío,Sitio Web,Periféricos,Teclado Mecánico RGB,914.0,2,0.1,1645.2
ORD-00351,2024-04-12,Antofagasta,App Móvil,Periféricos,Audífonos Noise Cancelling,898.0,1,0.1,808.2
ORD-00352,2024-05-29,Valparaíso,Marketplace,Monitores,Monitor Gaming 144Hz 27',712.0,6,0.0,4272.0
ORD-00353,2024-10-26,Biobío,Sitio Web,Monitores,Monitor Gaming 144Hz 27',361.0,5,0.0,1805.0
ORD-00354,2024-11-24,Antofagasta,Marketplace,Periféricos,Teclado Mecánico RGB,807.0,6,0.15,4115.7
ORD-00355,2024-01-03,Antofagasta,App Móvil,Monitores,Monitor 4K 32' UltraWide,61.0,3,0.05,173.85
ORD-00356,2024-10-28,RM Santiago,App Móvil,Notebooks,MacBook Pro M3,426.0,4,0.1,1533.6
ORD-00357,2024-07-30,Biobío,Sitio Web,Periféricos,Mouse Inalámbrico Pro,643.0,5,0.15,2732.75
ORD-00358,2024-06-12,RM Santiago,App Móvil,Periféricos,Mouse Inalámbrico Pro,911.0,1,0.0,911.0
ORD-00359,2024-11-16,Biobío,Marketplace,Periféricos,Teclado Mecánico RGB,925.0,1,0.05,878.75
ORD-00360,2024-05-20,RM Santiago,App Móvil,Componentes,Tarjeta de Video RTX 4070,725.0,4,0.1,2610.0
ORD-00361,2024-11-16,Valparaíso,Sitio Web,Componentes,Disco SSD NVMe 2TB,415.0,4,0.0,1660.0
ORD-00362,2024-09-30,Valparaíso,Marketplace,Monitores,Monitor Gaming 144Hz 27',1187.0,1,0.1,1068.3
ORD-00363,2024-03-02,Valparaíso,Marketplace,Componentes,Disco SSD NVMe 2TB,1150.0,7,0.1,7245.0
ORD-00364,2024-04-11,Biobío,Marketplace,Monitores,Monitor 4K 32' UltraWide,249.0,2,0.0,498.0
ORD-00365,2024-04-13,Valparaíso,App Móvil,Monitores,Monitor Gaming 144Hz 27',699.0,7,0.0,4893.0
ORD-00366,2024-08-30,Antofagasta,Sitio Web,Monitores,Monitor 4K 32' UltraWide,238.0,4,0.0,952.0
ORD-00367,2024-08-13,Antofagasta,Sitio Web,Componentes,Memoria RAM 32GB DDR5,933.0,7,0.0,6531.0
ORD-00368,2024-10-23,Biobío,App Móvil,Periféricos,Teclado Mecánico RGB,1072.0,5,0.1,4824.0
ORD-00369,2024-04-24,Valparaíso,Marketplace,Monitores,Monitor 4K 32' UltraWide,740.0,3,0.1,1998.0
ORD-00370,2024-08-15,Antofagasta,App Móvil,Componentes,Disco SSD NVMe 2TB,977.0,5,0.1,4396.5
ORD-00371,2024-12-17,Antofagasta,Sitio Web,Componentes,Tarjeta de Video RTX 4070,1110.0,5,0.0,5550.0
ORD-00372,2024-03-04,Antofagasta,Sitio Web,Monitores,Monitor 4K 32' UltraWide,647.0,2,0.0,1294.0
ORD-00373,2024-12-28,Valparaíso,Marketplace,Periféricos,Mouse Inalámbrico Pro,242.0,6,0.15,1234.2
ORD-00374,2024-10-25,Valparaíso,App Móvil,Monitores,Monitor Gaming 144Hz 27',998.0,2,0.0,1996.0
ORD-00375,2024-08-05,Antofagasta,App Móvil,Componentes,Disco SSD NVMe 2TB,745.0,2,0.0,1490.0
ORD-00376,2024-01-01,Valparaíso,Sitio Web,Componentes,Disco SSD NVMe 2TB,1197.0,4,0.15,4069.8
ORD-00377,2024-12-08,Antofagasta,App Móvil,Notebooks,Laptop Gamer i7 16GB,68.0,3,0.15,173.4
ORD-00378,2024-06-16,Valparaíso,App Móvil,Periféricos,Audífonos Noise Cancelling,379.0,7,0.05,2520.35
ORD-00379,2024-01-20,RM Santiago,Marketplace,Notebooks,MacBook Pro M3,1033.0,7,0.0,7231.0
ORD-00380,2024-12-04,Biobío,Marketplace,Componentes,Disco SSD NVMe 2TB,498.0,2,0.15,846.6
ORD-00381,2024-10-13,Antofagasta,Marketplace,Notebooks,MacBook Pro M3,865.0,3,0.1,2335.5
ORD-00382,2024-04-11,Biobío,App Móvil,Monitores,Monitor 4K 32' UltraWide,352.0,7,0.0,2464.0
ORD-00383,2024-07-22,RM Santiago,Sitio Web,Periféricos,Audífonos Noise Cancelling,659.0,6,0.05,3756.3
ORD-00384,2024-04-13,Valparaíso,Marketplace,Componentes,Disco SSD NVMe 2TB,1128.0,1,0.15,958.8
ORD-00385,2024-03-08,Antofagasta,Sitio Web,Periféricos,Audífonos Noise Cancelling,399.0,2,0.0,798.0
ORD-00386,2024-10-17,Biobío,Marketplace,Monitores,Monitor 4K 32' UltraWide,322.0,5,0.05,1529.5
ORD-00387,2024-01-18,Valparaíso,App Móvil,Notebooks,Ultrabook Ryzen 7,405.0,4,0.1,1458.0
ORD-00388,2024-07-05,RM Santiago,App Móvil,Componentes,Disco SSD NVMe 2TB,131.0,4,0.1,471.6
ORD-00389,2024-11-23,Valparaíso,App Móvil,Componentes,Tarjeta de Video RTX 4070,266.0,2,0.1,478.8
ORD-00390,2024-05-18,Valparaíso,Marketplace,Monitores,Monitor 4K 32' UltraWide,196.0,1,0.0,196.0
ORD-00391,2024-07-12,Biobío,Marketplace,Periféricos,Mouse Inalámbrico Pro,338.0,2,0.1,608.4
ORD-00392,2024-04-03,Biobío,App Móvil,Monitores,Monitor 4K 32' UltraWide,1150.0,6,0.15,5865.0
ORD-00393,2024-12-07,RM Santiago,Marketplace,Componentes,Tarjeta de Video RTX 4070,1126.0,3,0.05,3209.1
ORD-00394,2024-12-11,Antofagasta,App Móvil,Periféricos,Teclado Mecánico RGB,1184.0,5,0.15,5032.0
ORD-00395,2024-03-22,Biobío,Sitio Web,Periféricos,Teclado Mecánico RGB,179.0,7,0.05,1190.35
ORD-00396,2024-07-06,RM Santiago,Sitio Web,Componentes,Tarjeta de Video RTX 4070,832.0,3,0.1,2246.4
ORD-00397,2024-06-20,Biobío,Sitio Web,Periféricos,Teclado Mecánico RGB,955.0,5,0.1,4297.5
ORD-00398,2024-05-14,Valparaíso,App Móvil,Periféricos,Teclado Mecánico RGB,697.0,7,0.15,4147.15
ORD-00399,2024-05-28,Biobío,Sitio Web,Componentes,Memoria RAM 32GB DDR5,696.0,6,0.15,3549.6
ORD-00400,2024-01-05,RM Santiago,Marketplace,Componentes,Disco SSD NVMe 2TB,1118.0,2,0.05,2124.2
ORD-00401,2024-07-19,Antofagasta,Sitio Web,Componentes,Tarjeta de Video RTX 4070,259.0,7,0.15,1541.05
ORD-00402,2024-05-21,Valparaíso,App Móvil,Periféricos,Teclado Mecánico RGB,577.0,3,0.15,1471.35
ORD-00403,2024-09-08,Valparaíso,Sitio Web,Periféricos,Audífonos Noise Cancelling,530.0,1,0.1,477.0
ORD-00404,2024-12-22,RM Santiago,Marketplace,Monitores,Monitor 4K 32' UltraWide,1034.0,7,0.05,6876.1
ORD-00405,2024-12-29,Valparaíso,Sitio Web,Componentes,Memoria RAM 32GB DDR5,721.0,7,0.0,5047.0
ORD-00406,2024-07-26,Biobío,Sitio Web,Componentes,Disco SSD NVMe 2TB,645.0,2,0.05,1225.5
ORD-00407,2024-10-09,Biobío,App Móvil,Monitores,Monitor Gaming 144Hz 27',917.0,3,0.05,2613.45
ORD-00408,2024-11-01,Biobío,App Móvil,Componentes,Memoria RAM 32GB DDR5,756.0,7,0.0,5292.0
ORD-00409,2024-08-14,Antofagasta,Sitio Web,Componentes,Disco SSD NVMe 2TB,83.0,1,0.05,78.85
ORD-00410,2024-12-06,Biobío,App Móvil,Notebooks,MacBook Pro M3,720.0,3,0.05,2052.0
ORD-00411,2024-06-23,Biobío,Marketplace,Periféricos,Teclado Mecánico RGB,145.0,2,0.15,246.5
ORD-00412,2024-12-17,Valparaíso,App Móvil,Periféricos,Mouse Inalámbrico Pro,704.0,1,0.1,633.6
ORD-00413,2024-05-12,Valparaíso,App Móvil,Componentes,Memoria RAM 32GB DDR5,980.0,2,0.05,1862.0
ORD-00414,2024-03-31,Valparaíso,App Móvil,Periféricos,Audífonos Noise Cancelling,760.0,1,0.0,760.0
ORD-00415,2024-12-12,Valparaíso,App Móvil,Notebooks,Laptop Gamer i7 16GB,1185.0,7,0.1,7465.5
ORD-00416,2024-06-10,Biobío,App Móvil,Monitores,Monitor 4K 32' UltraWide,652.0,7,0.15,3879.4
ORD-00417,2024-09-24,RM Santiago,Marketplace,Periféricos,Audífonos Noise Cancelling,873.0,6,0.05,4976.1
ORD-00418,2024-11-22,Biobío,Marketplace,Periféricos,Audífonos Noise Cancelling,408.0,1,0.1,367.2
ORD-00419,2024-12-19,Biobío,Sitio Web,Notebooks,Ultrabook Ryzen 7,589.0,2,0.05,1119.1
ORD-00420,2024-09-29,Valparaíso,Marketplace,Periféricos,Teclado Mecánico RGB,1169.0,1,0.05,1110.55
ORD-00421,2024-08-28,Biobío,Marketplace,Periféricos,Teclado Mecánico RGB,40.0,4,0.05,152.0
ORD-00422,2024-09-11,Antofagasta,Sitio Web,Notebooks,MacBook Pro M3,896.0,6,0.1,4838.4
ORD-00423,2024-09-19,RM Santiago,Sitio Web,Notebooks,Ultrabook Ryzen 7,324.0,6,0.05,1846.8
ORD-00424,2024-01-21,RM Santiago,Marketplace,Componentes,Tarjeta de Video RTX 4070,679.0,5,0.05,3225.25
ORD-00425,2024-08-13,RM Santiago,App Móvil,Notebooks,MacBook Pro M3,187.0,3,0.15,476.85
ORD-00426,2024-09-05,Antofagasta,App Móvil,Componentes,Disco SSD NVMe 2TB,90.0,7,0.0,630.0
ORD-00427,2024-09-02,RM Santiago,Marketplace,Monitores,Monitor Gaming 144Hz 27',376.0,3,0.0,1128.0
ORD-00428,2024-04-02,Valparaíso,App Móvil,Componentes,Tarjeta de Video RTX 4070,813.0,1,0.1,731.7
ORD-00429,2024-07-04,Valparaíso,Sitio Web,Periféricos,Mouse Inalámbrico Pro,517.0,6,0.0,3102.0
ORD-00430,2024-02-23,Antofagasta,App Móvil,Componentes,Tarjeta de Video RTX 4070,182.0,3,0.15,464.1
ORD-00431,2024-03-23,Antofagasta,Sitio Web,Monitores,Monitor Gaming 144Hz 27',1095.0,6,0.1,5913.0
ORD-00432,2024-11-17,Valparaíso,Sitio Web,Periféricos,Audífonos Noise Cancelling,436.0,6,0.0,2616.0
ORD-00433,2024-01-11,Antofagasta,Marketplace,Componentes,Memoria RAM 32GB DDR5,284.0,1,0.1,255.6
ORD-00434,2024-05-12,Antofagasta,Marketplace,Notebooks,Laptop Gamer i7 16GB,310.0,4,0.1,1116.0
ORD-00435,2024-02-02,Valparaíso,Marketplace,Notebooks,MacBook Pro M3,159.0,3,0.0,477.0
ORD-00436,2024-10-05,RM Santiago,Marketplace,Periféricos,Mouse Inalámbrico Pro,836.0,4,0.05,3176.8
ORD-00437,2024-02-25,RM Santiago,Sitio Web,Componentes,Memoria RAM 32GB DDR5,301.0,7,0.15,1790.95
ORD-00438,2024-05-10,Antofagasta,Sitio Web,Monitores,Monitor Gaming 144Hz 27',266.0,5,0.15,1130.5
ORD-00439,2024-03-25,Biobío,Marketplace,Componentes,Memoria RAM 32GB DDR5,400.0,5,0.1,1800.0
ORD-00440,2024-11-15,Antofagasta,App Móvil,Periféricos,Teclado Mecánico RGB,244.0,2,0.15,414.8
ORD-00441,2024-07-13,Antofagasta,Sitio Web,Notebooks,MacBook Pro M3,712.0,3,0.0,2136.0
ORD-00442,2024-11-14,Valparaíso,Sitio Web,Monitores,Monitor Gaming 144Hz 27',236.0,7,0.1,1486.8
ORD-00443,2024-02-09,RM Santiago,App Móvil,Periféricos,Mouse Inalámbrico Pro,207.0,4,0.05,786.6
ORD-00444,2024-05-13,Biobío,Sitio Web,Notebooks,Ultrabook Ryzen 7,1124.0,1,0.0,1124.0
ORD-00445,2024-05-16,Valparaíso,Marketplace,Notebooks,MacBook Pro M3,508.0,1,0.15,431.8
ORD-00446,2024-05-14,Biobío,Sitio Web,Notebooks,MacBook Pro M3,569.0,7,0.0,3983.0
ORD-00447,2024-12-30,Biobío,Marketplace,Monitores,Monitor 4K 32' UltraWide,631.0,5,0.05,2997.25
ORD-00448,2024-11-01,Valparaíso,Marketplace,Notebooks,Laptop Gamer i7 16GB,392.0,4,0.1,1411.2
ORD-00449,2024-08-19,Valparaíso,Sitio Web,Periféricos,Mouse Inalámbrico Pro,424.0,1,0.1,381.6
ORD-00450,2024-08-05,Valparaíso,Marketplace,Componentes,Memoria RAM 32GB DDR5,193.0,6,0.0,1158.0
ORD-00451,2024-07-13,Valparaíso,Marketplace,Notebooks,Laptop Gamer i7 16GB,939.0,3,0.1,2535.3
ORD-00452,2024-07-21,Valparaíso,Marketplace,Monitores,Monitor 4K 32' UltraWide,432.0,6,0.1,2332.8
ORD-00453,2024-05-11,RM Santiago,Marketplace,Notebooks,Ultrabook Ryzen 7,1021.0,4,0.0,4084.0
ORD-00454,2024-08-16,Biobío,Marketplace,Periféricos,Audífonos Noise Cancelling,425.0,7,0.15,2528.75
ORD-00455,2024-09-20,Biobío,Sitio Web,Periféricos,Teclado Mecánico RGB,205.0,2,0.05,389.5
ORD-00456,2024-01-23,Valparaíso,Sitio Web,Componentes,Disco SSD NVMe 2TB,462.0,2,0.0,924.0
ORD-00457,2024-09-06,Valparaíso,Marketplace,Notebooks,Laptop Gamer i7 16GB,889.0,3,0.1,2400.3
ORD-00458,2024-08-28,Antofagasta,Sitio Web,Componentes,Memoria RAM 32GB DDR5,740.0,6,0.1,3996.0
ORD-00459,2024-11-20,Antofagasta,App Móvil,Monitores,Monitor Gaming 144Hz 27',437.0,2,0.0,874.0
ORD-00460,2024-01-27,Biobío,Marketplace,Periféricos,Audífonos Noise Cancelling,369.0,3,0.15,940.95
ORD-00461,2024-06-26,Valparaíso,Sitio Web,Monitores,Monitor 4K 32' UltraWide,261.0,6,0.15,1331.1
ORD-00462,2024-05-09,Valparaíso,Marketplace,Notebooks,MacBook Pro M3,1152.0,6,0.15,5875.2
ORD-00463,2024-07-28,Antofagasta,App Móvil,Periféricos,Audífonos Noise Cancelling,716.0,7,0.15,4260.2
ORD-00464,2024-07-22,Biobío,Marketplace,Periféricos,Audífonos Noise Cancelling,601.0,3,0.0,1803.0
ORD-00465,2024-08-21,Valparaíso,Marketplace,Notebooks,MacBook Pro M3,1078.0,4,0.05,4096.4
ORD-00466,2024-12-08,Antofagasta,Sitio Web,Monitores,Monitor Gaming 144Hz 27',261.0,2,0.1,469.8
ORD-00467,2024-12-20,Antofagasta,App Móvil,Periféricos,Teclado Mecánico RGB,342.0,1,0.0,342.0
ORD-00468,2024-10-24,RM Santiago,Sitio Web,Monitores,Monitor Gaming 144Hz 27',80.0,6,0.1,432.0
ORD-00469,2024-04-14,Biobío,App Móvil,Monitores,Monitor Gaming 144Hz 27',1071.0,5,0.15,4551.75
ORD-00470,2024-11-01,RM Santiago,Sitio Web,Monitores,Monitor 4K 32' UltraWide,1066.0,1,0.1,959.4
ORD-00471,2024-11-16,Antofagasta,Marketplace,Monitores,Monitor 4K 32' UltraWide,290.0,7,0.1,1827.0
ORD-00472,2024-06-10,RM Santiago,Marketplace,Monitores,Monitor 4K 32' UltraWide,1085.0,5,0.15,4611.25
ORD-00473,2024-01-05,Antofagasta,Sitio Web,Componentes,Memoria RAM 32GB DDR5,365.0,5,0.1,1642.5
ORD-00474,2024-12-27,Antofagasta,Sitio Web,Periféricos,Audífonos Noise Cancelling,798.0,4,0.05,3032.4
ORD-00475,2024-07-06,RM Santiago,Sitio Web,Componentes,Tarjeta de Video RTX 4070,365.0,2,0.0,730.0
ORD-00476,2024-02-23,Biobío,Sitio Web,Componentes,Disco SSD NVMe 2TB,750.0,7,0.0,5250.0
ORD-00477,2024-07-31,Biobío,Marketplace,Notebooks,Ultrabook Ryzen 7,199.0,6,0.1,1074.6
ORD-00478,2024-09-23,Biobío,Sitio Web,Monitores,Monitor 4K 32' UltraWide,434.0,1,0.05,412.3
ORD-00479,2024-04-01,Valparaíso,Sitio Web,Monitores,Monitor 4K 32' UltraWide,247.0,6,0.15,1259.7
ORD-00480,2024-12-15,Biobío,Sitio Web,Periféricos,Teclado Mecánico RGB,127.0,3,0.05,361.95
ORD-00481,2024-01-22,Antofagasta,Marketplace,Monitores,Monitor Gaming 144Hz 27',251.0,3,0.15,640.05
ORD-00482,2024-12-04,Biobío,App Móvil,Notebooks,MacBook Pro M3,247.0,2,0.15,419.9
ORD-00483,2024-08-12,Biobío,Marketplace,Componentes,Memoria RAM 32GB DDR5,740.0,1,0.05,703.0
ORD-00484,2024-11-05,RM Santiago,App Móvil,Notebooks,MacBook Pro M3,431.0,1,0.0,431.0
ORD-00485,2024-07-17,RM Santiago,App Móvil,Notebooks,MacBook Pro M3,344.0,1,0.0,344.0
ORD-00486,2024-01-25,RM Santiago,Sitio Web,Monitores,Monitor 4K 32' UltraWide,1043.0,4,0.15,3546.2
ORD-00487,2024-01-14,Valparaíso,App Móvil,Periféricos,Audífonos Noise Cancelling,451.0,6,0.05,2570.7
ORD-00488,2024-08-03,Valparaíso,Sitio Web,Monitores,Monitor 4K 32' UltraWide,1103.0,7,0.15,6562.85
ORD-00489,2024-08-14,Antofagasta,Sitio Web,Periféricos,Audífonos Noise Cancelling,648.0,1,0.0,648.0
ORD-00490,2024-01-05,Antofagasta,App Móvil,Periféricos,Audífonos Noise Cancelling,100.0,5,0.0,500.0
ORD-00491,2024-07-03,Antofagasta,Sitio Web,Periféricos,Teclado Mecánico RGB,95.0,3,0.1,256.5
ORD-00492,2024-07-11,Antofagasta,Marketplace,Periféricos,Audífonos Noise Cancelling,131.0,4,0.0,524.0
ORD-00493,2024-08-10,RM Santiago,Marketplace,Notebooks,Ultrabook Ryzen 7,535.0,6,0.1,2889.0
ORD-00494,2024-09-20,Biobío,Marketplace,Periféricos,Teclado Mecánico RGB,768.0,2,0.15,1305.6
ORD-00495,2024-12-01,Biobío,Sitio Web,Periféricos,Audífonos Noise Cancelling,619.0,3,0.1,1671.3
ORD-00496,2024-12-15,RM Santiago,Marketplace,Monitores,Monitor 4K 32' UltraWide,144.0,1,0.05,136.8
ORD-00497,2024-01-02,RM Santiago,Marketplace,Componentes,Memoria RAM 32GB DDR5,214.0,2,0.15,363.8
ORD-00498,2024-11-27,Valparaíso,Marketplace,Monitores,Monitor 4K 32' UltraWide,1144.0,4,0.15,3889.6
ORD-00499,2024-06-01,Antofagasta,App Móvil,Componentes,Tarjeta de Video RTX 4070,589.0,1,0.15,500.65
ORD-00500,2024-11-16,Biobío,Marketplace,Componentes,Tarjeta de Video RTX 4070,1092.0,3,0.15,2784.6
ORD-00501,2024-12-22,Biobío,Marketplace,Periféricos,Audífonos Noise Cancelling,1140.0,1,0.05,1083.0
ORD-00502,2024-09-19,Antofagasta,Marketplace,Monitores,Monitor Gaming 144Hz 27',392.0,6,0.05,2234.4
ORD-00503,2024-01-04,Valparaíso,App Móvil,Monitores,Monitor 4K 32' UltraWide,930.0,3,0.1,2511.0
ORD-00504,2024-10-23,Biobío,App Móvil,Periféricos,Mouse Inalámbrico Pro,719.0,5,0.15,3055.75
ORD-00505,2024-04-24,Biobío,Sitio Web,Monitores,Monitor Gaming 144Hz 27',248.0,6,0.05,1413.6
ORD-00506,2024-12-13,Valparaíso,Marketplace,Componentes,Tarjeta de Video RTX 4070,110.0,6,0.15,561.0
ORD-00507,2024-05-31,Biobío,App Móvil,Notebooks,Laptop Gamer i7 16GB,1134.0,3,0.15,2891.7
ORD-00508,2024-09-29,Valparaíso,App Móvil,Monitores,Monitor 4K 32' UltraWide,799.0,3,0.15,2037.45
ORD-00509,2024-08-09,Antofagasta,Marketplace,Componentes,Tarjeta de Video RTX 4070,298.0,7,0.05,1981.7
ORD-00510,2024-01-06,Antofagasta,Marketplace,Notebooks,MacBook Pro M3,935.0,4,0.15,3179.0
ORD-00511,2024-11-18,Valparaíso,Marketplace,Monitores,Monitor Gaming 144Hz 27',51.0,5,0.1,229.5
ORD-00512,2024-05-25,Valparaíso,Sitio Web,Monitores,Monitor Gaming 144Hz 27',85.0,5,0.05,403.75
ORD-00513,2024-10-01,Valparaíso,Marketplace,Periféricos,Mouse Inalámbrico Pro,1074.0,5,0.15,4564.5
ORD-00514,2024-10-31,Valparaíso,Sitio Web,Monitores,Monitor Gaming 144Hz 27',908.0,3,0.15,2315.4
ORD-00515,2024-11-14,Antofagasta,Marketplace,Componentes,Disco SSD NVMe 2TB,794.0,2,0.05,1508.6
ORD-00516,2024-12-25,RM Santiago,App Móvil,Notebooks,Laptop Gamer i7 16GB,917.0,1,0.05,871.15
ORD-00517,2024-11-03,Valparaíso,Marketplace,Notebooks,MacBook Pro M3,683.0,3,0.1,1844.1
ORD-00518,2024-10-05,Antofagasta,Marketplace,Periféricos,Audífonos Noise Cancelling,531.0,7,0.15,3159.45
ORD-00519,2024-12-21,Valparaíso,Marketplace,Componentes,Disco SSD NVMe 2TB,790.0,7,0.15,4700.5
ORD-00520,2024-01-13,RM Santiago,App Móvil,Monitores,Monitor Gaming 144Hz 27',683.0,6,0.0,4098.0
ORD-00521,2024-09-12,RM Santiago,Sitio Web,Monitores,Monitor 4K 32' UltraWide,913.0,3,0.05,2602.05
ORD-00522,2024-09-06,Biobío,Sitio Web,Componentes,Tarjeta de Video RTX 4070,728.0,7,0.1,4586.4
ORD-00523,2024-06-28,Biobío,Marketplace,Periféricos,Teclado Mecánico RGB,937.0,6,0.15,4778.7
ORD-00524,2024-04-20,RM Santiago,Sitio Web,Periféricos,Teclado Mecánico RGB,512.0,5,0.0,2560.0
ORD-00525,2024-11-25,RM Santiago,Marketplace,Periféricos,Audífonos Noise Cancelling,1042.0,4,0.0,4168.0
ORD-00526,2024-04-29,Biobío,App Móvil,Componentes,Memoria RAM 32GB DDR5,749.0,3,0.05,2134.65
ORD-00527,2024-07-21,Antofagasta,Sitio Web,Componentes,Disco SSD NVMe 2TB,1006.0,1,0.05,955.7
ORD-00528,2024-07-29,Biobío,Marketplace,Notebooks,Ultrabook Ryzen 7,198.0,4,0.0,792.0
ORD-00529,2024-05-25,Valparaíso,Marketplace,Notebooks,Ultrabook Ryzen 7,812.0,6,0.0,4872.0
ORD-00530,2024-06-20,Antofagasta,App Móvil,Monitores,Monitor 4K 32' UltraWide,775.0,7,0.1,4882.5
ORD-00531,2024-10-29,RM Santiago,App Móvil,Periféricos,Audífonos Noise Cancelling,1069.0,6,0.1,5772.6
ORD-00532,2024-07-21,Valparaíso,Marketplace,Monitores,Monitor Gaming 144Hz 27',941.0,4,0.05,3575.8
ORD-00533,2024-01-15,Antofagasta,Marketplace,Monitores,Monitor 4K 32' UltraWide,198.0,2,0.1,356.4
ORD-00534,2024-11-10,Valparaíso,App Móvil,Monitores,Monitor 4K 32' UltraWide,498.0,2,0.1,896.4
ORD-00535,2024-08-02,Biobío,Sitio Web,Componentes,Disco SSD NVMe 2TB,82.0,7,0.1,516.6
ORD-00536,2024-04-28,RM Santiago,Sitio Web,Monitores,Monitor Gaming 144Hz 27',306.0,1,0.15,260.1
ORD-00537,2024-06-22,Biobío,App Móvil,Componentes,Disco SSD NVMe 2TB,827.0,5,0.0,4135.0
ORD-00538,2024-03-10,RM Santiago,Marketplace,Notebooks,MacBook Pro M3,258.0,1,0.0,258.0
ORD-00539,2024-06-09,RM Santiago,Marketplace,Notebooks,Laptop Gamer i7 16GB,161.0,1,0.1,144.9
ORD-00540,2024-09-26,Antofagasta,Sitio Web,Monitores,Monitor 4K 32' UltraWide,87.0,6,0.0,522.0
ORD-00541,2024-03-13,Antofagasta,Sitio Web,Periféricos,Audífonos Noise Cancelling,244.0,3,0.05,695.4
ORD-00542,2024-07-08,RM Santiago,App Móvil,Componentes,Disco SSD NVMe 2TB,962.0,6,0.15,4906.2
ORD-00543,2024-09-02,Valparaíso,Marketplace,Monitores,Monitor 4K 32' UltraWide,291.0,2,0.1,523.8
ORD-00544,2024-04-10,Valparaíso,App Móvil,Notebooks,Laptop Gamer i7 16GB,63.0,1,0.0,63.0
ORD-00545,2024-08-22,Antofagasta,App Móvil,Monitores,Monitor Gaming 144Hz 27',313.0,5,0.0,1565.0
ORD-00546,2024-11-01,Antofagasta,App Móvil,Monitores,Monitor Gaming 144Hz 27',528.0,6,0.15,2692.8
ORD-00547,2024-12-03,Valparaíso,Sitio Web,Monitores,Monitor 4K 32' UltraWide,834.0,2,0.0,1668.0
ORD-00548,2024-11-08,Antofagasta,App Móvil,Componentes,Tarjeta de Video RTX 4070,844.0,3,0.15,2152.2
ORD-00549,2024-05-22,Valparaíso,Marketplace,Periféricos,Audífonos Noise Cancelling,873.0,1,0.1,785.7
ORD-00550,2024-02-18,Antofagasta,Marketplace,Componentes,Memoria RAM 32GB DDR5,502.0,2,0.1,903.6
ORD-00551,2024-12-13,Biobío,App Móvil,Notebooks,Laptop Gamer i7 16GB,892.0,2,0.0,1784.0
ORD-00552,2024-09-12,Antofagasta,Marketplace,Monitores,Monitor Gaming 144Hz 27',905.0,6,0.0,5430.0
ORD-00553,2024-08-25,Biobío,Sitio Web,Periféricos,Teclado Mecánico RGB,286.0,5,0.05,1358.5
ORD-00554,2024-06-27,Valparaíso,Marketplace,Componentes,Disco SSD NVMe 2TB,527.0,3,0.0,1581.0
ORD-00555,2024-08-13,Antofagasta,Marketplace,Periféricos,Mouse Inalámbrico Pro,743.0,3,0.15,1894.65
ORD-00556,2024-01-01,Biobío,App Móvil,Componentes,Tarjeta de Video RTX 4070,1083.0,6,0.1,5848.2
ORD-00557,2024-09-17,Biobío,Sitio Web,Periféricos,Teclado Mecánico RGB,436.0,7,0.1,2746.8
ORD-00558,2024-12-12,Valparaíso,Marketplace,Notebooks,MacBook Pro M3,157.0,2,0.0,314.0
ORD-00559,2024-12-18,Biobío,App Móvil,Notebooks,Ultrabook Ryzen 7,713.0,5,0.1,3208.5
ORD-00560,2024-02-13,RM Santiago,App Móvil,Monitores,Monitor Gaming 144Hz 27',820.0,1,0.0,820.0
ORD-00561,2024-03-08,RM Santiago,Sitio Web,Periféricos,Teclado Mecánico RGB,50.0,4,0.0,200.0
ORD-00562,2024-07-06,RM Santiago,Marketplace,Notebooks,MacBook Pro M3,729.0,5,0.1,3280.5
ORD-00563,2024-09-18,Biobío,Sitio Web,Monitores,Monitor Gaming 144Hz 27',1072.0,1,0.0,1072.0
ORD-00564,2024-08-28,Biobío,App Móvil,Periféricos,Mouse Inalámbrico Pro,34.0,7,0.15,202.3
ORD-00565,2024-10-26,Antofagasta,Marketplace,Notebooks,Laptop Gamer i7 16GB,616.0,1,0.15,523.6
ORD-00566,2024-12-19,RM Santiago,Sitio Web,Periféricos,Teclado Mecánico RGB,412.0,2,0.05,782.8
ORD-00567,2024-08-14,Valparaíso,Marketplace,Monitores,Monitor Gaming 144Hz 27',585.0,3,0.0,1755.0
ORD-00568,2024-07-25,Biobío,Sitio Web,Periféricos,Mouse Inalámbrico Pro,586.0,6,0.15,2988.6
ORD-00569,2024-09-19,Antofagasta,Marketplace,Periféricos,Mouse Inalámbrico Pro,412.0,2,0.05,782.8
ORD-00570,2024-02-20,Antofagasta,App Móvil,Periféricos,Teclado Mecánico RGB,471.0,5,0.0,2355.0
ORD-00571,2024-03-12,Antofagasta,Marketplace,Monitores,Monitor Gaming 144Hz 27',603.0,2,0.0,1206.0
ORD-00572,2024-09-19,RM Santiago,Sitio Web,Periféricos,Teclado Mecánico RGB,115.0,5,0.1,517.5
ORD-00573,2024-05-20,Valparaíso,Marketplace,Monitores,Monitor Gaming 144Hz 27',476.0,6,0.05,2713.2
ORD-00574,2024-07-06,Valparaíso,App Móvil,Periféricos,Mouse Inalámbrico Pro,1044.0,7,0.15,6211.8
ORD-00575,2024-12-02,Antofagasta,Marketplace,Periféricos,Mouse Inalámbrico Pro,840.0,2,0.15,1428.0
ORD-00576,2024-12-25,Valparaíso,Sitio Web,Periféricos,Mouse Inalámbrico Pro,896.0,6,0.0,5376.0
ORD-00577,2024-12-16,RM Santiago,Sitio Web,Monitores,Monitor 4K 32' UltraWide,420.0,6,0.15,2142.0
ORD-00578,2024-03-02,RM Santiago,Sitio Web,Componentes,Disco SSD NVMe 2TB,476.0,6,0.15,2427.6
ORD-00579,2024-09-18,Valparaíso,App Móvil,Monitores,Monitor Gaming 144Hz 27',894.0,2,0.0,1788.0
ORD-00580,2024-04-02,Valparaíso,Sitio Web,Notebooks,Laptop Gamer i7 16GB,74.0,1,0.1,66.6
ORD-00581,2024-07-25,RM Santiago,App Móvil,Notebooks,MacBook Pro M3,986.0,7,0.15,5866.7
ORD-00582,2024-03-09,Valparaíso,Sitio Web,Periféricos,Teclado Mecánico RGB,304.0,1,0.0,304.0
ORD-00583,2024-07-15,RM Santiago,Sitio Web,Notebooks,MacBook Pro M3,749.0,4,0.1,2696.4
ORD-00584,2024-07-26,Biobío,Marketplace,Monitores,Monitor 4K 32' UltraWide,753.0,1,0.15,640.05
ORD-00585,2024-04-16,RM Santiago,App Móvil,Notebooks,Laptop Gamer i7 16GB,766.0,3,0.15,1953.3
ORD-00586,2024-10-05,Valparaíso,Marketplace,Monitores,Monitor Gaming 144Hz 27',848.0,6,0.05,4833.6
ORD-00587,2024-01-14,Biobío,Sitio Web,Periféricos,Teclado Mecánico RGB,1020.0,2,0.0,2040.0
ORD-00588,2024-01-02,Antofagasta,App Móvil,Periféricos,Audífonos Noise Cancelling,772.0,1,0.1,694.8
ORD-00589,2024-02-03,RM Santiago,Sitio Web,Periféricos,Mouse Inalámbrico Pro,671.0,7,0.15,3992.45
ORD-00590,2024-04-28,Biobío,Sitio Web,Monitores,Monitor 4K 32' UltraWide,756.0,3,0.1,2041.2
ORD-00591,2024-11-14,Biobío,App Móvil,Notebooks,MacBook Pro M3,189.0,2,0.15,321.3
ORD-00592,2024-11-07,Antofagasta,App Móvil,Periféricos,Mouse Inalámbrico Pro,336.0,7,0.15,1999.2
ORD-00593,2024-06-15,RM Santiago,Marketplace,Monitores,Monitor Gaming 144Hz 27',338.0,2,0.0,676.0
ORD-00594,2024-11-27,Valparaíso,Sitio Web,Monitores,Monitor 4K 32' UltraWide,1081.0,6,0.05,6161.7
ORD-00595,2024-11-08,Antofagasta,Sitio Web,Componentes,Memoria RAM 32GB DDR5,84.0,4,0.05,319.2
ORD-00596,2024-05-31,RM Santiago,Marketplace,Periféricos,Teclado Mecánico RGB,375.0,4,0.0,1500.0
ORD-00597,2024-04-19,Biobío,App Móvil,Componentes,Disco SSD NVMe 2TB,1153.0,4,0.15,3920.2
ORD-00598,2024-10-26,Valparaíso,App Móvil,Notebooks,MacBook Pro M3,153.0,7,0.15,910.35
ORD-00599,2024-05-20,Biobío,Sitio Web,Monitores,Monitor Gaming 144Hz 27',454.0,3,0.15,1157.7
ORD-00600,2024-05-06,Biobío,Sitio Web,Monitores,Monitor Gaming 144Hz 27',273.0,7,0.1,1719.9
ORD-00601,2024-06-03,Valparaíso,App Móvil,Componentes,Memoria RAM 32GB DDR5,566.0,4,0.0,2264.0
ORD-00602,2024-12-01,RM Santiago,App Móvil,Monitores,Monitor 4K 32' UltraWide,1133.0,3,0.0,3399.0
ORD-00603,2024-06-08,Valparaíso,App Móvil,Periféricos,Teclado Mecánico RGB,461.0,2,0.15,783.7
ORD-00604,2024-12-20,Valparaíso,Marketplace,Componentes,Memoria RAM 32GB DDR5,1113.0,5,0.05,5286.75
ORD-00605,2024-02-08,Biobío,Sitio Web,Monitores,Monitor 4K 32' UltraWide,789.0,4,0.1,2840.4
ORD-00606,2024-12-26,Antofagasta,Sitio Web,Monitores,Monitor 4K 32' UltraWide,127.0,6,0.1,685.8
ORD-00607,2024-06-12,Valparaíso,App Móvil,Periféricos,Audífonos Noise Cancelling,1072.0,6,0.15,5467.2
ORD-00608,2024-04-21,Valparaíso,Marketplace,Componentes,Tarjeta de Video RTX 4070,535.0,6,0.1,2889.0
ORD-00609,2024-10-03,Antofagasta,Sitio Web,Notebooks,Ultrabook Ryzen 7,231.0,4,0.05,877.8
ORD-00610,2024-06-13,Antofagasta,App Móvil,Periféricos,Audífonos Noise Cancelling,1127.0,4,0.05,4282.6
ORD-00611,2024-04-28,Biobío,App Móvil,Componentes,Disco SSD NVMe 2TB,87.0,4,0.1,313.2
ORD-00612,2024-11-04,Valparaíso,Marketplace,Monitores,Monitor Gaming 144Hz 27',28.0,3,0.1,75.6
ORD-00613,2024-07-24,Valparaíso,Marketplace,Componentes,Memoria RAM 32GB DDR5,389.0,7,0.15,2314.55
ORD-00614,2024-04-29,RM Santiago,App Móvil,Periféricos,Audífonos Noise Cancelling,651.0,5,0.15,2766.75
ORD-00615,2024-01-18,Biobío,Marketplace,Periféricos,Mouse Inalámbrico Pro,336.0,5,0.15,1428.0
ORD-00616,2024-01-20,Biobío,Sitio Web,Componentes,Memoria RAM 32GB DDR5,949.0,7,0.15,5646.55
ORD-00617,2024-05-10,Antofagasta,Sitio Web,Monitores,Monitor Gaming 144Hz 27',549.0,4,0.15,1866.6
ORD-00618,2024-02-04,RM Santiago,Marketplace,Notebooks,Ultrabook Ryzen 7,354.0,4,0.0,1416.0
ORD-00619,2024-12-19,Valparaíso,App Móvil,Notebooks,Ultrabook Ryzen 7,786.0,6,0.05,4480.2
ORD-00620,2024-05-25,Antofagasta,Sitio Web,Componentes,Disco SSD NVMe 2TB,1187.0,7,0.1,7478.1
ORD-00621,2024-10-17,Antofagasta,App Móvil,Periféricos,Audífonos Noise Cancelling,547.0,7,0.15,3254.65
ORD-00622,2024-10-09,Antofagasta,Marketplace,Monitores,Monitor 4K 32' UltraWide,41.0,3,0.15,104.55
ORD-00623,2024-09-14,Valparaíso,App Móvil,Monitores,Monitor Gaming 144Hz 27',1125.0,6,0.15,5737.5
ORD-00624,2024-08-17,Antofagasta,Marketplace,Periféricos,Mouse Inalámbrico Pro,226.0,5,0.15,960.5
ORD-00625,2024-06-27,Antofagasta,Marketplace,Periféricos,Audífonos Noise Cancelling,803.0,4,0.0,3212.0
ORD-00626,2024-01-09,Antofagasta,App Móvil,Componentes,Memoria RAM 32GB DDR5,316.0,1,0.0,316.0
ORD-00627,2024-07-05,Biobío,Sitio Web,Monitores,Monitor Gaming 144Hz 27',316.0,3,0.0,948.0
ORD-00628,2024-11-07,RM Santiago,Sitio Web,Notebooks,Ultrabook Ryzen 7,266.0,1,0.15,226.1
ORD-00629,2024-11-04,RM Santiago,App Móvil,Monitores,Monitor Gaming 144Hz 27',610.0,4,0.1,2196.0
ORD-00630,2024-05-11,RM Santiago,App Móvil,Notebooks,Laptop Gamer i7 16GB,813.0,3,0.15,2073.15
ORD-00631,2024-07-17,Antofagasta,Marketplace,Monitores,Monitor 4K 32' UltraWide,1012.0,7,0.0,7084.0
ORD-00632,2024-12-07,Antofagasta,App Móvil,Notebooks,Ultrabook Ryzen 7,268.0,4,0.05,1018.4
ORD-00633,2024-01-07,Antofagasta,App Móvil,Monitores,Monitor Gaming 144Hz 27',53.0,2,0.1,95.4
ORD-00634,2024-06-15,Antofagasta,Sitio Web,Monitores,Monitor Gaming 144Hz 27',319.0,7,0.0,2233.0
ORD-00635,2024-03-29,Valparaíso,Marketplace,Periféricos,Audífonos Noise Cancelling,742.0,6,0.05,4229.4
ORD-00636,2024-05-11,Biobío,Sitio Web,Periféricos,Audífonos Noise Cancelling,308.0,4,0.0,1232.0
ORD-00637,2024-06-22,Valparaíso,Marketplace,Notebooks,Laptop Gamer i7 16GB,521.0,2,0.15,885.7
ORD-00638,2024-01-25,Antofagasta,App Móvil,Componentes,Disco SSD NVMe 2TB,982.0,1,0.05,932.9
ORD-00639,2024-01-22,Biobío,Sitio Web,Componentes,Memoria RAM 32GB DDR5,1076.0,7,0.1,6778.8
ORD-00640,2024-04-17,Valparaíso,App Móvil,Monitores,Monitor Gaming 144Hz 27',469.0,1,0.15,398.65
ORD-00641,2024-08-01,RM Santiago,Marketplace,Periféricos,Audífonos Noise Cancelling,637.0,1,0.15,541.45
ORD-00642,2024-02-03,Valparaíso,Marketplace,Componentes,Disco SSD NVMe 2TB,545.0,6,0.05,3106.5
ORD-00643,2024-01-09,RM Santiago,Sitio Web,Monitores,Monitor 4K 32' UltraWide,672.0,5,0.15,2856.0
ORD-00644,2024-01-06,Valparaíso,Marketplace,Componentes,Tarjeta de Video RTX 4070,513.0,2,0.05,974.7
ORD-00645,2024-10-12,Antofagasta,App Móvil,Monitores,Monitor Gaming 144Hz 27',613.0,5,0.05,2911.75
ORD-00646,2024-08-01,Biobío,Marketplace,Monitores,Monitor 4K 32' UltraWide,34.0,4,0.05,129.2
ORD-00647,2024-03-08,Antofagasta,Sitio Web,Componentes,Memoria RAM 32GB DDR5,432.0,6,0.1,2332.8
ORD-00648,2024-04-24,Biobío,Sitio Web,Periféricos,Teclado Mecánico RGB,606.0,6,0.05,3454.2
ORD-00649,2024-10-08,Biobío,App Móvil,Periféricos,Teclado Mecánico RGB,459.0,3,0.1,1239.3
ORD-00650,2024-05-06,Biobío,Sitio Web,Notebooks,Ultrabook Ryzen 7,747.0,3,0.05,2128.95
ORD-00651,2024-03-10,Biobío,App Móvil,Notebooks,Ultrabook Ryzen 7,184.0,5,0.0,920.0
ORD-00652,2024-03-30,Antofagasta,App Móvil,Notebooks,MacBook Pro M3,528.0,5,0.0,2640.0
ORD-00653,2024-08-22,Valparaíso,App Móvil,Monitores,Monitor Gaming 144Hz 27',922.0,4,0.15,3134.8
ORD-00654,2024-05-01,Biobío,Sitio Web,Periféricos,Mouse Inalámbrico Pro,1173.0,6,0.15,5982.3
ORD-00655,2024-06-19,RM Santiago,App Móvil,Monitores,Monitor 4K 32' UltraWide,663.0,7,0.05,4408.95
ORD-00656,2024-01-04,Biobío,App Móvil,Monitores,Monitor 4K 32' UltraWide,1178.0,5,0.0,5890.0
ORD-00657,2024-06-15,Antofagasta,Marketplace,Notebooks,Laptop Gamer i7 16GB,1046.0,4,0.0,4184.0
ORD-00658,2024-12-27,Biobío,Marketplace,Notebooks,Ultrabook Ryzen 7,60.0,2,0.1,108.0
ORD-00659,2024-07-16,Biobío,Marketplace,Notebooks,Laptop Gamer i7 16GB,203.0,1,0.0,203.0
ORD-00660,2024-11-04,Valparaíso,Marketplace,Notebooks,Ultrabook Ryzen 7,682.0,7,0.0,4774.0
ORD-00661,2024-03-13,Antofagasta,App Móvil,Monitores,Monitor 4K 32' UltraWide,802.0,7,0.15,4771.9
ORD-00662,2024-03-24,Antofagasta,Marketplace,Notebooks,Laptop Gamer i7 16GB,1138.0,6,0.0,6828.0
ORD-00663,2024-09-22,RM Santiago,Marketplace,Componentes,Memoria RAM 32GB DDR5,601.0,1,0.1,540.9
ORD-00664,2024-01-29,Antofagasta,Sitio Web,Componentes,Disco SSD NVMe 2TB,941.0,3,0.05,2681.85
ORD-00665,2024-05-10,Valparaíso,App Móvil,Notebooks,MacBook Pro M3,779.0,5,0.0,3895.0
ORD-00666,2024-10-29,RM Santiago,Marketplace,Monitores,Monitor 4K 32' UltraWide,910.0,7,0.0,6370.0
ORD-00667,2024-12-15,Biobío,App Móvil,Notebooks,Ultrabook Ryzen 7,588.0,3,0.15,1499.4
ORD-00668,2024-04-24,Antofagasta,Sitio Web,Notebooks,Ultrabook Ryzen 7,213.0,4,0.05,809.4
ORD-00669,2024-05-09,Biobío,App Móvil,Componentes,Tarjeta de Video RTX 4070,312.0,3,0.15,795.6
ORD-00670,2024-04-04,Valparaíso,Marketplace,Monitores,Monitor Gaming 144Hz 27',980.0,6,0.05,5586.0
ORD-00671,2024-08-14,Antofagasta,App Móvil,Notebooks,Ultrabook Ryzen 7,1084.0,4,0.05,4119.2
ORD-00672,2024-07-30,RM Santiago,Marketplace,Periféricos,Audífonos Noise Cancelling,56.0,6,0.1,302.4
ORD-00673,2024-04-25,Antofagasta,App Móvil,Notebooks,MacBook Pro M3,858.0,6,0.1,4633.2
ORD-00674,2024-09-22,RM Santiago,App Móvil,Periféricos,Mouse Inalámbrico Pro,317.0,5,0.05,1505.75
ORD-00675,2024-04-29,Valparaíso,App Móvil,Componentes,Memoria RAM 32GB DDR5,924.0,5,0.0,4620.0
ORD-00676,2024-09-23,Antofagasta,Marketplace,Notebooks,Laptop Gamer i7 16GB,778.0,6,0.0,4668.0
ORD-00677,2024-12-13,Biobío,App Móvil,Periféricos,Audífonos Noise Cancelling,222.0,5,0.1,999.0
ORD-00678,2024-03-22,Valparaíso,Sitio Web,Notebooks,MacBook Pro M3,1004.0,2,0.05,1907.6
ORD-00679,2024-01-20,RM Santiago,Marketplace,Periféricos,Mouse Inalámbrico Pro,80.0,7,0.1,504.0
ORD-00680,2024-11-09,Antofagasta,App Móvil,Monitores,Monitor 4K 32' UltraWide,568.0,7,0.0,3976.0
ORD-00681,2024-08-30,Antofagasta,Marketplace,Monitores,Monitor Gaming 144Hz 27',939.0,3,0.0,2817.0
ORD-00682,2024-11-18,RM Santiago,Sitio Web,Periféricos,Audífonos Noise Cancelling,981.0,2,0.05,1863.9
ORD-00683,2024-10-26,Biobío,App Móvil,Notebooks,MacBook Pro M3,931.0,6,0.0,5586.0
ORD-00684,2024-07-08,Valparaíso,Marketplace,Periféricos,Mouse Inalámbrico Pro,83.0,2,0.15,141.1
ORD-00685,2024-11-20,Valparaíso,Marketplace,Componentes,Tarjeta de Video RTX 4070,967.0,3,0.15,2465.85
ORD-00686,2024-10-23,Antofagasta,Sitio Web,Componentes,Disco SSD NVMe 2TB,1061.0,1,0.05,1007.95
ORD-00687,2024-11-21,Valparaíso,App Móvil,Periféricos,Mouse Inalámbrico Pro,1032.0,3,0.15,2631.6
ORD-00688,2024-07-08,Antofagasta,Sitio Web,Componentes,Memoria RAM 32GB DDR5,1123.0,7,0.15,6681.85
ORD-00689,2024-12-26,Biobío,Sitio Web,Periféricos,Audífonos Noise Cancelling,927.0,6,0.0,5562.0
ORD-00690,2024-07-11,Antofagasta,App Móvil,Periféricos,Mouse Inalámbrico Pro,666.0,6,0.0,3996.0
ORD-00691,2024-04-24,Antofagasta,Sitio Web,Notebooks,MacBook Pro M3,364.0,2,0.15,618.8
ORD-00692,2024-03-31,RM Santiago,App Móvil,Periféricos,Mouse Inalámbrico Pro,172.0,2,0.1,309.6
ORD-00693,2024-03-04,RM Santiago,Marketplace,Periféricos,Teclado Mecánico RGB,453.0,2,0.0,906.0
ORD-00694,2024-12-10,Antofagasta,Sitio Web,Periféricos,Mouse Inalámbrico Pro,360.0,6,0.15,1836.0
ORD-00695,2024-07-29,Valparaíso,Sitio Web,Notebooks,Laptop Gamer i7 16GB,953.0,6,0.0,5718.0
ORD-00696,2024-08-18,Antofagasta,Sitio Web,Monitores,Monitor Gaming 144Hz 27',874.0,6,0.1,4719.6
ORD-00697,2024-03-28,Antofagasta,Marketplace,Periféricos,Audífonos Noise Cancelling,778.0,7,0.1,4901.4
ORD-00698,2024-12-28,Antofagasta,Sitio Web,Notebooks,Ultrabook Ryzen 7,267.0,1,0.0,267.0
ORD-00699,2024-02-16,RM Santiago,Sitio Web,Notebooks,MacBook Pro M3,171.0,6,0.15,872.1
ORD-00700,2024-05-11,Biobío,App Móvil,Monitores,Monitor Gaming 144Hz 27',656.0,1,0.1,590.4
ORD-00701,2024-07-29,RM Santiago,Sitio Web,Periféricos,Audífonos Noise Cancelling,624.0,1,0.0,624.0
ORD-00702,2024-07-30,Valparaíso,App Móvil,Periféricos,Teclado Mecánico RGB,1043.0,3,0.1,2816.1
ORD-00703,2024-07-04,Biobío,App Móvil,Componentes,Tarjeta de Video RTX 4070,359.0,2,0.0,718.0
ORD-00704,2024-11-25,Antofagasta,Marketplace,Notebooks,Ultrabook Ryzen 7,463.0,3,0.0,1389.0
ORD-00705,2024-02-21,Antofagasta,App Móvil,Notebooks,Ultrabook Ryzen 7,1093.0,7,0.05,7268.45
ORD-00706,2024-12-20,RM Santiago,App Móvil,Notebooks,Ultrabook Ryzen 7,647.0,1,0.0,647.0
ORD-00707,2024-11-24,Antofagasta,Sitio Web,Monitores,Monitor 4K 32' UltraWide,1189.0,2,0.0,2378.0
ORD-00708,2024-11-09,Antofagasta,Marketplace,Monitores,Monitor Gaming 144Hz 27',1048.0,5,0.15,4454.0
ORD-00709,2024-08-26,Biobío,Sitio Web,Notebooks,Ultrabook Ryzen 7,923.0,7,0.0,6461.0
ORD-00710,2024-09-07,Antofagasta,App Móvil,Componentes,Memoria RAM 32GB DDR5,402.0,7,0.15,2391.9
ORD-00711,2024-10-05,Biobío,Sitio Web,Periféricos,Teclado Mecánico RGB,573.0,1,0.15,487.05
ORD-00712,2024-04-09,Biobío,App Móvil,Notebooks,Ultrabook Ryzen 7,813.0,1,0.1,731.7
ORD-00713,2024-03-23,Antofagasta,Sitio Web,Notebooks,Laptop Gamer i7 16GB,368.0,6,0.1,1987.2
ORD-00714,2024-08-31,Antofagasta,Marketplace,Componentes,Memoria RAM 32GB DDR5,392.0,6,0.05,2234.4
ORD-00715,2024-12-30,Antofagasta,App Móvil,Monitores,Monitor 4K 32' UltraWide,246.0,6,0.0,1476.0
ORD-00716,2024-04-20,Valparaíso,App Móvil,Notebooks,MacBook Pro M3,183.0,6,0.15,933.3
ORD-00717,2024-05-23,Biobío,Sitio Web,Componentes,Memoria RAM 32GB DDR5,700.0,6,0.1,3780.0
ORD-00718,2024-11-27,Valparaíso,Sitio Web,Componentes,Tarjeta de Video RTX 4070,1153.0,7,0.0,8071.0
ORD-00719,2024-12-05,Biobío,App Móvil,Monitores,Monitor Gaming 144Hz 27',769.0,2,0.1,1384.2
ORD-00720,2024-11-14,RM Santiago,Marketplace,Monitores,Monitor 4K 32' UltraWide,828.0,3,0.1,2235.6
ORD-00721,2024-08-20,Valparaíso,Marketplace,Periféricos,Mouse Inalámbrico Pro,61.0,2,0.15,103.7
ORD-00722,2024-04-19,RM Santiago,Marketplace,Periféricos,Mouse Inalámbrico Pro,1015.0,3,0.1,2740.5
ORD-00723,2024-09-03,RM Santiago,Marketplace,Componentes,Tarjeta de Video RTX 4070,1174.0,5,0.1,5283.0
ORD-00724,2024-01-20,Antofagasta,Sitio Web,Periféricos,Teclado Mecánico RGB,783.0,6,0.0,4698.0
ORD-00725,2024-02-19,Biobío,Marketplace,Periféricos,Audífonos Noise Cancelling,1131.0,4,0.15,3845.4
ORD-00726,2024-01-01,Biobío,Sitio Web,Monitores,Monitor Gaming 144Hz 27',944.0,6,0.1,5097.6
ORD-00727,2024-03-22,Antofagasta,Marketplace,Periféricos,Audífonos Noise Cancelling,43.0,6,0.05,245.1
ORD-00728,2024-05-23,Antofagasta,Marketplace,Periféricos,Audífonos Noise Cancelling,336.0,5,0.0,1680.0
ORD-00729,2024-08-27,Valparaíso,App Móvil,Monitores,Monitor 4K 32' UltraWide,688.0,4,0.15,2339.2
ORD-00730,2024-08-30,Antofagasta,App Móvil,Notebooks,Laptop Gamer i7 16GB,543.0,6,0.1,2932.2
ORD-00731,2024-03-29,Biobío,Sitio Web,Componentes,Memoria RAM 32GB DDR5,187.0,7,0.0,1309.0
ORD-00732,2024-04-26,Antofagasta,Sitio Web,Componentes,Memoria RAM 32GB DDR5,328.0,5,0.0,1640.0
ORD-00733,2024-05-12,Antofagasta,Sitio Web,Notebooks,MacBook Pro M3,759.0,1,0.05,721.05
ORD-00734,2024-12-28,Biobío,Sitio Web,Notebooks,Laptop Gamer i7 16GB,1149.0,5,0.1,5170.5
ORD-00735,2024-02-04,Valparaíso,Sitio Web,Notebooks,Laptop Gamer i7 16GB,907.0,3,0.15,2312.85
ORD-00736,2024-10-12,Valparaíso,Sitio Web,Periféricos,Teclado Mecánico RGB,895.0,4,0.0,3580.0
ORD-00737,2024-04-16,Valparaíso,Marketplace,Periféricos,Mouse Inalámbrico Pro,510.0,7,0.15,3034.5
ORD-00738,2024-03-15,RM Santiago,Marketplace,Periféricos,Audífonos Noise Cancelling,1193.0,3,0.05,3400.05
ORD-00739,2024-03-06,Biobío,App Móvil,Componentes,Tarjeta de Video RTX 4070,132.0,3,0.1,356.4
ORD-00740,2024-09-01,Valparaíso,Marketplace,Componentes,Tarjeta de Video RTX 4070,998.0,5,0.05,4740.5
ORD-00741,2024-06-03,RM Santiago,App Móvil,Monitores,Monitor 4K 32' UltraWide,30.0,4,0.1,108.0
ORD-00742,2024-05-05,Biobío,App Móvil,Monitores,Monitor 4K 32' UltraWide,637.0,7,0.0,4459.0
ORD-00743,2024-11-01,Antofagasta,App Móvil,Componentes,Tarjeta de Video RTX 4070,1024.0,5,0.15,4352.0
ORD-00744,2024-11-13,Valparaíso,Sitio Web,Notebooks,Laptop Gamer i7 16GB,500.0,5,0.1,2250.0
ORD-00745,2024-07-26,RM Santiago,Sitio Web,Componentes,Memoria RAM 32GB DDR5,669.0,4,0.1,2408.4
ORD-00746,2024-05-07,Antofagasta,App Móvil,Notebooks,Ultrabook Ryzen 7,299.0,7,0.1,1883.7
ORD-00747,2024-02-14,RM Santiago,Sitio Web,Monitores,Monitor 4K 32' UltraWide,1126.0,7,0.0,7882.0
ORD-00748,2024-10-27,Valparaíso,App Móvil,Notebooks,Laptop Gamer i7 16GB,971.0,1,0.1,873.9
ORD-00749,2024-08-20,Biobío,Marketplace,Periféricos,Teclado Mecánico RGB,869.0,7,0.15,5170.55
ORD-00750,2024-08-01,RM Santiago,Sitio Web,Componentes,Disco SSD NVMe 2TB,726.0,4,0.1,2613.6
ORD-00751,2024-08-12,Antofagasta,App Móvil,Notebooks,Laptop Gamer i7 16GB,645.0,4,0.05,2451.0
ORD-00752,2024-08-21,RM Santiago,App Móvil,Monitores,Monitor 4K 32' UltraWide,1117.0,3,0.05,3183.45
ORD-00753,2024-06-17,Valparaíso,Sitio Web,Monitores,Monitor 4K 32' UltraWide,167.0,5,0.1,751.5
ORD-00754,2024-12-24,Antofagasta,Marketplace,Periféricos,Audífonos Noise Cancelling,304.0,5,0.05,1444.0
ORD-00755,2024-03-16,Biobío,Sitio Web,Componentes,Memoria RAM 32GB DDR5,971.0,6,0.15,4952.1
ORD-00756,2024-07-18,Biobío,Sitio Web,Notebooks,MacBook Pro M3,303.0,2,0.0,606.0
ORD-00757,2024-01-06,Antofagasta,Sitio Web,Componentes,Memoria RAM 32GB DDR5,352.0,6,0.15,1795.2
ORD-00758,2024-05-12,Antofagasta,Marketplace,Monitores,Monitor 4K 32' UltraWide,357.0,1,0.05,339.15
ORD-00759,2024-06-23,RM Santiago,Sitio Web,Componentes,Memoria RAM 32GB DDR5,928.0,2,0.1,1670.4
ORD-00760,2024-12-02,Antofagasta,Marketplace,Notebooks,Ultrabook Ryzen 7,295.0,1,0.0,295.0
ORD-00761,2024-06-23,Biobío,Marketplace,Periféricos,Audífonos Noise Cancelling,933.0,3,0.1,2519.1
ORD-00762,2024-06-09,Antofagasta,Sitio Web,Periféricos,Audífonos Noise Cancelling,593.0,6,0.0,3558.0
ORD-00763,2024-12-28,Antofagasta,App Móvil,Componentes,Memoria RAM 32GB DDR5,486.0,4,0.05,1846.8
ORD-00764,2024-09-23,Biobío,Sitio Web,Notebooks,Laptop Gamer i7 16GB,522.0,7,0.15,3105.9
ORD-00765,2024-08-26,Antofagasta,Sitio Web,Monitores,Monitor Gaming 144Hz 27',778.0,6,0.0,4668.0
ORD-00766,2024-02-04,Valparaíso,Marketplace,Periféricos,Teclado Mecánico RGB,127.0,3,0.0,381.0
ORD-00767,2024-04-03,Antofagasta,Marketplace,Componentes,Tarjeta de Video RTX 4070,624.0,6,0.05,3556.8
ORD-00768,2024-12-31,Antofagasta,Marketplace,Periféricos,Mouse Inalámbrico Pro,264.0,4,0.15,897.6
ORD-00769,2024-01-04,RM Santiago,Sitio Web,Monitores,Monitor 4K 32' UltraWide,1186.0,1,0.0,1186.0
ORD-00770,2024-02-21,Valparaíso,App Móvil,Notebooks,Laptop Gamer i7 16GB,1019.0,2,0.15,1732.3
ORD-00771,2024-06-24,RM Santiago,Marketplace,Periféricos,Audífonos Noise Cancelling,99.0,6,0.15,504.9
ORD-00772,2024-06-05,Valparaíso,Marketplace,Monitores,Monitor Gaming 144Hz 27',1078.0,1,0.1,970.2
ORD-00773,2024-07-14,Antofagasta,Sitio Web,Notebooks,Ultrabook Ryzen 7,606.0,1,0.1,545.4
ORD-00774,2024-05-31,RM Santiago,Marketplace,Notebooks,Laptop Gamer i7 16GB,1010.0,7,0.0,7070.0
ORD-00775,2024-11-18,Valparaíso,Sitio Web,Periféricos,Mouse Inalámbrico Pro,94.0,6,0.05,535.8
ORD-00776,2024-12-04,Valparaíso,Sitio Web,Componentes,Disco SSD NVMe 2TB,1113.0,2,0.15,1892.1
ORD-00777,2024-02-13,Antofagasta,Marketplace,Periféricos,Teclado Mecánico RGB,900.0,4,0.15,3060.0
ORD-00778,2024-02-07,Antofagasta,Sitio Web,Componentes,Disco SSD NVMe 2TB,292.0,4,0.1,1051.2
ORD-00779,2024-03-27,RM Santiago,App Móvil,Notebooks,Ultrabook Ryzen 7,173.0,2,0.1,311.4
ORD-00780,2024-06-21,Valparaíso,Marketplace,Componentes,Tarjeta de Video RTX 4070,819.0,5,0.15,3480.75
ORD-00781,2024-02-21,Biobío,Sitio Web,Periféricos,Teclado Mecánico RGB,258.0,3,0.0,774.0
ORD-00782,2024-03-20,RM Santiago,Marketplace,Monitores,Monitor 4K 32' UltraWide,877.0,4,0.1,3157.2
ORD-00783,2024-07-26,Antofagasta,App Móvil,Componentes,Tarjeta de Video RTX 4070,195.0,3,0.15,497.25
ORD-00784,2024-02-20,RM Santiago,App Móvil,Monitores,Monitor Gaming 144Hz 27',653.0,6,0.15,3330.3
ORD-00785,2024-05-09,RM Santiago,App Móvil,Componentes,Tarjeta de Video RTX 4070,1100.0,7,0.0,7700.0
ORD-00786,2024-11-10,Biobío,Sitio Web,Periféricos,Mouse Inalámbrico Pro,230.0,2,0.05,437.0
ORD-00787,2024-09-10,RM Santiago,Sitio Web,Monitores,Monitor 4K 32' UltraWide,941.0,1,0.0,941.0
ORD-00788,2024-02-26,Biobío,App Móvil,Monitores,Monitor Gaming 144Hz 27',120.0,2,0.0,240.0
ORD-00789,2024-10-25,Biobío,Marketplace,Componentes,Memoria RAM 32GB DDR5,388.0,2,0.15,659.6
ORD-00790,2024-08-04,Valparaíso,Marketplace,Notebooks,Ultrabook Ryzen 7,350.0,5,0.1,1575.0
ORD-00791,2024-05-05,Valparaíso,App Móvil,Notebooks,MacBook Pro M3,992.0,6,0.05,5654.4
ORD-00792,2024-11-28,Valparaíso,Marketplace,Componentes,Disco SSD NVMe 2TB,871.0,3,0.05,2482.35
ORD-00793,2024-06-16,Valparaíso,Sitio Web,Notebooks,MacBook Pro M3,808.0,6,0.1,4363.2
ORD-00794,2024-04-02,Antofagasta,Sitio Web,Periféricos,Audífonos Noise Cancelling,732.0,1,0.15,622.2
ORD-00795,2024-08-16,Antofagasta,Marketplace,Monitores,Monitor 4K 32' UltraWide,380.0,5,0.1,1710.0
ORD-00796,2024-04-30,Biobío,App Móvil,Componentes,Disco SSD NVMe 2TB,1173.0,7,0.1,7389.9
ORD-00797,2024-12-13,Biobío,Sitio Web,Monitores,Monitor 4K 32' UltraWide,615.0,4,0.15,2091.0
ORD-00798,2024-01-20,Biobío,Sitio Web,Monitores,Monitor 4K 32' UltraWide,1073.0,5,0.15,4560.25
ORD-00799,2024-08-31,Antofagasta,Sitio Web,Notebooks,Laptop Gamer i7 16GB,917.0,3,0.15,2338.35
ORD-00800,2024-12-24,Biobío,Sitio Web,Periféricos,Audífonos Noise Cancelling,1110.0,5,0.0,5550.0
ORD-00801,2024-12-17,Antofagasta,App Móvil,Notebooks,MacBook Pro M3,1150.0,4,0.05,4370.0
ORD-00802,2024-12-25,RM Santiago,Sitio Web,Periféricos,Audífonos Noise Cancelling,46.0,4,0.05,174.8
ORD-00803,2024-10-08,Valparaíso,Marketplace,Notebooks,Ultrabook Ryzen 7,758.0,2,0.0,1516.0
ORD-00804,2024-04-26,RM Santiago,Marketplace,Componentes,Memoria RAM 32GB DDR5,469.0,1,0.1,422.1
ORD-00805,2024-03-14,RM Santiago,App Móvil,Monitores,Monitor Gaming 144Hz 27',133.0,4,0.15,452.2
ORD-00806,2024-07-06,Biobío,App Móvil,Componentes,Disco SSD NVMe 2TB,285.0,2,0.0,570.0
ORD-00807,2024-01-05,Biobío,App Móvil,Notebooks,Laptop Gamer i7 16GB,915.0,2,0.0,1830.0
ORD-00808,2024-05-03,Antofagasta,App Móvil,Monitores,Monitor 4K 32' UltraWide,924.0,6,0.15,4712.4
ORD-00809,2024-02-09,Antofagasta,App Móvil,Notebooks,Laptop Gamer i7 16GB,1196.0,6,0.05,6817.2
ORD-00810,2024-01-13,Valparaíso,App Móvil,Notebooks,Ultrabook Ryzen 7,988.0,4,0.15,3359.2
ORD-00811,2024-06-23,Antofagasta,Sitio Web,Componentes,Memoria RAM 32GB DDR5,712.0,1,0.15,605.2
ORD-00812,2024-08-28,RM Santiago,Sitio Web,Monitores,Monitor Gaming 144Hz 27',674.0,7,0.1,4246.2
ORD-00813,2024-01-26,Valparaíso,Marketplace,Componentes,Memoria RAM 32GB DDR5,378.0,2,0.1,680.4
ORD-00814,2024-02-26,Valparaíso,Marketplace,Notebooks,Ultrabook Ryzen 7,955.0,6,0.0,5730.0
ORD-00815,2024-09-06,Biobío,App Móvil,Componentes,Memoria RAM 32GB DDR5,527.0,7,0.05,3504.55
ORD-00816,2024-06-16,RM Santiago,Marketplace,Monitores,Monitor Gaming 144Hz 27',630.0,3,0.15,1606.5
ORD-00817,2024-11-25,RM Santiago,Sitio Web,Monitores,Monitor 4K 32' UltraWide,320.0,6,0.05,1824.0
ORD-00818,2024-12-23,Valparaíso,Sitio Web,Notebooks,Ultrabook Ryzen 7,636.0,2,0.05,1208.4
ORD-00819,2024-05-10,RM Santiago,App Móvil,Periféricos,Mouse Inalámbrico Pro,1081.0,7,0.05,7188.65
ORD-00820,2024-11-21,Antofagasta,App Móvil,Periféricos,Audífonos Noise Cancelling,1106.0,5,0.15,4700.5
ORD-00821,2024-04-21,Antofagasta,Marketplace,Notebooks,MacBook Pro M3,1077.0,7,0.05,7162.05
ORD-00822,2024-02-18,RM Santiago,Marketplace,Componentes,Tarjeta de Video RTX 4070,163.0,3,0.05,464.55
ORD-00823,2024-04-17,Valparaíso,Marketplace,Periféricos,Mouse Inalámbrico Pro,729.0,1,0.05,692.55
ORD-00824,2024-07-31,Valparaíso,Marketplace,Periféricos,Mouse Inalámbrico Pro,59.0,5,0.15,250.75
ORD-00825,2024-10-29,Biobío,Sitio Web,Notebooks,Laptop Gamer i7 16GB,700.0,3,0.05,1995.0
ORD-00826,2024-02-22,Biobío,Marketplace,Periféricos,Mouse Inalámbrico Pro,220.0,2,0.0,440.0
ORD-00827,2024-04-15,Valparaíso,App Móvil,Periféricos,Teclado Mecánico RGB,498.0,6,0.0,2988.0
ORD-00828,2024-02-08,Valparaíso,Sitio Web,Notebooks,Ultrabook Ryzen 7,48.0,1,0.15,40.8
ORD-00829,2024-06-08,Biobío,App Móvil,Notebooks,Ultrabook Ryzen 7,225.0,5,0.1,1012.5
ORD-00830,2024-08-03,RM Santiago,App Móvil,Componentes,Memoria RAM 32GB DDR5,1059.0,6,0.05,6036.3
ORD-00831,2024-09-01,RM Santiago,Sitio Web,Notebooks,MacBook Pro M3,220.0,6,0.15,1122.0
ORD-00832,2024-08-04,Antofagasta,App Móvil,Periféricos,Audífonos Noise Cancelling,25.0,4,0.1,90.0
ORD-00833,2024-12-18,Biobío,Marketplace,Periféricos,Mouse Inalámbrico Pro,742.0,1,0.0,742.0
ORD-00834,2024-05-08,Biobío,Marketplace,Notebooks,Ultrabook Ryzen 7,398.0,6,0.0,2388.0
ORD-00835,2024-01-16,Valparaíso,Marketplace,Monitores,Monitor 4K 32' UltraWide,949.0,7,0.15,5646.55
ORD-00836,2024-02-23,Valparaíso,Marketplace,Notebooks,Laptop Gamer i7 16GB,808.0,1,0.0,808.0
ORD-00837,2024-09-09,Antofagasta,Marketplace,Componentes,Tarjeta de Video RTX 4070,1187.0,6,0.0,7122.0
ORD-00838,2024-09-13,Valparaíso,App Móvil,Componentes,Disco SSD NVMe 2TB,951.0,6,0.1,5135.4
ORD-00839,2024-03-31,Valparaíso,Marketplace,Monitores,Monitor 4K 32' UltraWide,82.0,2,0.15,139.4
ORD-00840,2024-11-19,Valparaíso,App Móvil,Notebooks,MacBook Pro M3,375.0,7,0.1,2362.5
ORD-00841,2024-10-30,Antofagasta,Sitio Web,Notebooks,MacBook Pro M3,896.0,3,0.05,2553.6
ORD-00842,2024-08-02,Valparaíso,Sitio Web,Periféricos,Teclado Mecánico RGB,169.0,6,0.15,861.9
ORD-00843,2024-05-03,RM Santiago,Marketplace,Componentes,Memoria RAM 32GB DDR5,812.0,7,0.15,4831.4
ORD-00844,2024-03-15,Biobío,App Móvil,Monitores,Monitor 4K 32' UltraWide,236.0,1,0.05,224.2
ORD-00845,2024-12-09,RM Santiago,App Móvil,Monitores,Monitor Gaming 144Hz 27',773.0,7,0.15,4599.35
ORD-00846,2024-08-30,Biobío,Sitio Web,Notebooks,Ultrabook Ryzen 7,389.0,4,0.15,1322.6
ORD-00847,2024-10-30,RM Santiago,App Móvil,Notebooks,Laptop Gamer i7 16GB,834.0,3,0.05,2376.9
ORD-00848,2024-03-22,Antofagasta,Marketplace,Periféricos,Audífonos Noise Cancelling,730.0,4,0.1,2628.0
ORD-00849,2024-10-09,Antofagasta,Sitio Web,Componentes,Disco SSD NVMe 2TB,112.0,3,0.15,285.6
ORD-00850,2024-08-01,Antofagasta,App Móvil,Monitores,Monitor Gaming 144Hz 27',1040.0,4,0.1,3744.0
ORD-00851,2024-08-09,Biobío,Sitio Web,Componentes,Tarjeta de Video RTX 4070,67.0,5,0.0,335.0
ORD-00852,2024-02-10,RM Santiago,Marketplace,Periféricos,Mouse Inalámbrico Pro,190.0,5,0.0,950.0
ORD-00853,2024-03-06,Antofagasta,Sitio Web,Notebooks,MacBook Pro M3,503.0,1,0.0,503.0
ORD-00854,2024-03-20,Biobío,Sitio Web,Componentes,Tarjeta de Video RTX 4070,1009.0,2,0.15,1715.3
ORD-00855,2024-06-22,Biobío,Sitio Web,Notebooks,Laptop Gamer i7 16GB,670.0,3,0.15,1708.5
ORD-00856,2024-02-06,Biobío,Marketplace,Monitores,Monitor Gaming 144Hz 27',655.0,2,0.05,1244.5
ORD-00857,2024-08-23,Antofagasta,App Móvil,Periféricos,Audífonos Noise Cancelling,602.0,2,0.0,1204.0
ORD-00858,2024-07-30,RM Santiago,Sitio Web,Monitores,Monitor Gaming 144Hz 27',456.0,3,0.1,1231.2
ORD-00859,2024-01-07,Valparaíso,App Móvil,Monitores,Monitor 4K 32' UltraWide,325.0,6,0.05,1852.5
ORD-00860,2024-09-04,Biobío,Sitio Web,Monitores,Monitor 4K 32' UltraWide,759.0,6,0.15,3870.9
ORD-00861,2024-05-18,Antofagasta,Sitio Web,Periféricos,Audífonos Noise Cancelling,1098.0,5,0.1,4941.0
ORD-00862,2024-09-06,Valparaíso,Sitio Web,Componentes,Tarjeta de Video RTX 4070,209.0,3,0.05,595.65
ORD-00863,2024-04-03,RM Santiago,Marketplace,Componentes,Tarjeta de Video RTX 4070,811.0,4,0.05,3081.8
ORD-00864,2024-05-19,RM Santiago,App Móvil,Notebooks,MacBook Pro M3,590.0,6,0.05,3363.0
ORD-00865,2024-12-11,Valparaíso,Marketplace,Monitores,Monitor 4K 32' UltraWide,492.0,2,0.1,885.6
ORD-00866,2024-01-08,Biobío,Sitio Web,Periféricos,Mouse Inalámbrico Pro,1151.0,6,0.1,6215.4
ORD-00867,2024-01-22,Biobío,App Móvil,Periféricos,Audífonos Noise Cancelling,298.0,7,0.15,1773.1
ORD-00868,2024-06-09,Antofagasta,App Móvil,Monitores,Monitor 4K 32' UltraWide,411.0,5,0.1,1849.5
ORD-00869,2024-07-30,Antofagasta,Marketplace,Periféricos,Teclado Mecánico RGB,415.0,4,0.1,1494.0
ORD-00870,2024-04-12,Biobío,Sitio Web,Componentes,Memoria RAM 32GB DDR5,1053.0,1,0.15,895.05
ORD-00871,2024-09-16,Biobío,App Móvil,Monitores,Monitor Gaming 144Hz 27',1132.0,4,0.1,4075.2
ORD-00872,2024-11-23,RM Santiago,App Móvil,Componentes,Memoria RAM 32GB DDR5,200.0,4,0.1,720.0
ORD-00873,2024-02-17,Valparaíso,App Móvil,Periféricos,Teclado Mecánico RGB,104.0,5,0.15,442.0
ORD-00874,2024-07-26,Biobío,App Móvil,Componentes,Tarjeta de Video RTX 4070,694.0,2,0.15,1179.8
ORD-00875,2024-01-06,RM Santiago,App Móvil,Componentes,Memoria RAM 32GB DDR5,96.0,5,0.0,480.0
ORD-00876,2024-07-31,Biobío,App Móvil,Componentes,Tarjeta de Video RTX 4070,388.0,4,0.15,1319.2
ORD-00877,2024-04-08,RM Santiago,App Móvil,Periféricos,Audífonos Noise Cancelling,1165.0,1,0.05,1106.75
ORD-00878,2024-07-18,Valparaíso,Sitio Web,Componentes,Tarjeta de Video RTX 4070,1068.0,1,0.0,1068.0
ORD-00879,2024-02-18,Valparaíso,App Móvil,Monitores,Monitor 4K 32' UltraWide,935.0,6,0.1,5049.0
ORD-00880,2024-08-13,Antofagasta,Sitio Web,Notebooks,MacBook Pro M3,1109.0,7,0.0,7763.0
ORD-00881,2024-02-06,Valparaíso,Sitio Web,Notebooks,Ultrabook Ryzen 7,26.0,6,0.05,148.2
ORD-00882,2024-08-05,RM Santiago,Sitio Web,Componentes,Disco SSD NVMe 2TB,623.0,5,0.05,2959.25
ORD-00883,2024-04-27,Antofagasta,Sitio Web,Componentes,Disco SSD NVMe 2TB,1044.0,6,0.1,5637.6
ORD-00884,2024-01-31,RM Santiago,Sitio Web,Notebooks,MacBook Pro M3,1136.0,1,0.15,965.6
ORD-00885,2024-04-15,Biobío,Sitio Web,Monitores,Monitor Gaming 144Hz 27',221.0,7,0.0,1547.0
ORD-00886,2024-02-05,Valparaíso,Marketplace,Periféricos,Mouse Inalámbrico Pro,496.0,3,0.05,1413.6
ORD-00887,2024-10-27,Biobío,Marketplace,Monitores,Monitor Gaming 144Hz 27',848.0,4,0.1,3052.8
ORD-00888,2024-09-22,Antofagasta,App Móvil,Monitores,Monitor Gaming 144Hz 27',799.0,5,0.15,3395.75
ORD-00889,2024-12-12,RM Santiago,Marketplace,Monitores,Monitor 4K 32' UltraWide,442.0,1,0.0,442.0
ORD-00890,2024-08-29,Valparaíso,Marketplace,Componentes,Tarjeta de Video RTX 4070,532.0,5,0.1,2394.0
ORD-00891,2024-03-03,RM Santiago,App Móvil,Monitores,Monitor Gaming 144Hz 27',360.0,5,0.1,1620.0
ORD-00892,2024-01-18,Biobío,Marketplace,Componentes,Disco SSD NVMe 2TB,1177.0,4,0.15,4001.8
ORD-00893,2024-07-21,RM Santiago,Marketplace,Componentes,Tarjeta de Video RTX 4070,891.0,6,0.15,4544.1
ORD-00894,2024-10-12,Biobío,Marketplace,Notebooks,Ultrabook Ryzen 7,511.0,2,0.15,868.7
ORD-00895,2024-02-22,RM Santiago,Marketplace,Componentes,Disco SSD NVMe 2TB,897.0,2,0.15,1524.9
ORD-00896,2024-11-30,Biobío,Marketplace,Periféricos,Audífonos Noise Cancelling,1051.0,1,0.1,945.9
ORD-00897,2024-07-12,Valparaíso,App Móvil,Notebooks,MacBook Pro M3,700.0,4,0.0,2800.0
ORD-00898,2024-03-20,Valparaíso,App Móvil,Monitores,Monitor 4K 32' UltraWide,988.0,2,0.15,1679.6
ORD-00899,2024-11-15,Valparaíso,App Móvil,Monitores,Monitor Gaming 144Hz 27',818.0,7,0.0,5726.0
ORD-00900,2024-02-27,Biobío,Sitio Web,Monitores,Monitor 4K 32' UltraWide,1016.0,6,0.1,5486.4
ORD-00901,2024-09-04,Valparaíso,Sitio Web,Monitores,Monitor Gaming 144Hz 27',726.0,7,0.0,5082.0
ORD-00902,2024-07-21,RM Santiago,App Móvil,Notebooks,MacBook Pro M3,570.0,4,0.15,1938.0
ORD-00903,2024-04-21,RM Santiago,Sitio Web,Componentes,Tarjeta de Video RTX 4070,798.0,5,0.15,3391.5
ORD-00904,2024-01-10,RM Santiago,App Móvil,Notebooks,MacBook Pro M3,75.0,2,0.1,135.0
ORD-00905,2024-06-28,Biobío,Sitio Web,Componentes,Memoria RAM 32GB DDR5,469.0,7,0.15,2790.55
ORD-00906,2024-02-11,RM Santiago,Sitio Web,Componentes,Memoria RAM 32GB DDR5,1096.0,4,0.15,3726.4
ORD-00907,2024-03-30,RM Santiago,App Móvil,Notebooks,Laptop Gamer i7 16GB,267.0,7,0.15,1588.65
ORD-00908,2024-06-01,Biobío,App Móvil,Monitores,Monitor Gaming 144Hz 27',330.0,7,0.1,2079.0
ORD-00909,2024-07-03,Antofagasta,Marketplace,Notebooks,Ultrabook Ryzen 7,954.0,2,0.1,1717.2
ORD-00910,2024-10-04,RM Santiago,App Móvil,Periféricos,Mouse Inalámbrico Pro,685.0,1,0.05,650.75
ORD-00911,2024-10-17,Biobío,Sitio Web,Periféricos,Mouse Inalámbrico Pro,1097.0,2,0.15,1864.9
ORD-00912,2024-03-27,Biobío,Sitio Web,Monitores,Monitor 4K 32' UltraWide,471.0,6,0.05,2684.7
ORD-00913,2024-02-09,Valparaíso,Sitio Web,Monitores,Monitor 4K 32' UltraWide,703.0,3,0.15,1792.65
ORD-00914,2024-10-20,Biobío,Sitio Web,Notebooks,Ultrabook Ryzen 7,254.0,2,0.15,431.8
ORD-00915,2024-02-16,Antofagasta,Marketplace,Componentes,Tarjeta de Video RTX 4070,527.0,5,0.1,2371.5
ORD-00916,2024-07-19,Valparaíso,Sitio Web,Periféricos,Audífonos Noise Cancelling,119.0,3,0.05,339.15
ORD-00917,2024-05-16,RM Santiago,Marketplace,Monitores,Monitor Gaming 144Hz 27',263.0,6,0.05,1499.1
ORD-00918,2024-05-23,Biobío,Sitio Web,Componentes,Memoria RAM 32GB DDR5,995.0,5,0.05,4726.25
ORD-00919,2024-12-05,Biobío,App Móvil,Monitores,Monitor 4K 32' UltraWide,992.0,6,0.15,5059.2
ORD-00920,2024-08-21,RM Santiago,App Móvil,Componentes,Disco SSD NVMe 2TB,577.0,4,0.05,2192.6
ORD-00921,2024-01-30,RM Santiago,Sitio Web,Notebooks,Laptop Gamer i7 16GB,1074.0,5,0.15,4564.5
ORD-00922,2024-10-21,Valparaíso,Marketplace,Notebooks,Laptop Gamer i7 16GB,928.0,2,0.0,1856.0
ORD-00923,2024-07-18,Antofagasta,App Móvil,Notebooks,Laptop Gamer i7 16GB,208.0,6,0.1,1123.2
ORD-00924,2024-05-31,Biobío,Marketplace,Notebooks,MacBook Pro M3,68.0,6,0.0,408.0
ORD-00925,2024-07-04,RM Santiago,Sitio Web,Monitores,Monitor Gaming 144Hz 27',1052.0,5,0.15,4471.0
ORD-00926,2024-11-01,Antofagasta,Sitio Web,Monitores,Monitor 4K 32' UltraWide,1046.0,2,0.1,1882.8
ORD-00927,2024-07-17,RM Santiago,Marketplace,Notebooks,Laptop Gamer i7 16GB,470.0,5,0.05,2232.5
ORD-00928,2024-02-22,Valparaíso,Marketplace,Periféricos,Teclado Mecánico RGB,883.0,4,0.0,3532.0
ORD-00929,2024-10-25,Biobío,Sitio Web,Periféricos,Mouse Inalámbrico Pro,619.0,7,0.1,3899.7
ORD-00930,2024-12-01,Antofagasta,Marketplace,Monitores,Monitor 4K 32' UltraWide,88.0,7,0.05,585.2
ORD-00931,2024-01-08,Biobío,Sitio Web,Notebooks,Ultrabook Ryzen 7,388.0,4,0.0,1552.0
ORD-00932,2024-06-12,RM Santiago,Marketplace,Componentes,Disco SSD NVMe 2TB,940.0,5,0.05,4465.0
ORD-00933,2024-07-08,Antofagasta,Marketplace,Componentes,Disco SSD NVMe 2TB,641.0,2,0.1,1153.8
ORD-00934,2024-07-20,RM Santiago,Sitio Web,Monitores,Monitor Gaming 144Hz 27',373.0,6,0.05,2126.1
ORD-00935,2024-06-17,RM Santiago,Marketplace,Periféricos,Mouse Inalámbrico Pro,1006.0,3,0.05,2867.1
ORD-00936,2024-04-10,RM Santiago,App Móvil,Periféricos,Mouse Inalámbrico Pro,938.0,7,0.15,5581.1
ORD-00937,2024-02-26,RM Santiago,App Móvil,Componentes,Tarjeta de Video RTX 4070,398.0,6,0.1,2149.2
ORD-00938,2024-05-08,Valparaíso,App Móvil,Notebooks,MacBook Pro M3,63.0,4,0.05,239.4
ORD-00939,2024-02-23,Valparaíso,App Móvil,Periféricos,Audífonos Noise Cancelling,915.0,7,0.05,6084.75
ORD-00940,2024-10-17,Biobío,App Móvil,Componentes,Disco SSD NVMe 2TB,116.0,7,0.05,771.4
ORD-00941,2024-02-17,Antofagasta,Sitio Web,Notebooks,Laptop Gamer i7 16GB,1185.0,3,0.1,3199.5
ORD-00942,2024-10-24,Biobío,Sitio Web,Monitores,Monitor 4K 32' UltraWide,482.0,4,0.1,1735.2
ORD-00943,2024-03-15,Antofagasta,Sitio Web,Componentes,Tarjeta de Video RTX 4070,680.0,1,0.1,612.0
ORD-00944,2024-01-11,RM Santiago,App Móvil,Periféricos,Audífonos Noise Cancelling,844.0,3,0.15,2152.2
ORD-00945,2024-07-17,Antofagasta,Marketplace,Notebooks,Ultrabook Ryzen 7,1046.0,5,0.1,4707.0
ORD-00946,2024-12-03,Antofagasta,Marketplace,Notebooks,MacBook Pro M3,116.0,5,0.1,522.0
ORD-00947,2024-04-06,Valparaíso,App Móvil,Periféricos,Audífonos Noise Cancelling,739.0,5,0.1,3325.5
ORD-00948,2024-06-12,Antofagasta,Marketplace,Componentes,Memoria RAM 32GB DDR5,630.0,5,0.1,2835.0
ORD-00949,2024-06-17,Biobío,App Móvil,Periféricos,Teclado Mecánico RGB,959.0,5,0.0,4795.0
ORD-00950,2024-02-04,RM Santiago,App Móvil,Notebooks,Ultrabook Ryzen 7,793.0,7,0.15,4718.35
ORD-00951,2024-01-24,RM Santiago,Sitio Web,Componentes,Memoria RAM 32GB DDR5,208.0,1,0.05,197.6
ORD-00952,2024-04-26,Valparaíso,Marketplace,Componentes,Disco SSD NVMe 2TB,253.0,3,0.1,683.1
ORD-00953,2024-03-05,Antofagasta,Marketplace,Periféricos,Mouse Inalámbrico Pro,522.0,4,0.15,1774.8
ORD-00954,2024-09-07,Antofagasta,App Móvil,Componentes,Disco SSD NVMe 2TB,93.0,7,0.05,618.45
ORD-00955,2024-07-21,Biobío,Marketplace,Componentes,Memoria RAM 32GB DDR5,418.0,7,0.0,2926.0
ORD-00956,2024-10-27,RM Santiago,App Móvil,Notebooks,MacBook Pro M3,1077.0,6,0.05,6138.9
ORD-00957,2024-04-30,Antofagasta,Sitio Web,Componentes,Disco SSD NVMe 2TB,389.0,1,0.1,350.1
ORD-00958,2024-04-06,Valparaíso,Sitio Web,Componentes,Disco SSD NVMe 2TB,831.0,2,0.05,1578.9
ORD-00959,2024-01-15,Biobío,App Móvil,Componentes,Disco SSD NVMe 2TB,441.0,1,0.1,396.9
ORD-00960,2024-07-27,RM Santiago,Marketplace,Componentes,Disco SSD NVMe 2TB,37.0,7,0.05,246.05
ORD-00961,2024-07-09,RM Santiago,App Móvil,Componentes,Tarjeta de Video RTX 4070,282.0,3,0.05,803.7
ORD-00962,2024-08-25,Antofagasta,App Móvil,Monitores,Monitor 4K 32' UltraWide,135.0,4,0.05,513.0
ORD-00963,2024-04-21,Biobío,App Móvil,Componentes,Memoria RAM 32GB DDR5,535.0,6,0.15,2728.5
ORD-00964,2024-03-03,Antofagasta,App Móvil,Periféricos,Mouse Inalámbrico Pro,911.0,4,0.15,3097.4
ORD-00965,2024-03-01,Antofagasta,Marketplace,Notebooks,Laptop Gamer i7 16GB,1148.0,3,0.1,3099.6
ORD-00966,2024-08-05,RM Santiago,App Móvil,Monitores,Monitor Gaming 144Hz 27',162.0,5,0.1,729.0
ORD-00967,2024-03-16,Biobío,App Móvil,Periféricos,Audífonos Noise Cancelling,931.0,5,0.05,4422.25
ORD-00968,2024-05-28,Biobío,Sitio Web,Monitores,Monitor 4K 32' UltraWide,1167.0,3,0.05,3325.95
ORD-00969,2024-06-29,Antofagasta,App Móvil,Periféricos,Audífonos Noise Cancelling,147.0,1,0.15,124.95
ORD-00970,2024-12-17,Valparaíso,App Móvil,Periféricos,Teclado Mecánico RGB,983.0,3,0.05,2801.55
ORD-00971,2024-01-05,Biobío,App Móvil,Componentes,Memoria RAM 32GB DDR5,749.0,5,0.0,3745.0
ORD-00972,2024-01-26,RM Santiago,Sitio Web,Notebooks,Laptop Gamer i7 16GB,1190.0,6,0.1,6426.0
ORD-00973,2024-07-21,Antofagasta,Marketplace,Notebooks,Laptop Gamer i7 16GB,936.0,2,0.1,1684.8
ORD-00974,2024-08-11,Valparaíso,App Móvil,Componentes,Tarjeta de Video RTX 4070,553.0,7,0.15,3290.35
ORD-00975,2024-06-29,Biobío,Marketplace,Periféricos,Audífonos Noise Cancelling,92.0,7,0.1,579.6
ORD-00976,2024-11-17,Valparaíso,Marketplace,Monitores,Monitor 4K 32' UltraWide,1121.0,3,0.1,3026.7
ORD-00977,2024-10-04,Biobío,App Móvil,Componentes,Tarjeta de Video RTX 4070,963.0,3,0.05,2744.55
ORD-00978,2024-12-05,Biobío,Sitio Web,Periféricos,Teclado Mecánico RGB,857.0,5,0.05,4070.75
ORD-00979,2024-07-18,RM Santiago,Sitio Web,Monitores,Monitor 4K 32' UltraWide,617.0,3,0.05,1758.45
ORD-00980,2024-01-21,Valparaíso,Sitio Web,Componentes,Disco SSD NVMe 2TB,1066.0,3,0.0,3198.0
ORD-00981,2024-10-10,Antofagasta,Sitio Web,Notebooks,MacBook Pro M3,556.0,4,0.05,2112.8
ORD-00982,2024-04-20,RM Santiago,Sitio Web,Notebooks,Ultrabook Ryzen 7,245.0,7,0.0,1715.0
ORD-00983,2024-10-15,RM Santiago,Marketplace,Periféricos,Audífonos Noise Cancelling,219.0,1,0.0,219.0
ORD-00984,2024-04-09,RM Santiago,Sitio Web,Monitores,Monitor Gaming 144Hz 27',318.0,4,0.0,1272.0
ORD-00985,2024-11-18,Antofagasta,Sitio Web,Periféricos,Audífonos Noise Cancelling,432.0,1,0.1,388.8
ORD-00986,2024-07-11,Antofagasta,App Móvil,Periféricos,Teclado Mecánico RGB,804.0,6,0.0,4824.0
ORD-00987,2024-09-23,Biobío,Sitio Web,Periféricos,Mouse Inalámbrico Pro,1044.0,2,0.0,2088.0
ORD-00988,2024-06-22,Biobío,Marketplace,Componentes,Disco SSD NVMe 2TB,791.0,6,0.15,4034.1
ORD-00989,2024-02-11,Valparaíso,App Móvil,Monitores,Monitor Gaming 144Hz 27',608.0,2,0.05,1155.2
ORD-00990,2024-04-17,Antofagasta,Sitio Web,Componentes,Tarjeta de Video RTX 4070,1089.0,2,0.15,1851.3
ORD-00991,2024-03-14,Valparaíso,Sitio Web,Componentes,Tarjeta de Video RTX 4070,540.0,4,0.1,1944.0
ORD-00992,2024-11-01,RM Santiago,App Móvil,Componentes,Tarjeta de Video RTX 4070,765.0,5,0.0,3825.0
ORD-00993,2024-07-27,Valparaíso,Marketplace,Notebooks,Ultrabook Ryzen 7,1105.0,1,0.0,1105.0
ORD-00994,2024-03-10,RM Santiago,Marketplace,Componentes,Memoria RAM 32GB DDR5,879.0,5,0.05,4175.25
ORD-00995,2024-09-24,Valparaíso,Sitio Web,Periféricos,Mouse Inalámbrico Pro,818.0,4,0.1,2944.8
ORD-00996,2024-10-14,Antofagasta,App Móvil,Periféricos,Mouse Inalámbrico Pro,233.0,7,0.15,1386.35
ORD-00997,2024-12-25,Antofagasta,App Móvil,Componentes,Disco SSD NVMe 2TB,440.0,3,0.0,1320.0
ORD-00998,2024-09-04,Antofagasta,Sitio Web,Notebooks,Ultrabook Ryzen 7,611.0,3,0.15,1558.05
ORD-00999,2024-07-14,Biobío,Marketplace,Componentes,Memoria RAM 32GB DDR5,184.0,5,0.15,782.0
ORD-01000,2024-10-05,Valparaíso,Marketplace,Componentes,Disco SSD NVMe 2TB,378.0,2,0.1,680.4
ORD-01001,2024-12-05,Valparaíso,App Móvil,Periféricos,Mouse Inalámbrico Pro,356.0,3,0.15,907.8
ORD-01002,2024-02-29,Valparaíso,App Móvil,Monitores,Monitor Gaming 144Hz 27',874.0,1,0.15,742.9
ORD-01003,2024-04-30,RM Santiago,App Móvil,Componentes,Disco SSD NVMe 2TB,599.0,3,0.0,1797.0
ORD-01004,2024-06-04,Antofagasta,Marketplace,Notebooks,Ultrabook Ryzen 7,1104.0,3,0.05,3146.4
ORD-01005,2024-09-17,Antofagasta,Sitio Web,Componentes,Tarjeta de Video RTX 4070,959.0,5,0.05,4555.25
ORD-01006,2024-03-07,Valparaíso,App Móvil,Notebooks,Laptop Gamer i7 16GB,447.0,1,0.05,424.65
ORD-01007,2024-03-02,Biobío,Marketplace,Periféricos,Mouse Inalámbrico Pro,1076.0,2,0.05,2044.4
ORD-01008,2024-06-27,Antofagasta,Sitio Web,Monitores,Monitor 4K 32' UltraWide,1173.0,3,0.1,3167.1
ORD-01009,2024-01-20,Biobío,Sitio Web,Componentes,Disco SSD NVMe 2TB,1102.0,6,0.15,5620.2
ORD-01010,2024-04-23,RM Santiago,App Móvil,Periféricos,Mouse Inalámbrico Pro,118.0,1,0.0,118.0
ORD-01011,2024-07-20,Valparaíso,Sitio Web,Notebooks,MacBook Pro M3,729.0,4,0.05,2770.2
ORD-01012,2024-05-26,Valparaíso,App Móvil,Monitores,Monitor Gaming 144Hz 27',865.0,4,0.15,2941.0
ORD-01013,2024-08-22,Antofagasta,App Móvil,Periféricos,Teclado Mecánico RGB,1153.0,6,0.0,6918.0
ORD-01014,2024-09-23,Antofagasta,Sitio Web,Monitores,Monitor Gaming 144Hz 27',657.0,7,0.15,3909.15
ORD-01015,2024-07-23,Antofagasta,Marketplace,Notebooks,MacBook Pro M3,1039.0,3,0.05,2961.15
ORD-01016,2024-01-14,Valparaíso,Sitio Web,Componentes,Tarjeta de Video RTX 4070,413.0,4,0.05,1569.4
ORD-01017,2024-04-13,Antofagasta,Marketplace,Componentes,Disco SSD NVMe 2TB,240.0,5,0.15,1020.0
ORD-01018,2024-04-18,Valparaíso,Sitio Web,Componentes,Tarjeta de Video RTX 4070,620.0,6,0.0,3720.0
ORD-01019,2024-06-14,Valparaíso,Marketplace,Componentes,Disco SSD NVMe 2TB,45.0,6,0.05,256.5
ORD-01020,2024-01-04,Valparaíso,App Móvil,Notebooks,Ultrabook Ryzen 7,695.0,1,0.05,660.25
ORD-01021,2024-10-02,Antofagasta,Marketplace,Componentes,Memoria RAM 32GB DDR5,1178.0,6,0.15,6007.8
ORD-01022,2024-11-20,Antofagasta,App Móvil,Periféricos,Teclado Mecánico RGB,178.0,5,0.0,890.0
ORD-01023,2024-01-19,Valparaíso,Sitio Web,Monitores,Monitor Gaming 144Hz 27',358.0,1,0.0,358.0
ORD-01024,2024-12-23,Valparaíso,App Móvil,Periféricos,Audífonos Noise Cancelling,1137.0,5,0.05,5400.75
ORD-01025,2024-02-23,RM Santiago,App Móvil,Monitores,Monitor 4K 32' UltraWide,263.0,2,0.15,447.1
ORD-01026,2024-05-24,Valparaíso,Marketplace,Periféricos,Audífonos Noise Cancelling,873.0,6,0.15,4452.3
ORD-01027,2024-04-08,Biobío,Marketplace,Monitores,Monitor Gaming 144Hz 27',28.0,5,0.1,126.0
ORD-01028,2024-01-09,Valparaíso,Sitio Web,Notebooks,Ultrabook Ryzen 7,1057.0,4,0.05,4016.6
ORD-01029,2024-04-07,RM Santiago,Marketplace,Notebooks,Laptop Gamer i7 16GB,1140.0,4,0.0,4560.0
ORD-01030,2024-12-28,RM Santiago,Marketplace,Periféricos,Teclado Mecánico RGB,1101.0,7,0.1,6936.3
ORD-01031,2024-05-09,Antofagasta,App Móvil,Monitores,Monitor 4K 32' UltraWide,27.0,4,0.1,97.2
ORD-01032,2024-03-28,Antofagasta,App Móvil,Componentes,Tarjeta de Video RTX 4070,775.0,1,0.15,658.75
ORD-01033,2024-12-14,Valparaíso,Sitio Web,Periféricos,Audífonos Noise Cancelling,689.0,3,0.15,1756.95
ORD-01034,2024-02-26,Biobío,Sitio Web,Notebooks,MacBook Pro M3,107.0,2,0.1,192.6
ORD-01035,2024-06-23,Biobío,Sitio Web,Notebooks,MacBook Pro M3,393.0,4,0.0,1572.0
ORD-01036,2024-09-24,RM Santiago,Marketplace,Periféricos,Audífonos Noise Cancelling,552.0,2,0.0,1104.0
ORD-01037,2024-11-02,Biobío,App Móvil,Monitores,Monitor Gaming 144Hz 27',729.0,7,0.15,4337.55
ORD-01038,2024-07-24,Biobío,Marketplace,Monitores,Monitor 4K 32' UltraWide,210.0,6,0.1,1134.0
ORD-01039,2024-06-23,Biobío,App Móvil,Notebooks,Ultrabook Ryzen 7,340.0,2,0.1,612.0
ORD-01040,2024-03-19,RM Santiago,Marketplace,Periféricos,Audífonos Noise Cancelling,112.0,3,0.0,336.0
ORD-01041,2024-05-26,RM Santiago,App Móvil,Componentes,Memoria RAM 32GB DDR5,777.0,1,0.0,777.0
ORD-01042,2024-07-14,RM Santiago,Marketplace,Periféricos,Teclado Mecánico RGB,167.0,6,0.1,901.8
ORD-01043,2024-02-19,Valparaíso,App Móvil,Periféricos,Mouse Inalámbrico Pro,693.0,6,0.0,4158.0
ORD-01044,2024-12-01,Valparaíso,App Móvil,Componentes,Memoria RAM 32GB DDR5,306.0,4,0.05,1162.8
ORD-01045,2024-12-29,Antofagasta,App Móvil,Componentes,Disco SSD NVMe 2TB,433.0,2,0.05,822.7
ORD-01046,2024-08-09,Antofagasta,Marketplace,Componentes,Memoria RAM 32GB DDR5,797.0,6,0.05,4542.9
ORD-01047,2024-09-18,Biobío,Sitio Web,Notebooks,Ultrabook Ryzen 7,1075.0,5,0.05,5106.25
ORD-01048,2024-05-28,Biobío,Sitio Web,Notebooks,Laptop Gamer i7 16GB,834.0,6,0.0,5004.0
ORD-01049,2024-03-23,Antofagasta,Marketplace,Componentes,Tarjeta de Video RTX 4070,759.0,5,0.15,3225.75
ORD-01050,2024-04-09,Biobío,Sitio Web,Monitores,Monitor 4K 32' UltraWide,670.0,2,0.1,1206.0
ORD-01051,2024-01-30,Antofagasta,App Móvil,Periféricos,Teclado Mecánico RGB,343.0,7,0.0,2401.0
ORD-01052,2024-11-10,Biobío,App Móvil,Monitores,Monitor Gaming 144Hz 27',781.0,1,0.1,702.9
ORD-01053,2024-03-13,Valparaíso,Marketplace,Monitores,Monitor 4K 32' UltraWide,165.0,6,0.05,940.5
ORD-01054,2024-10-13,Biobío,Sitio Web,Componentes,Memoria RAM 32GB DDR5,1060.0,6,0.05,6042.0
ORD-01055,2024-01-26,RM Santiago,App Móvil,Notebooks,Ultrabook Ryzen 7,469.0,6,0.0,2814.0
ORD-01056,2024-01-29,Valparaíso,Sitio Web,Notebooks,MacBook Pro M3,1166.0,4,0.0,4664.0
ORD-01057,2024-11-04,RM Santiago,Marketplace,Monitores,Monitor Gaming 144Hz 27',829.0,1,0.0,829.0
ORD-01058,2024-02-15,RM Santiago,App Móvil,Periféricos,Teclado Mecánico RGB,321.0,7,0.15,1909.95
ORD-01059,2024-07-11,RM Santiago,Sitio Web,Periféricos,Teclado Mecánico RGB,93.0,7,0.15,553.35
ORD-01060,2024-05-23,Valparaíso,Marketplace,Notebooks,Ultrabook Ryzen 7,394.0,2,0.05,748.6
ORD-01061,2024-10-19,Antofagasta,App Móvil,Monitores,Monitor Gaming 144Hz 27',1060.0,6,0.15,5406.0
ORD-01062,2024-02-02,Valparaíso,Sitio Web,Periféricos,Teclado Mecánico RGB,115.0,2,0.05,218.5
ORD-01063,2024-02-10,Antofagasta,Sitio Web,Componentes,Memoria RAM 32GB DDR5,730.0,7,0.1,4599.0
ORD-01064,2024-06-11,RM Santiago,App Móvil,Periféricos,Teclado Mecánico RGB,390.0,2,0.1,702.0
ORD-01065,2024-10-30,Antofagasta,Sitio Web,Notebooks,MacBook Pro M3,663.0,4,0.15,2254.2
ORD-01066,2024-05-30,RM Santiago,Marketplace,Monitores,Monitor Gaming 144Hz 27',346.0,4,0.05,1314.8
ORD-01067,2024-07-02,RM Santiago,App Móvil,Monitores,Monitor 4K 32' UltraWide,299.0,1,0.1,269.1
ORD-01068,2024-07-17,Valparaíso,Marketplace,Notebooks,Ultrabook Ryzen 7,644.0,3,0.15,1642.2
ORD-01069,2024-09-14,RM Santiago,Sitio Web,Notebooks,MacBook Pro M3,137.0,5,0.15,582.25
ORD-01070,2024-08-31,Biobío,Marketplace,Periféricos,Mouse Inalámbrico Pro,45.0,5,0.05,213.75
ORD-01071,2024-04-21,RM Santiago,Marketplace,Periféricos,Mouse Inalámbrico Pro,715.0,4,0.0,2860.0
ORD-01072,2024-05-29,Antofagasta,App Móvil,Componentes,Memoria RAM 32GB DDR5,1073.0,4,0.0,4292.0
ORD-01073,2024-11-07,Biobío,App Móvil,Notebooks,Ultrabook Ryzen 7,916.0,7,0.0,6412.0
ORD-01074,2024-08-22,Valparaíso,Sitio Web,Monitores,Monitor Gaming 144Hz 27',517.0,5,0.05,2455.75
ORD-01075,2024-10-24,RM Santiago,Sitio Web,Componentes,Disco SSD NVMe 2TB,761.0,2,0.15,1293.7
ORD-01076,2024-11-28,Valparaíso,Marketplace,Componentes,Tarjeta de Video RTX 4070,659.0,2,0.1,1186.2
ORD-01077,2024-03-08,Antofagasta,Sitio Web,Periféricos,Teclado Mecánico RGB,505.0,3,0.05,1439.25
ORD-01078,2024-07-24,Biobío,Marketplace,Monitores,Monitor Gaming 144Hz 27',679.0,4,0.05,2580.2
ORD-01079,2024-02-08,Valparaíso,App Móvil,Monitores,Monitor Gaming 144Hz 27',209.0,6,0.05,1191.3
ORD-01080,2024-05-19,Valparaíso,Marketplace,Notebooks,MacBook Pro M3,155.0,5,0.15,658.75
ORD-01081,2024-07-26,Valparaíso,App Móvil,Notebooks,MacBook Pro M3,741.0,6,0.0,4446.0
ORD-01082,2024-10-17,Biobío,Sitio Web,Notebooks,Laptop Gamer i7 16GB,247.0,6,0.05,1407.9
ORD-01083,2024-01-21,Antofagasta,App Móvil,Periféricos,Teclado Mecánico RGB,913.0,6,0.0,5478.0
ORD-01084,2024-11-18,Valparaíso,Marketplace,Periféricos,Mouse Inalámbrico Pro,805.0,6,0.1,4347.0
ORD-01085,2024-05-09,Biobío,Marketplace,Monitores,Monitor Gaming 144Hz 27',358.0,1,0.05,340.1
ORD-01086,2024-10-10,Biobío,App Móvil,Notebooks,MacBook Pro M3,270.0,5,0.05,1282.5
ORD-01087,2024-06-21,RM Santiago,Marketplace,Periféricos,Audífonos Noise Cancelling,1160.0,2,0.15,1972.0
ORD-01088,2024-11-02,Valparaíso,Sitio Web,Notebooks,Ultrabook Ryzen 7,320.0,2,0.05,608.0
ORD-01089,2024-07-13,Antofagasta,App Móvil,Componentes,Disco SSD NVMe 2TB,898.0,3,0.1,2424.6
ORD-01090,2024-12-29,Biobío,Sitio Web,Notebooks,MacBook Pro M3,982.0,3,0.1,2651.4
ORD-01091,2024-11-21,Antofagasta,Marketplace,Notebooks,MacBook Pro M3,478.0,1,0.1,430.2
ORD-01092,2024-11-15,RM Santiago,App Móvil,Monitores,Monitor Gaming 144Hz 27',888.0,5,0.15,3774.0
ORD-01093,2024-11-07,Antofagasta,App Móvil,Componentes,Memoria RAM 32GB DDR5,83.0,7,0.1,522.9
ORD-01094,2024-07-25,Valparaíso,App Móvil,Periféricos,Teclado Mecánico RGB,625.0,7,0.15,3718.75
ORD-01095,2024-08-24,RM Santiago,Marketplace,Notebooks,Ultrabook Ryzen 7,297.0,6,0.05,1692.9
ORD-01096,2024-03-03,RM Santiago,Sitio Web,Notebooks,Ultrabook Ryzen 7,887.0,3,0.1,2394.9
ORD-01097,2024-05-14,Antofagasta,Marketplace,Componentes,Disco SSD NVMe 2TB,531.0,4,0.0,2124.0
ORD-01098,2024-07-25,Biobío,Marketplace,Monitores,Monitor 4K 32' UltraWide,951.0,1,0.15,808.35
ORD-01099,2024-06-27,Antofagasta,App Móvil,Monitores,Monitor 4K 32' UltraWide,289.0,4,0.1,1040.4
ORD-01100,2024-02-26,Antofagasta,App Móvil,Notebooks,MacBook Pro M3,1099.0,6,0.05,6264.3
ORD-01101,2024-08-01,Biobío,Sitio Web,Monitores,Monitor 4K 32' UltraWide,592.0,2,0.0,1184.0
ORD-01102,2024-11-06,Valparaíso,Sitio Web,Notebooks,MacBook Pro M3,422.0,1,0.15,358.7
ORD-01103,2024-01-09,Antofagasta,Marketplace,Periféricos,Audífonos Noise Cancelling,682.0,5,0.05,3239.5
ORD-01104,2024-08-01,Biobío,Marketplace,Notebooks,Ultrabook Ryzen 7,71.0,3,0.1,191.7
ORD-01105,2024-08-26,Biobío,Sitio Web,Notebooks,Laptop Gamer i7 16GB,1186.0,7,0.0,8302.0
ORD-01106,2024-11-24,Biobío,Sitio Web,Notebooks,MacBook Pro M3,233.0,4,0.0,932.0
ORD-01107,2024-04-06,Valparaíso,Marketplace,Componentes,Tarjeta de Video RTX 4070,1142.0,3,0.05,3254.7
ORD-01108,2024-07-30,RM Santiago,Marketplace,Notebooks,MacBook Pro M3,686.0,3,0.0,2058.0
ORD-01109,2024-02-01,Valparaíso,Sitio Web,Periféricos,Mouse Inalámbrico Pro,356.0,3,0.05,1014.6
ORD-01110,2024-04-23,Biobío,App Móvil,Componentes,Tarjeta de Video RTX 4070,919.0,3,0.0,2757.0
ORD-01111,2024-04-07,RM Santiago,App Móvil,Componentes,Tarjeta de Video RTX 4070,524.0,1,0.1,471.6
ORD-01112,2024-11-30,Valparaíso,Marketplace,Componentes,Disco SSD NVMe 2TB,759.0,7,0.0,5313.0
ORD-01113,2024-07-24,RM Santiago,App Móvil,Periféricos,Teclado Mecánico RGB,1097.0,3,0.05,3126.45
ORD-01114,2024-09-13,RM Santiago,App Móvil,Monitores,Monitor Gaming 144Hz 27',699.0,3,0.1,1887.3
ORD-01115,2024-05-15,RM Santiago,Sitio Web,Componentes,Memoria RAM 32GB DDR5,715.0,5,0.0,3575.0
ORD-01116,2024-06-05,Valparaíso,Sitio Web,Periféricos,Teclado Mecánico RGB,758.0,2,0.05,1440.2
ORD-01117,2024-02-20,Valparaíso,App Móvil,Componentes,Tarjeta de Video RTX 4070,1133.0,6,0.05,6458.1
ORD-01118,2024-03-09,Valparaíso,Marketplace,Componentes,Memoria RAM 32GB DDR5,532.0,3,0.0,1596.0
ORD-01119,2024-12-21,Antofagasta,App Móvil,Componentes,Disco SSD NVMe 2TB,931.0,2,0.15,1582.7
ORD-01120,2024-05-03,Valparaíso,App Móvil,Periféricos,Mouse Inalámbrico Pro,933.0,3,0.15,2379.15
ORD-01121,2024-04-22,Valparaíso,Sitio Web,Periféricos,Mouse Inalámbrico Pro,1150.0,3,0.1,3105.0
ORD-01122,2024-11-03,RM Santiago,Sitio Web,Notebooks,Ultrabook Ryzen 7,967.0,7,0.05,6430.55
ORD-01123,2024-12-11,Biobío,Sitio Web,Periféricos,Mouse Inalámbrico Pro,951.0,2,0.1,1711.8
ORD-01124,2024-03-09,Antofagasta,Sitio Web,Monitores,Monitor Gaming 144Hz 27',868.0,3,0.0,2604.0
ORD-01125,2024-08-12,Antofagasta,Sitio Web,Monitores,Monitor 4K 32' UltraWide,262.0,5,0.05,1244.5
ORD-01126,2024-02-03,RM Santiago,App Móvil,Periféricos,Teclado Mecánico RGB,568.0,4,0.1,2044.8
ORD-01127,2024-12-05,Valparaíso,App Móvil,Periféricos,Teclado Mecánico RGB,246.0,4,0.0,984.0
ORD-01128,2024-02-18,RM Santiago,App Móvil,Notebooks,Laptop Gamer i7 16GB,534.0,5,0.05,2536.5
ORD-01129,2024-01-29,Antofagasta,Sitio Web,Periféricos,Audífonos Noise Cancelling,758.0,2,0.0,1516.0
ORD-01130,2024-07-27,Biobío,Sitio Web,Notebooks,MacBook Pro M3,355.0,4,0.1,1278.0
ORD-01131,2024-09-04,RM Santiago,Sitio Web,Notebooks,Ultrabook Ryzen 7,245.0,4,0.05,931.0
ORD-01132,2024-10-09,RM Santiago,App Móvil,Periféricos,Audífonos Noise Cancelling,304.0,3,0.05,866.4
ORD-01133,2024-05-02,Antofagasta,Sitio Web,Componentes,Disco SSD NVMe 2TB,210.0,4,0.1,756.0
ORD-01134,2024-08-07,Biobío,Marketplace,Monitores,Monitor Gaming 144Hz 27',72.0,1,0.15,61.2
ORD-01135,2024-05-20,RM Santiago,Marketplace,Notebooks,Laptop Gamer i7 16GB,974.0,5,0.0,4870.0
ORD-01136,2024-07-09,RM Santiago,Sitio Web,Componentes,Disco SSD NVMe 2TB,1162.0,1,0.1,1045.8
ORD-01137,2024-01-12,Valparaíso,Sitio Web,Periféricos,Mouse Inalámbrico Pro,30.0,5,0.05,142.5
ORD-01138,2024-02-15,Biobío,Marketplace,Monitores,Monitor 4K 32' UltraWide,292.0,7,0.0,2044.0
ORD-01139,2024-02-14,Antofagasta,Sitio Web,Componentes,Disco SSD NVMe 2TB,1111.0,7,0.1,6999.3
ORD-01140,2024-08-05,Valparaíso,App Móvil,Periféricos,Audífonos Noise Cancelling,1187.0,5,0.0,5935.0
ORD-01141,2024-02-02,Antofagasta,App Móvil,Componentes,Tarjeta de Video RTX 4070,244.0,1,0.05,231.8
ORD-01142,2024-08-24,Antofagasta,Sitio Web,Periféricos,Audífonos Noise Cancelling,119.0,7,0.1,749.7
ORD-01143,2024-05-09,RM Santiago,Sitio Web,Componentes,Memoria RAM 32GB DDR5,153.0,3,0.0,459.0
ORD-01144,2024-04-14,Valparaíso,Marketplace,Componentes,Tarjeta de Video RTX 4070,905.0,7,0.1,5701.5
ORD-01145,2024-09-22,Antofagasta,Marketplace,Periféricos,Teclado Mecánico RGB,241.0,3,0.15,614.55
ORD-01146,2024-07-07,Biobío,App Móvil,Periféricos,Mouse Inalámbrico Pro,894.0,6,0.1,4827.6
ORD-01147,2024-05-21,RM Santiago,App Móvil,Monitores,Monitor 4K 32' UltraWide,957.0,2,0.05,1818.3
ORD-01148,2024-08-05,Antofagasta,App Móvil,Notebooks,MacBook Pro M3,292.0,6,0.15,1489.2
ORD-01149,2024-08-13,Biobío,Sitio Web,Notebooks,MacBook Pro M3,1076.0,2,0.15,1829.2
ORD-01150,2024-06-28,RM Santiago,Sitio Web,Componentes,Memoria RAM 32GB DDR5,764.0,1,0.05,725.8
ORD-01151,2024-08-15,Valparaíso,App Móvil,Componentes,Memoria RAM 32GB DDR5,705.0,6,0.1,3807.0
ORD-01152,2024-12-01,Antofagasta,App Móvil,Periféricos,Mouse Inalámbrico Pro,108.0,3,0.1,291.6
ORD-01153,2024-07-29,Antofagasta,Sitio Web,Monitores,Monitor Gaming 144Hz 27',232.0,3,0.15,591.6
ORD-01154,2024-05-02,Biobío,Marketplace,Componentes,Memoria RAM 32GB DDR5,189.0,3,0.1,510.3
ORD-01155,2024-11-17,Valparaíso,Marketplace,Periféricos,Mouse Inalámbrico Pro,1174.0,6,0.15,5987.4
ORD-01156,2024-09-07,RM Santiago,Marketplace,Componentes,Tarjeta de Video RTX 4070,772.0,5,0.0,3860.0
ORD-01157,2024-07-15,Biobío,Sitio Web,Monitores,Monitor Gaming 144Hz 27',1137.0,1,0.1,1023.3
ORD-01158,2024-01-04,RM Santiago,Sitio Web,Monitores,Monitor 4K 32' UltraWide,267.0,7,0.1,1682.1
ORD-01159,2024-03-23,Valparaíso,Marketplace,Componentes,Memoria RAM 32GB DDR5,284.0,4,0.05,1079.2
ORD-01160,2024-07-10,RM Santiago,Sitio Web,Componentes,Disco SSD NVMe 2TB,125.0,1,0.05,118.75
ORD-01161,2024-04-26,Biobío,Marketplace,Notebooks,Ultrabook Ryzen 7,725.0,1,0.1,652.5
ORD-01162,2024-06-11,Valparaíso,Sitio Web,Monitores,Monitor 4K 32' UltraWide,68.0,4,0.0,272.0
ORD-01163,2024-02-08,Biobío,Marketplace,Periféricos,Audífonos Noise Cancelling,448.0,1,0.1,403.2
ORD-01164,2024-06-10,RM Santiago,Marketplace,Periféricos,Audífonos Noise Cancelling,1065.0,2,0.15,1810.5
ORD-01165,2024-11-13,RM Santiago,Sitio Web,Monitores,Monitor 4K 32' UltraWide,824.0,4,0.05,3131.2
ORD-01166,2024-09-01,Antofagasta,Marketplace,Monitores,Monitor 4K 32' UltraWide,26.0,3,0.15,66.3
ORD-01167,2024-11-26,Valparaíso,App Móvil,Notebooks,Laptop Gamer i7 16GB,775.0,6,0.15,3952.5
ORD-01168,2024-02-02,Valparaíso,Marketplace,Componentes,Disco SSD NVMe 2TB,475.0,1,0.05,451.25
ORD-01169,2024-10-21,Antofagasta,Sitio Web,Componentes,Disco SSD NVMe 2TB,1139.0,5,0.1,5125.5
ORD-01170,2024-03-18,RM Santiago,Marketplace,Monitores,Monitor 4K 32' UltraWide,799.0,1,0.0,799.0
ORD-01171,2024-01-23,Valparaíso,Marketplace,Periféricos,Audífonos Noise Cancelling,1191.0,4,0.1,4287.6
ORD-01172,2024-12-26,Antofagasta,App Móvil,Notebooks,Ultrabook Ryzen 7,71.0,5,0.0,355.0
ORD-01173,2024-04-24,Valparaíso,Marketplace,Monitores,Monitor Gaming 144Hz 27',929.0,2,0.0,1858.0
ORD-01174,2024-05-21,RM Santiago,App Móvil,Monitores,Monitor Gaming 144Hz 27',216.0,4,0.05,820.8
ORD-01175,2024-10-30,RM Santiago,Sitio Web,Componentes,Disco SSD NVMe 2TB,1016.0,3,0.1,2743.2
ORD-01176,2024-02-05,Biobío,App Móvil,Componentes,Tarjeta de Video RTX 4070,1151.0,3,0.1,3107.7
ORD-01177,2024-06-12,Valparaíso,Marketplace,Componentes,Disco SSD NVMe 2TB,817.0,6,0.15,4166.7
ORD-01178,2024-01-23,RM Santiago,Marketplace,Monitores,Monitor 4K 32' UltraWide,848.0,1,0.05,805.6
ORD-01179,2024-10-07,Antofagasta,App Móvil,Componentes,Memoria RAM 32GB DDR5,170.0,4,0.1,612.0
ORD-01180,2024-02-29,Antofagasta,App Móvil,Componentes,Disco SSD NVMe 2TB,865.0,7,0.0,6055.0
ORD-01181,2024-11-24,Antofagasta,App Móvil,Componentes,Memoria RAM 32GB DDR5,333.0,6,0.1,1798.2
ORD-01182,2024-05-01,Biobío,Marketplace,Notebooks,Laptop Gamer i7 16GB,791.0,6,0.1,4271.4
ORD-01183,2024-09-16,Antofagasta,Marketplace,Monitores,Monitor 4K 32' UltraWide,184.0,7,0.0,1288.0
ORD-01184,2024-04-20,Valparaíso,App Móvil,Monitores,Monitor 4K 32' UltraWide,748.0,2,0.05,1421.2
ORD-01185,2024-07-09,Valparaíso,Sitio Web,Periféricos,Audífonos Noise Cancelling,161.0,1,0.0,161.0
ORD-01186,2024-11-12,Antofagasta,App Móvil,Monitores,Monitor 4K 32' UltraWide,573.0,5,0.15,2435.25
ORD-01187,2024-10-15,RM Santiago,App Móvil,Componentes,Disco SSD NVMe 2TB,1100.0,5,0.15,4675.0
ORD-01188,2024-04-27,Valparaíso,Sitio Web,Notebooks,Ultrabook Ryzen 7,55.0,3,0.0,165.0
ORD-01189,2024-03-10,Antofagasta,App Móvil,Notebooks,MacBook Pro M3,786.0,5,0.1,3537.0
ORD-01190,2024-09-01,Valparaíso,App Móvil,Monitores,Monitor Gaming 144Hz 27',210.0,4,0.0,840.0
ORD-01191,2024-05-20,Valparaíso,App Móvil,Periféricos,Audífonos Noise Cancelling,1110.0,1,0.1,999.0
ORD-01192,2024-03-07,Antofagasta,Sitio Web,Monitores,Monitor 4K 32' UltraWide,955.0,2,0.0,1910.0
ORD-01193,2024-05-10,Antofagasta,App Móvil,Componentes,Tarjeta de Video RTX 4070,284.0,2,0.1,511.2
ORD-01194,2024-05-13,RM Santiago,App Móvil,Monitores,Monitor Gaming 144Hz 27',964.0,6,0.15,4916.4
ORD-01195,2024-11-29,Antofagasta,Sitio Web,Monitores,Monitor Gaming 144Hz 27',258.0,1,0.15,219.3
ORD-01196,2024-10-16,Antofagasta,App Móvil,Periféricos,Mouse Inalámbrico Pro,468.0,1,0.15,397.8
ORD-01197,2024-02-28,RM Santiago,Sitio Web,Componentes,Disco SSD NVMe 2TB,1145.0,1,0.15,973.25
ORD-01198,2024-07-11,Antofagasta,App Móvil,Notebooks,MacBook Pro M3,451.0,6,0.05,2570.7
ORD-01199,2024-05-06,Biobío,Sitio Web,Periféricos,Mouse Inalámbrico Pro,205.0,3,0.05,584.25
ORD-01200,2024-09-15,Biobío,App Móvil,Monitores,Monitor 4K 32' UltraWide,912.0,3,0.05,2599.2
ORD-01201,2024-06-20,RM Santiago,App Móvil,Notebooks,Ultrabook Ryzen 7,485.0,6,0.1,2619.0
ORD-01202,2024-11-23,Biobío,App Móvil,Monitores,Monitor 4K 32' UltraWide,275.0,2,0.1,495.0
ORD-01203,2024-01-11,Biobío,App Móvil,Periféricos,Audífonos Noise Cancelling,497.0,1,0.15,422.45
ORD-01204,2024-04-18,Antofagasta,App Móvil,Componentes,Memoria RAM 32GB DDR5,819.0,3,0.05,2334.15
ORD-01205,2024-09-02,RM Santiago,App Móvil,Monitores,Monitor 4K 32' UltraWide,1133.0,7,0.0,7931.0
ORD-01206,2024-10-08,RM Santiago,Sitio Web,Monitores,Monitor Gaming 144Hz 27',292.0,3,0.0,876.0
ORD-01207,2024-12-24,Antofagasta,App Móvil,Periféricos,Audífonos Noise Cancelling,727.0,5,0.05,3453.25
ORD-01208,2024-10-14,Valparaíso,Sitio Web,Periféricos,Mouse Inalámbrico Pro,45.0,6,0.05,256.5
ORD-01209,2024-08-26,Valparaíso,App Móvil,Notebooks,Laptop Gamer i7 16GB,991.0,5,0.1,4459.5
ORD-01210,2024-05-22,Antofagasta,Sitio Web,Componentes,Memoria RAM 32GB DDR5,458.0,3,0.0,1374.0
ORD-01211,2024-01-06,Valparaíso,App Móvil,Monitores,Monitor 4K 32' UltraWide,520.0,7,0.15,3094.0
ORD-01212,2024-03-29,Antofagasta,Marketplace,Monitores,Monitor 4K 32' UltraWide,587.0,5,0.0,2935.0
ORD-01213,2024-02-19,Antofagasta,App Móvil,Componentes,Disco SSD NVMe 2TB,827.0,5,0.15,3514.75
ORD-01214,2024-01-03,Valparaíso,App Móvil,Componentes,Disco SSD NVMe 2TB,1112.0,2,0.1,2001.6
ORD-01215,2024-10-12,RM Santiago,App Móvil,Periféricos,Audífonos Noise Cancelling,1144.0,2,0.1,2059.2
ORD-01216,2024-02-08,Antofagasta,Marketplace,Monitores,Monitor Gaming 144Hz 27',1133.0,5,0.1,5098.5
ORD-01217,2024-01-08,Antofagasta,App Móvil,Notebooks,Laptop Gamer i7 16GB,764.0,3,0.15,1948.2
ORD-01218,2024-10-31,Valparaíso,App Móvil,Periféricos,Audífonos Noise Cancelling,66.0,3,0.15,168.3
ORD-01219,2024-11-24,RM Santiago,Marketplace,Notebooks,Ultrabook Ryzen 7,768.0,1,0.0,768.0
ORD-01220,2024-03-31,RM Santiago,Marketplace,Periféricos,Teclado Mecánico RGB,584.0,2,0.05,1109.6
ORD-01221,2024-07-10,Biobío,Sitio Web,Monitores,Monitor Gaming 144Hz 27',250.0,3,0.05,712.5
ORD-01222,2024-07-22,Antofagasta,Marketplace,Monitores,Monitor Gaming 144Hz 27',565.0,4,0.15,1921.0
ORD-01223,2024-10-04,RM Santiago,Sitio Web,Componentes,Tarjeta de Video RTX 4070,134.0,2,0.0,268.0
ORD-01224,2024-12-21,Antofagasta,App Móvil,Periféricos,Audífonos Noise Cancelling,39.0,1,0.15,33.15
ORD-01225,2024-11-03,RM Santiago,Marketplace,Componentes,Tarjeta de Video RTX 4070,969.0,4,0.05,3682.2
ORD-01226,2024-11-30,Antofagasta,Sitio Web,Monitores,Monitor 4K 32' UltraWide,689.0,3,0.0,2067.0
ORD-01227,2024-03-05,Antofagasta,Sitio Web,Monitores,Monitor 4K 32' UltraWide,36.0,5,0.15,153.0
ORD-01228,2024-10-06,Antofagasta,App Móvil,Notebooks,Ultrabook Ryzen 7,377.0,3,0.15,961.35
ORD-01229,2024-10-10,Biobío,Marketplace,Notebooks,Laptop Gamer i7 16GB,574.0,7,0.0,4018.0
ORD-01230,2024-08-05,Biobío,Marketplace,Notebooks,Laptop Gamer i7 16GB,334.0,4,0.15,1135.6
ORD-01231,2024-05-18,Valparaíso,Marketplace,Monitores,Monitor 4K 32' UltraWide,1192.0,5,0.15,5066.0
ORD-01232,2024-12-06,RM Santiago,Marketplace,Componentes,Tarjeta de Video RTX 4070,345.0,4,0.15,1173.0
ORD-01233,2024-11-05,Biobío,Sitio Web,Monitores,Monitor Gaming 144Hz 27',473.0,3,0.0,1419.0
ORD-01234,2024-05-24,Valparaíso,Sitio Web,Notebooks,Laptop Gamer i7 16GB,1011.0,6,0.05,5762.7
ORD-01235,2024-12-21,Valparaíso,Sitio Web,Monitores,Monitor 4K 32' UltraWide,1158.0,3,0.0,3474.0
ORD-01236,2024-08-03,Valparaíso,App Móvil,Notebooks,Ultrabook Ryzen 7,566.0,2,0.1,1018.8
ORD-01237,2024-08-27,Valparaíso,Marketplace,Monitores,Monitor 4K 32' UltraWide,178.0,7,0.1,1121.4
ORD-01238,2024-06-18,RM Santiago,Marketplace,Componentes,Memoria RAM 32GB DDR5,693.0,1,0.0,693.0
ORD-01239,2024-07-23,Valparaíso,App Móvil,Monitores,Monitor 4K 32' UltraWide,441.0,2,0.15,749.7
ORD-01240,2024-11-19,Biobío,Sitio Web,Componentes,Tarjeta de Video RTX 4070,61.0,3,0.05,173.85
ORD-01241,2024-10-20,Valparaíso,App Móvil,Notebooks,MacBook Pro M3,173.0,7,0.15,1029.35
ORD-01242,2024-06-18,Antofagasta,App Móvil,Notebooks,Ultrabook Ryzen 7,110.0,4,0.0,440.0
ORD-01243,2024-03-20,Valparaíso,Marketplace,Monitores,Monitor Gaming 144Hz 27',938.0,7,0.15,5581.1
ORD-01244,2024-03-01,RM Santiago,Sitio Web,Notebooks,Ultrabook Ryzen 7,359.0,5,0.1,1615.5
ORD-01245,2024-05-12,Antofagasta,Marketplace,Notebooks,Laptop Gamer i7 16GB,553.0,1,0.15,470.05
ORD-01246,2024-04-10,Valparaíso,Marketplace,Componentes,Memoria RAM 32GB DDR5,53.0,4,0.1,190.8
ORD-01247,2024-06-25,Antofagasta,Marketplace,Notebooks,MacBook Pro M3,365.0,5,0.15,1551.25
ORD-01248,2024-05-13,Antofagasta,Marketplace,Componentes,Memoria RAM 32GB DDR5,356.0,2,0.05,676.4
ORD-01249,2024-03-01,Valparaíso,Sitio Web,Notebooks,MacBook Pro M3,409.0,5,0.05,1942.75
ORD-01250,2024-07-21,Antofagasta,Sitio Web,Monitores,Monitor 4K 32' UltraWide,182.0,3,0.05,518.7
ORD-01251,2024-12-23,RM Santiago,Marketplace,Periféricos,Teclado Mecánico RGB,621.0,5,0.0,3105.0
ORD-01252,2024-07-22,Biobío,App Móvil,Componentes,Memoria RAM 32GB DDR5,1024.0,3,0.05,2918.4
ORD-01253,2024-05-03,Valparaíso,Sitio Web,Periféricos,Mouse Inalámbrico Pro,627.0,3,0.05,1786.95
ORD-01254,2024-09-09,RM Santiago,Marketplace,Periféricos,Audífonos Noise Cancelling,923.0,3,0.0,2769.0
ORD-01255,2024-08-02,RM Santiago,Sitio Web,Componentes,Disco SSD NVMe 2TB,174.0,2,0.1,313.2
ORD-01256,2024-11-30,Biobío,Sitio Web,Monitores,Monitor 4K 32' UltraWide,1019.0,6,0.15,5196.9
ORD-01257,2024-12-18,Antofagasta,Sitio Web,Componentes,Tarjeta de Video RTX 4070,339.0,3,0.1,915.3
ORD-01258,2024-05-31,RM Santiago,Sitio Web,Monitores,Monitor Gaming 144Hz 27',792.0,2,0.1,1425.6
ORD-01259,2024-04-19,Antofagasta,Marketplace,Componentes,Memoria RAM 32GB DDR5,137.0,4,0.0,548.0
ORD-01260,2024-05-01,Valparaíso,Marketplace,Periféricos,Teclado Mecánico RGB,151.0,3,0.0,453.0
ORD-01261,2024-07-10,Biobío,Sitio Web,Periféricos,Mouse Inalámbrico Pro,836.0,4,0.05,3176.8
ORD-01262,2024-08-28,Antofagasta,Marketplace,Componentes,Tarjeta de Video RTX 4070,1112.0,4,0.1,4003.2
ORD-01263,2024-07-11,Valparaíso,Marketplace,Periféricos,Mouse Inalámbrico Pro,728.0,1,0.05,691.6
ORD-01264,2024-06-09,Biobío,App Móvil,Componentes,Memoria RAM 32GB DDR5,1016.0,4,0.15,3454.4
ORD-01265,2024-06-10,Biobío,App Móvil,Notebooks,MacBook Pro M3,34.0,1,0.15,28.9
ORD-01266,2024-02-26,Biobío,Sitio Web,Notebooks,Laptop Gamer i7 16GB,220.0,6,0.15,1122.0
ORD-01267,2024-05-01,Antofagasta,Sitio Web,Monitores,Monitor 4K 32' UltraWide,929.0,6,0.05,5295.3
ORD-01268,2024-03-02,Biobío,App Móvil,Notebooks,Ultrabook Ryzen 7,1135.0,6,0.15,5788.5
ORD-01269,2024-05-22,Antofagasta,Sitio Web,Notebooks,MacBook Pro M3,530.0,7,0.1,3339.0
ORD-01270,2024-05-08,Valparaíso,App Móvil,Monitores,Monitor Gaming 144Hz 27',671.0,3,0.0,2013.0
ORD-01271,2024-03-15,Biobío,Marketplace,Periféricos,Teclado Mecánico RGB,567.0,4,0.0,2268.0
ORD-01272,2024-10-24,Biobío,Marketplace,Periféricos,Mouse Inalámbrico Pro,252.0,6,0.0,1512.0
ORD-01273,2024-12-07,Antofagasta,Marketplace,Notebooks,Laptop Gamer i7 16GB,1030.0,3,0.1,2781.0
ORD-01274,2024-08-08,RM Santiago,Sitio Web,Notebooks,Ultrabook Ryzen 7,1040.0,1,0.15,884.0
ORD-01275,2024-01-16,RM Santiago,Marketplace,Periféricos,Audífonos Noise Cancelling,1049.0,7,0.1,6608.7
ORD-01276,2024-10-26,Antofagasta,Marketplace,Monitores,Monitor Gaming 144Hz 27',613.0,6,0.05,3494.1
ORD-01277,2024-05-28,Valparaíso,App Móvil,Periféricos,Audífonos Noise Cancelling,717.0,3,0.05,2043.45
ORD-01278,2024-05-01,Biobío,Sitio Web,Monitores,Monitor 4K 32' UltraWide,528.0,3,0.05,1504.8
ORD-01279,2024-02-10,Valparaíso,App Móvil,Componentes,Disco SSD NVMe 2TB,1084.0,7,0.1,6829.2
ORD-01280,2024-08-09,Valparaíso,App Móvil,Notebooks,MacBook Pro M3,1114.0,5,0.15,4734.5
ORD-01281,2024-02-11,Valparaíso,Marketplace,Notebooks,Laptop Gamer i7 16GB,534.0,3,0.1,1441.8
ORD-01282,2024-02-02,Valparaíso,Sitio Web,Monitores,Monitor 4K 32' UltraWide,927.0,4,0.15,3151.8
ORD-01283,2024-01-12,Antofagasta,App Móvil,Componentes,Disco SSD NVMe 2TB,1009.0,7,0.1,6356.7
ORD-01284,2024-04-28,Valparaíso,Marketplace,Notebooks,Ultrabook Ryzen 7,594.0,1,0.0,594.0
ORD-01285,2024-11-26,RM Santiago,App Móvil,Notebooks,Laptop Gamer i7 16GB,1024.0,7,0.0,7168.0
ORD-01286,2024-07-12,RM Santiago,Sitio Web,Notebooks,Laptop Gamer i7 16GB,153.0,3,0.05,436.05
ORD-01287,2024-05-15,Biobío,Sitio Web,Notebooks,Ultrabook Ryzen 7,892.0,4,0.1,3211.2
ORD-01288,2024-08-14,Biobío,Sitio Web,Componentes,Tarjeta de Video RTX 4070,308.0,3,0.05,877.8
ORD-01289,2024-07-25,Biobío,App Móvil,Monitores,Monitor Gaming 144Hz 27',296.0,6,0.05,1687.2
ORD-01290,2024-12-16,Antofagasta,Sitio Web,Monitores,Monitor 4K 32' UltraWide,251.0,7,0.05,1669.15
ORD-01291,2024-10-28,Biobío,App Móvil,Notebooks,MacBook Pro M3,391.0,6,0.1,2111.4
ORD-01292,2024-12-11,RM Santiago,Sitio Web,Periféricos,Teclado Mecánico RGB,823.0,6,0.1,4444.2
ORD-01293,2024-08-15,Valparaíso,Sitio Web,Monitores,Monitor Gaming 144Hz 27',915.0,4,0.05,3477.0
ORD-01294,2024-11-24,Biobío,App Móvil,Notebooks,Laptop Gamer i7 16GB,411.0,5,0.05,1952.25
ORD-01295,2024-12-08,Valparaíso,Sitio Web,Periféricos,Audífonos Noise Cancelling,1155.0,6,0.05,6583.5
ORD-01296,2024-09-30,RM Santiago,App Móvil,Notebooks,Ultrabook Ryzen 7,849.0,7,0.05,5645.85
ORD-01297,2024-02-15,Antofagasta,Marketplace,Monitores,Monitor Gaming 144Hz 27',456.0,6,0.0,2736.0
ORD-01298,2024-06-04,Antofagasta,Sitio Web,Componentes,Disco SSD NVMe 2TB,979.0,3,0.05,2790.15
ORD-01299,2024-11-12,Biobío,Sitio Web,Notebooks,Ultrabook Ryzen 7,672.0,1,0.05,638.4
ORD-01300,2024-02-15,RM Santiago,Sitio Web,Componentes,Memoria RAM 32GB DDR5,563.0,4,0.1,2026.8
ORD-01301,2024-02-19,RM Santiago,Marketplace,Componentes,Disco SSD NVMe 2TB,766.0,7,0.1,4825.8
ORD-01302,2024-10-26,RM Santiago,Marketplace,Notebooks,MacBook Pro M3,950.0,2,0.15,1615.0
ORD-01303,2024-05-24,Biobío,App Móvil,Componentes,Disco SSD NVMe 2TB,265.0,3,0.1,715.5
ORD-01304,2024-05-13,Biobío,Sitio Web,Monitores,Monitor 4K 32' UltraWide,929.0,1,0.15,789.65
ORD-01305,2024-01-29,Biobío,Sitio Web,Notebooks,MacBook Pro M3,1001.0,1,0.1,900.9
ORD-01306,2024-04-10,Valparaíso,App Móvil,Periféricos,Teclado Mecánico RGB,770.0,5,0.15,3272.5
ORD-01307,2024-07-25,RM Santiago,Sitio Web,Monitores,Monitor 4K 32' UltraWide,972.0,1,0.0,972.0
ORD-01308,2024-07-04,Valparaíso,Marketplace,Periféricos,Mouse Inalámbrico Pro,969.0,2,0.1,1744.2
ORD-01309,2024-04-15,RM Santiago,Sitio Web,Notebooks,Ultrabook Ryzen 7,67.0,5,0.15,284.75
ORD-01310,2024-07-28,Antofagasta,Sitio Web,Monitores,Monitor Gaming 144Hz 27',511.0,3,0.05,1456.35
ORD-01311,2024-04-19,Biobío,Marketplace,Notebooks,Laptop Gamer i7 16GB,560.0,6,0.1,3024.0
ORD-01312,2024-12-04,Antofagasta,Sitio Web,Monitores,Monitor 4K 32' UltraWide,828.0,1,0.1,745.2
ORD-01313,2024-09-27,RM Santiago,App Móvil,Periféricos,Mouse Inalámbrico Pro,981.0,3,0.0,2943.0
ORD-01314,2024-12-11,RM Santiago,App Móvil,Componentes,Memoria RAM 32GB DDR5,983.0,5,0.15,4177.75
ORD-01315,2024-09-15,RM Santiago,Sitio Web,Periféricos,Teclado Mecánico RGB,474.0,1,0.1,426.6
ORD-01316,2024-05-31,Biobío,Sitio Web,Componentes,Disco SSD NVMe 2TB,1129.0,7,0.0,7903.0
ORD-01317,2024-03-17,RM Santiago,Marketplace,Notebooks,MacBook Pro M3,995.0,1,0.1,895.5
ORD-01318,2024-12-27,Valparaíso,Marketplace,Notebooks,Laptop Gamer i7 16GB,982.0,3,0.0,2946.0
ORD-01319,2024-10-15,RM Santiago,Sitio Web,Periféricos,Mouse Inalámbrico Pro,1020.0,3,0.0,3060.0
ORD-01320,2024-07-02,Valparaíso,Marketplace,Monitores,Monitor Gaming 144Hz 27',864.0,3,0.15,2203.2
ORD-01321,2024-01-12,Valparaíso,Sitio Web,Componentes,Memoria RAM 32GB DDR5,1190.0,4,0.05,4522.0
ORD-01322,2024-09-16,Valparaíso,Sitio Web,Periféricos,Teclado Mecánico RGB,1191.0,4,0.05,4525.8
ORD-01323,2024-09-14,RM Santiago,Marketplace,Notebooks,Laptop Gamer i7 16GB,1129.0,7,0.0,7903.0
ORD-01324,2024-08-05,Valparaíso,App Móvil,Notebooks,Ultrabook Ryzen 7,719.0,3,0.05,2049.15
ORD-01325,2024-04-05,Antofagasta,App Móvil,Notebooks,Laptop Gamer i7 16GB,197.0,3,0.1,531.9
ORD-01326,2024-08-23,Valparaíso,Sitio Web,Componentes,Memoria RAM 32GB DDR5,1013.0,2,0.1,1823.4
ORD-01327,2024-05-03,RM Santiago,Marketplace,Componentes,Memoria RAM 32GB DDR5,713.0,6,0.05,4064.1
ORD-01328,2024-11-25,RM Santiago,Marketplace,Componentes,Disco SSD NVMe 2TB,651.0,6,0.1,3515.4
ORD-01329,2024-04-11,RM Santiago,Marketplace,Notebooks,Laptop Gamer i7 16GB,437.0,5,0.0,2185.0
ORD-01330,2024-08-27,Valparaíso,App Móvil,Notebooks,Ultrabook Ryzen 7,783.0,2,0.15,1331.1
ORD-01331,2024-09-26,Antofagasta,Sitio Web,Periféricos,Audífonos Noise Cancelling,528.0,3,0.15,1346.4
ORD-01332,2024-01-26,Biobío,App Móvil,Notebooks,MacBook Pro M3,876.0,1,0.05,832.2
ORD-01333,2024-01-31,Valparaíso,App Móvil,Componentes,Tarjeta de Video RTX 4070,687.0,7,0.0,4809.0
ORD-01334,2024-03-30,RM Santiago,App Móvil,Notebooks,MacBook Pro M3,830.0,4,0.0,3320.0
ORD-01335,2024-03-25,Antofagasta,App Móvil,Notebooks,MacBook Pro M3,648.0,5,0.1,2916.0
ORD-01336,2024-07-06,Biobío,Marketplace,Notebooks,Laptop Gamer i7 16GB,367.0,7,0.0,2569.0
ORD-01337,2024-11-08,Antofagasta,App Móvil,Periféricos,Mouse Inalámbrico Pro,697.0,7,0.05,4635.05
ORD-01338,2024-04-06,Valparaíso,Marketplace,Periféricos,Mouse Inalámbrico Pro,424.0,6,0.15,2162.4
ORD-01339,2024-04-26,Biobío,Marketplace,Monitores,Monitor Gaming 144Hz 27',774.0,3,0.1,2089.8
ORD-01340,2024-12-10,Antofagasta,Sitio Web,Monitores,Monitor 4K 32' UltraWide,404.0,4,0.05,1535.2
ORD-01341,2024-06-27,Biobío,Marketplace,Monitores,Monitor Gaming 144Hz 27',418.0,7,0.1,2633.4
ORD-01342,2024-02-25,RM Santiago,App Móvil,Monitores,Monitor 4K 32' UltraWide,747.0,7,0.15,4444.65
ORD-01343,2024-12-14,Antofagasta,App Móvil,Monitores,Monitor Gaming 144Hz 27',900.0,1,0.15,765.0
ORD-01344,2024-07-02,RM Santiago,Marketplace,Notebooks,Laptop Gamer i7 16GB,677.0,5,0.05,3215.75
ORD-01345,2024-09-18,Valparaíso,App Móvil,Notebooks,Laptop Gamer i7 16GB,1172.0,6,0.15,5977.2
ORD-01346,2024-12-10,RM Santiago,Sitio Web,Periféricos,Teclado Mecánico RGB,646.0,3,0.1,1744.2
ORD-01347,2024-12-15,Antofagasta,Sitio Web,Notebooks,Ultrabook Ryzen 7,185.0,1,0.1,166.5
ORD-01348,2024-09-02,Biobío,Marketplace,Notebooks,Laptop Gamer i7 16GB,653.0,1,0.1,587.7
ORD-01349,2024-10-12,Valparaíso,Sitio Web,Notebooks,MacBook Pro M3,968.0,3,0.1,2613.6
ORD-01350,2024-05-01,Antofagasta,Sitio Web,Periféricos,Teclado Mecánico RGB,80.0,3,0.15,204.0
ORD-01351,2024-07-09,RM Santiago,Marketplace,Componentes,Disco SSD NVMe 2TB,944.0,7,0.15,5616.8
ORD-01352,2024-02-08,Valparaíso,Sitio Web,Periféricos,Audífonos Noise Cancelling,927.0,6,0.15,4727.7
ORD-01353,2024-09-06,Valparaíso,Marketplace,Componentes,Disco SSD NVMe 2TB,783.0,1,0.05,743.85
ORD-01354,2024-02-10,Biobío,Marketplace,Componentes,Tarjeta de Video RTX 4070,612.0,5,0.0,3060.0
ORD-01355,2024-11-20,Valparaíso,App Móvil,Componentes,Disco SSD NVMe 2TB,297.0,2,0.05,564.3
ORD-01356,2024-06-26,Valparaíso,Marketplace,Periféricos,Mouse Inalámbrico Pro,879.0,3,0.15,2241.45
ORD-01357,2024-01-29,Biobío,Marketplace,Periféricos,Teclado Mecánico RGB,640.0,6,0.15,3264.0
ORD-01358,2024-10-18,RM Santiago,App Móvil,Componentes,Memoria RAM 32GB DDR5,752.0,3,0.15,1917.6
ORD-01359,2024-08-01,Antofagasta,Marketplace,Componentes,Memoria RAM 32GB DDR5,439.0,6,0.0,2634.0
ORD-01360,2024-10-23,Biobío,Marketplace,Monitores,Monitor 4K 32' UltraWide,1168.0,5,0.1,5256.0
ORD-01361,2024-08-11,RM Santiago,Marketplace,Notebooks,MacBook Pro M3,205.0,6,0.1,1107.0
ORD-01362,2024-09-17,Valparaíso,App Móvil,Componentes,Tarjeta de Video RTX 4070,124.0,7,0.15,737.8
ORD-01363,2024-12-07,RM Santiago,Sitio Web,Notebooks,Laptop Gamer i7 16GB,971.0,7,0.1,6117.3
ORD-01364,2024-07-11,Antofagasta,Marketplace,Notebooks,Laptop Gamer i7 16GB,884.0,5,0.1,3978.0
ORD-01365,2024-01-14,Biobío,Marketplace,Notebooks,MacBook Pro M3,628.0,4,0.15,2135.2
ORD-01366,2024-02-28,Valparaíso,App Móvil,Componentes,Memoria RAM 32GB DDR5,292.0,3,0.1,788.4
ORD-01367,2024-06-13,RM Santiago,Sitio Web,Monitores,Monitor 4K 32' UltraWide,510.0,6,0.0,3060.0
ORD-01368,2024-08-20,Biobío,App Móvil,Periféricos,Teclado Mecánico RGB,332.0,6,0.0,1992.0
ORD-01369,2024-08-01,Antofagasta,Marketplace,Componentes,Disco SSD NVMe 2TB,518.0,3,0.1,1398.6
ORD-01370,2024-08-02,Biobío,Sitio Web,Notebooks,Laptop Gamer i7 16GB,699.0,2,0.15,1188.3
ORD-01371,2024-07-29,Antofagasta,App Móvil,Notebooks,Laptop Gamer i7 16GB,706.0,1,0.15,600.1
ORD-01372,2024-05-22,Biobío,Sitio Web,Periféricos,Audífonos Noise Cancelling,676.0,2,0.1,1216.8
ORD-01373,2024-09-15,Biobío,Marketplace,Componentes,Memoria RAM 32GB DDR5,540.0,2,0.1,972.0
ORD-01374,2024-05-18,RM Santiago,Sitio Web,Notebooks,MacBook Pro M3,214.0,1,0.0,214.0
ORD-01375,2024-06-16,Valparaíso,App Móvil,Componentes,Disco SSD NVMe 2TB,675.0,6,0.0,4050.0
ORD-01376,2024-08-04,Antofagasta,App Móvil,Notebooks,MacBook Pro M3,1085.0,4,0.1,3906.0
ORD-01377,2024-10-13,Valparaíso,Sitio Web,Componentes,Tarjeta de Video RTX 4070,776.0,7,0.15,4617.2
ORD-01378,2024-07-21,Biobío,Sitio Web,Periféricos,Audífonos Noise Cancelling,719.0,7,0.1,4529.7
ORD-01379,2024-07-24,Valparaíso,Marketplace,Periféricos,Mouse Inalámbrico Pro,1179.0,2,0.05,2240.1
ORD-01380,2024-12-26,Antofagasta,Sitio Web,Periféricos,Mouse Inalámbrico Pro,1187.0,5,0.15,5044.75
ORD-01381,2024-10-03,Antofagasta,App Móvil,Componentes,Tarjeta de Video RTX 4070,1109.0,2,0.1,1996.2
ORD-01382,2024-06-01,Valparaíso,App Móvil,Monitores,Monitor 4K 32' UltraWide,961.0,3,0.1,2594.7
ORD-01383,2024-08-18,Valparaíso,Marketplace,Monitores,Monitor Gaming 144Hz 27',1117.0,2,0.05,2122.3
ORD-01384,2024-06-16,Antofagasta,Marketplace,Monitores,Monitor Gaming 144Hz 27',549.0,3,0.05,1564.65
ORD-01385,2024-11-27,Valparaíso,Sitio Web,Notebooks,Ultrabook Ryzen 7,267.0,7,0.1,1682.1
ORD-01386,2024-07-10,Antofagasta,Marketplace,Monitores,Monitor Gaming 144Hz 27',840.0,1,0.15,714.0
ORD-01387,2024-02-05,Valparaíso,App Móvil,Monitores,Monitor 4K 32' UltraWide,1118.0,2,0.1,2012.4
ORD-01388,2024-09-13,RM Santiago,Marketplace,Componentes,Tarjeta de Video RTX 4070,1028.0,6,0.1,5551.2
ORD-01389,2024-02-10,Valparaíso,Sitio Web,Periféricos,Teclado Mecánico RGB,380.0,3,0.15,969.0
ORD-01390,2024-06-12,Valparaíso,Sitio Web,Componentes,Memoria RAM 32GB DDR5,396.0,7,0.1,2494.8
ORD-01391,2024-08-04,Valparaíso,Marketplace,Componentes,Memoria RAM 32GB DDR5,520.0,7,0.1,3276.0
ORD-01392,2024-11-22,Biobío,App Móvil,Notebooks,Laptop Gamer i7 16GB,810.0,2,0.0,1620.0
ORD-01393,2024-08-15,Valparaíso,Marketplace,Periféricos,Mouse Inalámbrico Pro,993.0,4,0.0,3972.0
ORD-01394,2024-07-22,RM Santiago,App Móvil,Notebooks,Laptop Gamer i7 16GB,465.0,5,0.05,2208.75
ORD-01395,2024-04-23,RM Santiago,Sitio Web,Monitores,Monitor Gaming 144Hz 27',744.0,1,0.1,669.6
ORD-01396,2024-03-24,Biobío,Sitio Web,Notebooks,Ultrabook Ryzen 7,831.0,3,0.05,2368.35
ORD-01397,2024-06-04,RM Santiago,Marketplace,Periféricos,Audífonos Noise Cancelling,766.0,1,0.05,727.7
ORD-01398,2024-12-26,RM Santiago,Sitio Web,Periféricos,Teclado Mecánico RGB,734.0,3,0.05,2091.9
ORD-01399,2024-01-02,Antofagasta,Sitio Web,Periféricos,Mouse Inalámbrico Pro,141.0,7,0.05,937.65
ORD-01400,2024-05-07,Antofagasta,Marketplace,Monitores,Monitor Gaming 144Hz 27',584.0,7,0.15,3474.8
ORD-01401,2024-12-01,Antofagasta,App Móvil,Componentes,Memoria RAM 32GB DDR5,267.0,7,0.05,1775.55
ORD-01402,2024-06-06,Valparaíso,Sitio Web,Periféricos,Audífonos Noise Cancelling,305.0,5,0.05,1448.75
ORD-01403,2024-05-29,Biobío,Marketplace,Notebooks,Laptop Gamer i7 16GB,876.0,6,0.1,4730.4
ORD-01404,2024-09-13,Antofagasta,App Móvil,Periféricos,Mouse Inalámbrico Pro,766.0,6,0.0,4596.0
ORD-01405,2024-07-23,RM Santiago,Sitio Web,Periféricos,Audífonos Noise Cancelling,799.0,4,0.15,2716.6
ORD-01406,2024-03-07,Antofagasta,Marketplace,Notebooks,MacBook Pro M3,931.0,4,0.1,3351.6
ORD-01407,2024-03-21,Biobío,Marketplace,Monitores,Monitor 4K 32' UltraWide,1140.0,1,0.0,1140.0
ORD-01408,2024-04-27,Biobío,Marketplace,Componentes,Tarjeta de Video RTX 4070,119.0,6,0.05,678.3
ORD-01409,2024-04-06,RM Santiago,App Móvil,Monitores,Monitor 4K 32' UltraWide,427.0,3,0.05,1216.95
ORD-01410,2024-12-17,Valparaíso,Marketplace,Monitores,Monitor Gaming 144Hz 27',1192.0,4,0.15,4052.8
ORD-01411,2024-02-24,Valparaíso,Marketplace,Notebooks,MacBook Pro M3,39.0,1,0.15,33.15
ORD-01412,2024-03-11,Valparaíso,Marketplace,Monitores,Monitor Gaming 144Hz 27',948.0,7,0.15,5640.6
ORD-01413,2024-01-18,Valparaíso,Sitio Web,Notebooks,Laptop Gamer i7 16GB,977.0,3,0.0,2931.0
ORD-01414,2024-07-12,Valparaíso,App Móvil,Componentes,Memoria RAM 32GB DDR5,279.0,7,0.0,1953.0
ORD-01415,2024-05-15,Valparaíso,Sitio Web,Monitores,Monitor Gaming 144Hz 27',726.0,3,0.15,1851.3
ORD-01416,2024-07-10,Valparaíso,Sitio Web,Periféricos,Mouse Inalámbrico Pro,1104.0,4,0.1,3974.4
ORD-01417,2024-06-05,RM Santiago,Marketplace,Periféricos,Teclado Mecánico RGB,879.0,3,0.15,2241.45
ORD-01418,2024-11-26,Antofagasta,App Móvil,Monitores,Monitor 4K 32' UltraWide,567.0,5,0.15,2409.75
ORD-01419,2024-04-09,Biobío,App Móvil,Monitores,Monitor 4K 32' UltraWide,54.0,4,0.1,194.4
ORD-01420,2024-07-23,Biobío,Marketplace,Componentes,Disco SSD NVMe 2TB,668.0,1,0.15,567.8
ORD-01421,2024-12-25,Biobío,Marketplace,Periféricos,Audífonos Noise Cancelling,364.0,5,0.1,1638.0
ORD-01422,2024-10-25,Antofagasta,App Móvil,Componentes,Disco SSD NVMe 2TB,478.0,1,0.05,454.1
ORD-01423,2024-11-14,Biobío,Marketplace,Componentes,Disco SSD NVMe 2TB,1079.0,5,0.05,5125.25
ORD-01424,2024-07-23,Biobío,App Móvil,Componentes,Disco SSD NVMe 2TB,76.0,6,0.0,456.0
ORD-01425,2024-07-26,Valparaíso,Sitio Web,Notebooks,Laptop Gamer i7 16GB,960.0,4,0.05,3648.0
ORD-01426,2024-07-27,Biobío,Marketplace,Componentes,Disco SSD NVMe 2TB,412.0,7,0.05,2739.8
ORD-01427,2024-01-12,Biobío,App Móvil,Componentes,Memoria RAM 32GB DDR5,898.0,3,0.0,2694.0
ORD-01428,2024-05-01,Biobío,Marketplace,Componentes,Tarjeta de Video RTX 4070,62.0,3,0.15,158.1
ORD-01429,2024-11-22,Biobío,Sitio Web,Componentes,Disco SSD NVMe 2TB,1020.0,4,0.0,4080.0
ORD-01430,2024-09-09,Biobío,Marketplace,Periféricos,Audífonos Noise Cancelling,161.0,5,0.15,684.25
ORD-01431,2024-08-26,Valparaíso,App Móvil,Componentes,Tarjeta de Video RTX 4070,385.0,3,0.1,1039.5
ORD-01432,2024-08-13,Antofagasta,Sitio Web,Periféricos,Mouse Inalámbrico Pro,678.0,2,0.1,1220.4
ORD-01433,2024-06-26,Antofagasta,Sitio Web,Componentes,Tarjeta de Video RTX 4070,1072.0,3,0.1,2894.4
ORD-01434,2024-04-01,Biobío,Sitio Web,Periféricos,Teclado Mecánico RGB,197.0,4,0.05,748.6
ORD-01435,2024-12-29,Antofagasta,Sitio Web,Notebooks,MacBook Pro M3,638.0,7,0.15,3796.1
ORD-01436,2024-11-26,Valparaíso,App Móvil,Monitores,Monitor Gaming 144Hz 27',1182.0,1,0.0,1182.0
ORD-01437,2024-07-01,Valparaíso,Marketplace,Monitores,Monitor 4K 32' UltraWide,804.0,3,0.1,2170.8
ORD-01438,2024-10-25,RM Santiago,Sitio Web,Periféricos,Teclado Mecánico RGB,1168.0,5,0.1,5256.0
ORD-01439,2024-09-16,RM Santiago,Sitio Web,Componentes,Memoria RAM 32GB DDR5,885.0,2,0.0,1770.0
ORD-01440,2024-07-29,Biobío,App Móvil,Componentes,Tarjeta de Video RTX 4070,265.0,6,0.1,1431.0
ORD-01441,2024-05-14,RM Santiago,App Móvil,Monitores,Monitor 4K 32' UltraWide,776.0,4,0.15,2638.4
ORD-01442,2024-03-03,Antofagasta,Sitio Web,Componentes,Disco SSD NVMe 2TB,986.0,2,0.15,1676.2
ORD-01443,2024-06-26,RM Santiago,App Móvil,Monitores,Monitor 4K 32' UltraWide,306.0,2,0.15,520.2
ORD-01444,2024-05-27,Valparaíso,App Móvil,Monitores,Monitor 4K 32' UltraWide,530.0,4,0.05,2014.0
ORD-01445,2024-01-18,Antofagasta,Marketplace,Componentes,Memoria RAM 32GB DDR5,161.0,5,0.05,764.75
ORD-01446,2024-08-24,Biobío,App Móvil,Periféricos,Teclado Mecánico RGB,634.0,4,0.05,2409.2
ORD-01447,2024-04-05,RM Santiago,Sitio Web,Componentes,Memoria RAM 32GB DDR5,308.0,1,0.1,277.2
ORD-01448,2024-02-05,Biobío,Marketplace,Monitores,Monitor Gaming 144Hz 27',624.0,5,0.05,2964.0
ORD-01449,2024-11-08,RM Santiago,App Móvil,Componentes,Memoria RAM 32GB DDR5,884.0,2,0.15,1502.8
ORD-01450,2024-04-21,Antofagasta,App Móvil,Monitores,Monitor Gaming 144Hz 27',680.0,2,0.0,1360.0
ORD-01451,2024-01-21,Antofagasta,Marketplace,Notebooks,Laptop Gamer i7 16GB,976.0,7,0.0,6832.0
ORD-01452,2024-08-28,Antofagasta,Sitio Web,Monitores,Monitor 4K 32' UltraWide,653.0,6,0.1,3526.2
ORD-01453,2024-06-30,RM Santiago,Sitio Web,Notebooks,Ultrabook Ryzen 7,211.0,4,0.0,844.0
ORD-01454,2024-04-11,RM Santiago,Sitio Web,Periféricos,Teclado Mecánico RGB,819.0,5,0.1,3685.5
ORD-01455,2024-12-08,Antofagasta,Marketplace,Notebooks,MacBook Pro M3,350.0,2,0.05,665.0
ORD-01456,2024-07-12,RM Santiago,Marketplace,Monitores,Monitor Gaming 144Hz 27',230.0,4,0.1,828.0
ORD-01457,2024-08-25,RM Santiago,Sitio Web,Periféricos,Audífonos Noise Cancelling,133.0,6,0.1,718.2
ORD-01458,2024-09-14,Valparaíso,App Móvil,Monitores,Monitor 4K 32' UltraWide,909.0,3,0.1,2454.3
ORD-01459,2024-07-23,Antofagasta,App Móvil,Componentes,Memoria RAM 32GB DDR5,575.0,4,0.0,2300.0
ORD-01460,2024-07-13,Antofagasta,Marketplace,Monitores,Monitor Gaming 144Hz 27',856.0,4,0.0,3424.0
ORD-01461,2024-08-05,RM Santiago,App Móvil,Monitores,Monitor 4K 32' UltraWide,538.0,6,0.0,3228.0
ORD-01462,2024-08-22,Biobío,Sitio Web,Notebooks,Ultrabook Ryzen 7,254.0,4,0.1,914.4
ORD-01463,2024-11-03,Valparaíso,Marketplace,Componentes,Memoria RAM 32GB DDR5,59.0,7,0.05,392.35
ORD-01464,2024-08-17,Biobío,Marketplace,Periféricos,Mouse Inalámbrico Pro,605.0,7,0.1,3811.5
ORD-01465,2024-03-07,RM Santiago,App Móvil,Notebooks,Laptop Gamer i7 16GB,908.0,1,0.1,817.2
ORD-01466,2024-12-27,Valparaíso,App Móvil,Notebooks,Ultrabook Ryzen 7,934.0,2,0.0,1868.0
ORD-01467,2024-11-24,Antofagasta,Sitio Web,Componentes,Disco SSD NVMe 2TB,498.0,1,0.15,423.3
ORD-01468,2024-09-23,RM Santiago,Sitio Web,Monitores,Monitor 4K 32' UltraWide,606.0,4,0.0,2424.0
ORD-01469,2024-10-19,Biobío,App Móvil,Notebooks,MacBook Pro M3,958.0,3,0.1,2586.6
ORD-01470,2024-05-06,Biobío,Marketplace,Periféricos,Audífonos Noise Cancelling,559.0,6,0.1,3018.6
ORD-01471,2024-08-08,Valparaíso,App Móvil,Notebooks,Ultrabook Ryzen 7,860.0,4,0.15,2924.0
ORD-01472,2024-10-20,Valparaíso,Sitio Web,Componentes,Tarjeta de Video RTX 4070,619.0,5,0.0,3095.0
ORD-01473,2024-06-27,RM Santiago,Marketplace,Periféricos,Mouse Inalámbrico Pro,293.0,2,0.05,556.7
ORD-01474,2024-09-03,Biobío,Sitio Web,Periféricos,Mouse Inalámbrico Pro,1162.0,3,0.15,2963.1
ORD-01475,2024-07-31,Valparaíso,Marketplace,Periféricos,Mouse Inalámbrico Pro,384.0,4,0.0,1536.0
ORD-01476,2024-06-03,Valparaíso,App Móvil,Monitores,Monitor Gaming 144Hz 27',961.0,2,0.05,1825.9
ORD-01477,2024-09-27,Biobío,App Móvil,Monitores,Monitor 4K 32' UltraWide,121.0,4,0.15,411.4
ORD-01478,2024-04-11,Biobío,Marketplace,Componentes,Disco SSD NVMe 2TB,60.0,3,0.15,153.0
ORD-01479,2024-02-03,RM Santiago,Marketplace,Monitores,Monitor Gaming 144Hz 27',1156.0,2,0.1,2080.8
ORD-01480,2024-01-03,Biobío,Sitio Web,Periféricos,Teclado Mecánico RGB,933.0,2,0.05,1772.7
ORD-01481,2024-08-25,RM Santiago,App Móvil,Componentes,Disco SSD NVMe 2TB,920.0,1,0.05,874.0
ORD-01482,2024-02-14,Valparaíso,App Móvil,Periféricos,Mouse Inalámbrico Pro,286.0,3,0.15,729.3
ORD-01483,2024-08-28,Valparaíso,Sitio Web,Notebooks,Laptop Gamer i7 16GB,260.0,1,0.1,234.0
ORD-01484,2024-12-29,Biobío,App Móvil,Notebooks,Ultrabook Ryzen 7,862.0,6,0.15,4396.2
ORD-01485,2024-01-24,Valparaíso,Sitio Web,Componentes,Disco SSD NVMe 2TB,1050.0,1,0.1,945.0
ORD-01486,2024-09-24,RM Santiago,App Móvil,Notebooks,Ultrabook Ryzen 7,112.0,7,0.15,666.4
ORD-01487,2024-08-15,RM Santiago,Sitio Web,Componentes,Memoria RAM 32GB DDR5,1149.0,6,0.1,6204.6
ORD-01488,2024-10-21,Valparaíso,Marketplace,Componentes,Tarjeta de Video RTX 4070,1052.0,6,0.0,6312.0
ORD-01489,2024-01-23,Valparaíso,Sitio Web,Monitores,Monitor 4K 32' UltraWide,643.0,2,0.05,1221.7
ORD-01490,2024-02-02,Biobío,App Móvil,Notebooks,Laptop Gamer i7 16GB,666.0,1,0.1,599.4
ORD-01491,2024-06-06,Valparaíso,Marketplace,Componentes,Tarjeta de Video RTX 4070,246.0,2,0.1,442.8
ORD-01492,2024-02-06,Antofagasta,Marketplace,Notebooks,Ultrabook Ryzen 7,214.0,2,0.0,428.0
ORD-01493,2024-08-27,RM Santiago,Sitio Web,Periféricos,Mouse Inalámbrico Pro,247.0,1,0.0,247.0
ORD-01494,2024-03-11,Biobío,Marketplace,Notebooks,Laptop Gamer i7 16GB,1168.0,7,0.1,7358.4
ORD-01495,2024-04-27,Valparaíso,Sitio Web,Monitores,Monitor Gaming 144Hz 27',148.0,4,0.15,503.2
ORD-01496,2024-02-01,Antofagasta,Marketplace,Monitores,Monitor 4K 32' UltraWide,839.0,6,0.05,4782.3
ORD-01497,2024-07-31,Antofagasta,Marketplace,Notebooks,MacBook Pro M3,542.0,6,0.0,3252.0
ORD-01498,2024-02-14,Biobío,App Móvil,Componentes,Tarjeta de Video RTX 4070,883.0,6,0.0,5298.0
ORD-01499,2024-02-13,RM Santiago,Marketplace,Monitores,Monitor 4K 32' UltraWide,209.0,5,0.15,888.25
ORD-01500,2024-07-26,Antofagasta,Sitio Web,Componentes,Tarjeta de Video RTX 4070,184.0,7,0.0,1288.0
